Analysis & Synthesis report for top_de1_soc
Tue Sep  1 01:03:35 2026
Quartus Prime Version 25.1std.0 Build 1129 10/21/2025 SC Lite Edition


---------------------
; Table of Contents ;
---------------------
  1. Legal Notice
  2. Analysis & Synthesis Summary
  3. Analysis & Synthesis Settings
  4. Parallel Compilation
  5. Analysis & Synthesis Source Files Read
  6. Analysis & Synthesis Resource Usage Summary
  7. Analysis & Synthesis Resource Utilization by Entity
  8. State Machine - |top_de1_soc|state
  9. Registers Removed During Synthesis
 10. General Register Statistics
 11. Multiplexer Restructuring Statistics (Restructuring Performed)
 12. Port Connectivity Checks: "background_engine:background"
 13. Port Connectivity Checks: "vga_timing:timing"
 14. Post-Synthesis Netlist Statistics for Top Partition
 15. Elapsed Time Per Partition
 16. Analysis & Synthesis Messages



----------------
; Legal Notice ;
----------------
Copyright (C) 2025  Altera Corporation. All rights reserved.
Your use of Altera Corporation's design tools, logic functions 
and other software and tools, and any partner logic 
functions, and any output files from any of the foregoing 
(including device programming or simulation files), and any 
associated documentation or information are expressly subject 
to the terms and conditions of the Altera Program License 
Subscription Agreement, the Altera Quartus Prime License Agreement,
the Altera IP License Agreement, or other applicable license
agreement, including, without limitation, that your use is for
the sole purpose of programming logic devices manufactured by
Altera and sold by Altera or its authorized distributors.  Please
refer to the Altera Software License Subscription Agreements 
on the Quartus Prime software download page.



+-----------------------------------------------------------------------------------+
; Analysis & Synthesis Summary                                                      ;
+---------------------------------+-------------------------------------------------+
; Analysis & Synthesis Status     ; Successful - Tue Sep  1 01:03:34 2026           ;
; Quartus Prime Version           ; 25.1std.0 Build 1129 10/21/2025 SC Lite Edition ;
; Revision Name                   ; top_de1_soc                                     ;
; Top-level Entity Name           ; top_de1_soc                                     ;
; Family                          ; Cyclone V                                       ;
; Logic utilization (in ALMs)     ; N/A                                             ;
; Total registers                 ; 3959                                            ;
; Total pins                      ; 34                                              ;
; Total virtual pins              ; 0                                               ;
; Total block memory bits         ; 0                                               ;
; Total DSP Blocks                ; 0                                               ;
; Total HSSI RX PCSs              ; 0                                               ;
; Total HSSI PMA RX Deserializers ; 0                                               ;
; Total HSSI TX PCSs              ; 0                                               ;
; Total HSSI PMA TX Serializers   ; 0                                               ;
; Total PLLs                      ; 0                                               ;
; Total DLLs                      ; 0                                               ;
+---------------------------------+-------------------------------------------------+


+---------------------------------------------------------------------------------------------------------------------------+
; Analysis & Synthesis Settings                                                                                             ;
+---------------------------------------------------------------------------------+--------------------+--------------------+
; Option                                                                          ; Setting            ; Default Value      ;
+---------------------------------------------------------------------------------+--------------------+--------------------+
; Device                                                                          ; 5CSEMA5F31C6       ;                    ;
; Top-level entity name                                                           ; top_de1_soc        ; top_de1_soc        ;
; Family name                                                                     ; Cyclone V          ; Cyclone V          ;
; Use smart compilation                                                           ; Off                ; Off                ;
; Enable parallel Assembler and Timing Analyzer during compilation                ; On                 ; On                 ;
; Enable compact report table                                                     ; Off                ; Off                ;
; Restructure Multiplexers                                                        ; Auto               ; Auto               ;
; MLAB Add Timing Constraints For Mixed-Port Feed-Through Mode Setting Don't Care ; Off                ; Off                ;
; Create Debugging Nodes for IP Cores                                             ; Off                ; Off                ;
; Preserve fewer node names                                                       ; On                 ; On                 ;
; Intel FPGA IP Evaluation Mode                                                   ; Enable             ; Enable             ;
; Verilog Version                                                                 ; Verilog_2001       ; Verilog_2001       ;
; VHDL Version                                                                    ; VHDL_1993          ; VHDL_1993          ;
; State Machine Processing                                                        ; Auto               ; Auto               ;
; Safe State Machine                                                              ; Off                ; Off                ;
; Extract Verilog State Machines                                                  ; On                 ; On                 ;
; Extract VHDL State Machines                                                     ; On                 ; On                 ;
; Ignore Verilog initial constructs                                               ; Off                ; Off                ;
; Iteration limit for constant Verilog loops                                      ; 5000               ; 5000               ;
; Iteration limit for non-constant Verilog loops                                  ; 250                ; 250                ;
; Add Pass-Through Logic to Inferred RAMs                                         ; On                 ; On                 ;
; Infer RAMs from Raw Logic                                                       ; On                 ; On                 ;
; Parallel Synthesis                                                              ; On                 ; On                 ;
; DSP Block Balancing                                                             ; Auto               ; Auto               ;
; NOT Gate Push-Back                                                              ; On                 ; On                 ;
; Power-Up Don't Care                                                             ; On                 ; On                 ;
; Remove Redundant Logic Cells                                                    ; Off                ; Off                ;
; Remove Duplicate Registers                                                      ; On                 ; On                 ;
; Ignore CARRY Buffers                                                            ; Off                ; Off                ;
; Ignore CASCADE Buffers                                                          ; Off                ; Off                ;
; Ignore GLOBAL Buffers                                                           ; Off                ; Off                ;
; Ignore ROW GLOBAL Buffers                                                       ; Off                ; Off                ;
; Ignore LCELL Buffers                                                            ; Off                ; Off                ;
; Ignore SOFT Buffers                                                             ; On                 ; On                 ;
; Limit AHDL Integers to 32 Bits                                                  ; Off                ; Off                ;
; Optimization Technique                                                          ; Balanced           ; Balanced           ;
; Carry Chain Length                                                              ; 70                 ; 70                 ;
; Auto Carry Chains                                                               ; On                 ; On                 ;
; Auto Open-Drain Pins                                                            ; On                 ; On                 ;
; Perform WYSIWYG Primitive Resynthesis                                           ; Off                ; Off                ;
; Auto ROM Replacement                                                            ; On                 ; On                 ;
; Auto RAM Replacement                                                            ; On                 ; On                 ;
; Auto DSP Block Replacement                                                      ; On                 ; On                 ;
; Auto Shift Register Replacement                                                 ; Auto               ; Auto               ;
; Allow Shift Register Merging across Hierarchies                                 ; Auto               ; Auto               ;
; Auto Clock Enable Replacement                                                   ; On                 ; On                 ;
; Strict RAM Replacement                                                          ; Off                ; Off                ;
; Allow Synchronous Control Signals                                               ; On                 ; On                 ;
; Force Use of Synchronous Clear Signals                                          ; Off                ; Off                ;
; Auto Resource Sharing                                                           ; Off                ; Off                ;
; Allow Any RAM Size For Recognition                                              ; Off                ; Off                ;
; Allow Any ROM Size For Recognition                                              ; Off                ; Off                ;
; Allow Any Shift Register Size For Recognition                                   ; Off                ; Off                ;
; Use LogicLock Constraints during Resource Balancing                             ; On                 ; On                 ;
; Ignore translate_off and synthesis_off directives                               ; Off                ; Off                ;
; Timing-Driven Synthesis                                                         ; On                 ; On                 ;
; Report Parameter Settings                                                       ; On                 ; On                 ;
; Report Source Assignments                                                       ; On                 ; On                 ;
; Report Connectivity Checks                                                      ; On                 ; On                 ;
; Ignore Maximum Fan-Out Assignments                                              ; Off                ; Off                ;
; Synchronization Register Chain Length                                           ; 3                  ; 3                  ;
; Power Optimization During Synthesis                                             ; Normal compilation ; Normal compilation ;
; HDL message level                                                               ; Level2             ; Level2             ;
; Suppress Register Optimization Related Messages                                 ; Off                ; Off                ;
; Number of Removed Registers Reported in Synthesis Report                        ; 5000               ; 5000               ;
; Number of Swept Nodes Reported in Synthesis Report                              ; 5000               ; 5000               ;
; Number of Inverted Registers Reported in Synthesis Report                       ; 100                ; 100                ;
; Clock MUX Protection                                                            ; On                 ; On                 ;
; Auto Gated Clock Conversion                                                     ; Off                ; Off                ;
; Block Design Naming                                                             ; Auto               ; Auto               ;
; SDC constraint protection                                                       ; Off                ; Off                ;
; Synthesis Effort                                                                ; Auto               ; Auto               ;
; Shift Register Replacement - Allow Asynchronous Clear Signal                    ; On                 ; On                 ;
; Pre-Mapping Resynthesis Optimization                                            ; Off                ; Off                ;
; Analysis & Synthesis Message Level                                              ; Medium             ; Medium             ;
; Disable Register Merging Across Hierarchies                                     ; Auto               ; Auto               ;
; Resource Aware Inference For Block RAM                                          ; On                 ; On                 ;
; Automatic Parallel Synthesis                                                    ; On                 ; On                 ;
; Partial Reconfiguration Bitstream ID                                            ; Off                ; Off                ;
+---------------------------------------------------------------------------------+--------------------+--------------------+


+------------------------------------------+
; Parallel Compilation                     ;
+----------------------------+-------------+
; Processors                 ; Number      ;
+----------------------------+-------------+
; Number detected on machine ; 12          ;
; Maximum allowed            ; 8           ;
;                            ;             ;
; Average used               ; 1.00        ;
; Maximum used               ; 8           ;
;                            ;             ;
; Usage by Processor         ; % Time Used ;
;     Processor 1            ; 100.0%      ;
;     Processor 2            ;   0.0%      ;
;     Processor 3            ;   0.0%      ;
;     Processor 4            ;   0.0%      ;
;     Processor 5            ;   0.0%      ;
;     Processor 6            ;   0.0%      ;
;     Processor 7            ;   0.0%      ;
;     Processor 8            ;   0.0%      ;
+----------------------------+-------------+


+-------------------------------------------------------------------------------------------------------------------------------------------------------------------------------------------------------+
; Analysis & Synthesis Source Files Read                                                                                                                                                                ;
+----------------------------------+-----------------+---------------------------------------+------------------------------------------------------------------------------------------------+---------+
; File Name with User-Entered Path ; Used in Netlist ; File Type                             ; File Name with Absolute Path                                                                   ; Library ;
+----------------------------------+-----------------+---------------------------------------+------------------------------------------------------------------------------------------------+---------+
; tiles.hex                        ; yes             ; User Hexadecimal (Intel-Format) File  ; C:/Users/User/Desktop/Programas/PBL SD 26.2/PBL-SD-26.2/pbl_gpuv2_restored/tiles.hex           ;         ;
; tilemap.hex                      ; yes             ; User Hexadecimal (Intel-Format) File  ; C:/Users/User/Desktop/Programas/PBL SD 26.2/PBL-SD-26.2/pbl_gpuv2_restored/tilemap.hex         ;         ;
; palette.hex                      ; yes             ; User Hexadecimal (Intel-Format) File  ; C:/Users/User/Desktop/Programas/PBL SD 26.2/PBL-SD-26.2/pbl_gpuv2_restored/palette.hex         ;         ;
; vga_timing.v                     ; yes             ; User Verilog HDL File                 ; C:/Users/User/Desktop/Programas/PBL SD 26.2/PBL-SD-26.2/pbl_gpuv2_restored/vga_timing.v        ;         ;
; top_de1_soc.v                    ; yes             ; User Verilog HDL File                 ; C:/Users/User/Desktop/Programas/PBL SD 26.2/PBL-SD-26.2/pbl_gpuv2_restored/top_de1_soc.v       ;         ;
; background_engine.v              ; yes             ; User Verilog HDL File                 ; C:/Users/User/Desktop/Programas/PBL SD 26.2/PBL-SD-26.2/pbl_gpuv2_restored/background_engine.v ;         ;
; tilemap_memory.v                 ; yes             ; User Verilog HDL File                 ; C:/Users/User/Desktop/Programas/PBL SD 26.2/PBL-SD-26.2/pbl_gpuv2_restored/tilemap_memory.v    ;         ;
; tile_memory.v                    ; yes             ; User Verilog HDL File                 ; C:/Users/User/Desktop/Programas/PBL SD 26.2/PBL-SD-26.2/pbl_gpuv2_restored/tile_memory.v       ;         ;
; palette.v                        ; yes             ; User Verilog HDL File                 ; C:/Users/User/Desktop/Programas/PBL SD 26.2/PBL-SD-26.2/pbl_gpuv2_restored/palette.v           ;         ;
+----------------------------------+-----------------+---------------------------------------+------------------------------------------------------------------------------------------------+---------+


+-----------------------------------------------------------+
; Analysis & Synthesis Resource Usage Summary               ;
+---------------------------------------------+-------------+
; Resource                                    ; Usage       ;
+---------------------------------------------+-------------+
; Estimate of Logic utilization (ALMs needed) ; 3584        ;
;                                             ;             ;
; Combinational ALUT usage for logic          ; 3412        ;
;     -- 7 input functions                    ; 76          ;
;     -- 6 input functions                    ; 2604        ;
;     -- 5 input functions                    ; 118         ;
;     -- 4 input functions                    ; 47          ;
;     -- <=3 input functions                  ; 567         ;
;                                             ;             ;
; Dedicated logic registers                   ; 3959        ;
;                                             ;             ;
; I/O pins                                    ; 34          ;
;                                             ;             ;
; Total DSP Blocks                            ; 0           ;
;                                             ;             ;
; Maximum fan-out node                        ; pixel_clock ;
; Maximum fan-out                             ; 3960        ;
; Total fan-out                               ; 29300       ;
; Average fan-out                             ; 3.94        ;
+---------------------------------------------+-------------+


+--------------------------------------------------------------------------------------------------------------------------------------------------------------------------------------------------------------------------------------------------+
; Analysis & Synthesis Resource Utilization by Entity                                                                                                                                                                                              ;
+-----------------------------------+---------------------+---------------------------+-------------------+------------+------+--------------+------------------------------------------------------------------+-------------------+--------------+
; Compilation Hierarchy Node        ; Combinational ALUTs ; Dedicated Logic Registers ; Block Memory Bits ; DSP Blocks ; Pins ; Virtual Pins ; Full Hierarchy Name                                              ; Entity Name       ; Library Name ;
+-----------------------------------+---------------------+---------------------------+-------------------+------------+------+--------------+------------------------------------------------------------------+-------------------+--------------+
; |top_de1_soc                      ; 3412 (59)           ; 3959 (29)                 ; 0                 ; 0          ; 34   ; 0            ; |top_de1_soc                                                     ; top_de1_soc       ; work         ;
;    |background_engine:background| ; 3322 (8)            ; 3910 (0)                  ; 0                 ; 0          ; 0    ; 0            ; |top_de1_soc|background_engine:background                        ; background_engine ; work         ;
;       |tile_memory:tiles|         ; 198 (198)           ; 0 (0)                     ; 0                 ; 0          ; 0    ; 0            ; |top_de1_soc|background_engine:background|tile_memory:tiles      ; tile_memory       ; work         ;
;       |tilemap_memory:tilemap|    ; 3116 (3116)         ; 3910 (3910)               ; 0                 ; 0          ; 0    ; 0            ; |top_de1_soc|background_engine:background|tilemap_memory:tilemap ; tilemap_memory    ; work         ;
;    |vga_timing:timing|            ; 31 (31)             ; 20 (20)                   ; 0                 ; 0          ; 0    ; 0            ; |top_de1_soc|vga_timing:timing                                   ; vga_timing        ; work         ;
+-----------------------------------+---------------------+---------------------------+-------------------+------------+------+--------------+------------------------------------------------------------------+-------------------+--------------+
Note: For table entries with two numbers listed, the numbers in parentheses indicate the number of resources of the given type used by the specific entity alone. The numbers listed outside of parentheses indicate the total resources of the given type used by the specific entity and all of its sub-entities in the hierarchy.


Encoding Type:  One-Hot
+--------------------------------------------------------------------------------------------------+
; State Machine - |top_de1_soc|state                                                               ;
+--------------------------+------------------------+--------------------------+-------------------+
; Name                     ; state.STATE_WAIT_PRESS ; state.STATE_WAIT_RELEASE ; state.STATE_WRITE ;
+--------------------------+------------------------+--------------------------+-------------------+
; state.STATE_WAIT_PRESS   ; 0                      ; 0                        ; 0                 ;
; state.STATE_WRITE        ; 1                      ; 0                        ; 1                 ;
; state.STATE_WAIT_RELEASE ; 1                      ; 1                        ; 0                 ;
+--------------------------+------------------------+--------------------------+-------------------+


+----------------------------------------------------------------------------------------------------------+
; Registers Removed During Synthesis                                                                       ;
+-----------------------------------------------------------------+----------------------------------------+
; Register name                                                   ; Reason for Removal                     ;
+-----------------------------------------------------------------+----------------------------------------+
; background_engine:background|tilemap_memory:tilemap|memory~3    ; Stuck at GND due to stuck port data_in ;
; background_engine:background|tilemap_memory:tilemap|memory~11   ; Stuck at GND due to stuck port data_in ;
; background_engine:background|tilemap_memory:tilemap|memory~19   ; Stuck at GND due to stuck port data_in ;
; background_engine:background|tilemap_memory:tilemap|memory~27   ; Stuck at GND due to stuck port data_in ;
; background_engine:background|tilemap_memory:tilemap|memory~35   ; Stuck at GND due to stuck port data_in ;
; background_engine:background|tilemap_memory:tilemap|memory~43   ; Stuck at GND due to stuck port data_in ;
; background_engine:background|tilemap_memory:tilemap|memory~51   ; Stuck at GND due to stuck port data_in ;
; background_engine:background|tilemap_memory:tilemap|memory~59   ; Stuck at GND due to stuck port data_in ;
; background_engine:background|tilemap_memory:tilemap|memory~67   ; Stuck at GND due to stuck port data_in ;
; background_engine:background|tilemap_memory:tilemap|memory~75   ; Stuck at GND due to stuck port data_in ;
; background_engine:background|tilemap_memory:tilemap|memory~83   ; Stuck at GND due to stuck port data_in ;
; background_engine:background|tilemap_memory:tilemap|memory~91   ; Stuck at GND due to stuck port data_in ;
; background_engine:background|tilemap_memory:tilemap|memory~99   ; Stuck at GND due to stuck port data_in ;
; background_engine:background|tilemap_memory:tilemap|memory~107  ; Stuck at GND due to stuck port data_in ;
; background_engine:background|tilemap_memory:tilemap|memory~115  ; Stuck at GND due to stuck port data_in ;
; background_engine:background|tilemap_memory:tilemap|memory~123  ; Stuck at GND due to stuck port data_in ;
; background_engine:background|tilemap_memory:tilemap|memory~131  ; Stuck at GND due to stuck port data_in ;
; background_engine:background|tilemap_memory:tilemap|memory~139  ; Stuck at GND due to stuck port data_in ;
; background_engine:background|tilemap_memory:tilemap|memory~147  ; Stuck at GND due to stuck port data_in ;
; background_engine:background|tilemap_memory:tilemap|memory~155  ; Stuck at GND due to stuck port data_in ;
; background_engine:background|tilemap_memory:tilemap|memory~163  ; Stuck at GND due to stuck port data_in ;
; background_engine:background|tilemap_memory:tilemap|memory~171  ; Stuck at GND due to stuck port data_in ;
; background_engine:background|tilemap_memory:tilemap|memory~179  ; Stuck at GND due to stuck port data_in ;
; background_engine:background|tilemap_memory:tilemap|memory~187  ; Stuck at GND due to stuck port data_in ;
; background_engine:background|tilemap_memory:tilemap|memory~195  ; Stuck at GND due to stuck port data_in ;
; background_engine:background|tilemap_memory:tilemap|memory~203  ; Stuck at GND due to stuck port data_in ;
; background_engine:background|tilemap_memory:tilemap|memory~211  ; Stuck at GND due to stuck port data_in ;
; background_engine:background|tilemap_memory:tilemap|memory~219  ; Stuck at GND due to stuck port data_in ;
; background_engine:background|tilemap_memory:tilemap|memory~227  ; Stuck at GND due to stuck port data_in ;
; background_engine:background|tilemap_memory:tilemap|memory~235  ; Stuck at GND due to stuck port data_in ;
; background_engine:background|tilemap_memory:tilemap|memory~243  ; Stuck at GND due to stuck port data_in ;
; background_engine:background|tilemap_memory:tilemap|memory~251  ; Stuck at GND due to stuck port data_in ;
; background_engine:background|tilemap_memory:tilemap|memory~259  ; Stuck at GND due to stuck port data_in ;
; background_engine:background|tilemap_memory:tilemap|memory~267  ; Stuck at GND due to stuck port data_in ;
; background_engine:background|tilemap_memory:tilemap|memory~275  ; Stuck at GND due to stuck port data_in ;
; background_engine:background|tilemap_memory:tilemap|memory~283  ; Stuck at GND due to stuck port data_in ;
; background_engine:background|tilemap_memory:tilemap|memory~291  ; Stuck at GND due to stuck port data_in ;
; background_engine:background|tilemap_memory:tilemap|memory~299  ; Stuck at GND due to stuck port data_in ;
; background_engine:background|tilemap_memory:tilemap|memory~307  ; Stuck at GND due to stuck port data_in ;
; background_engine:background|tilemap_memory:tilemap|memory~315  ; Stuck at GND due to stuck port data_in ;
; background_engine:background|tilemap_memory:tilemap|memory~323  ; Stuck at GND due to stuck port data_in ;
; background_engine:background|tilemap_memory:tilemap|memory~331  ; Stuck at GND due to stuck port data_in ;
; background_engine:background|tilemap_memory:tilemap|memory~339  ; Stuck at GND due to stuck port data_in ;
; background_engine:background|tilemap_memory:tilemap|memory~347  ; Stuck at GND due to stuck port data_in ;
; background_engine:background|tilemap_memory:tilemap|memory~355  ; Stuck at GND due to stuck port data_in ;
; background_engine:background|tilemap_memory:tilemap|memory~363  ; Stuck at GND due to stuck port data_in ;
; background_engine:background|tilemap_memory:tilemap|memory~371  ; Stuck at GND due to stuck port data_in ;
; background_engine:background|tilemap_memory:tilemap|memory~379  ; Stuck at GND due to stuck port data_in ;
; background_engine:background|tilemap_memory:tilemap|memory~387  ; Stuck at GND due to stuck port data_in ;
; background_engine:background|tilemap_memory:tilemap|memory~395  ; Stuck at GND due to stuck port data_in ;
; background_engine:background|tilemap_memory:tilemap|memory~403  ; Stuck at GND due to stuck port data_in ;
; background_engine:background|tilemap_memory:tilemap|memory~411  ; Stuck at GND due to stuck port data_in ;
; background_engine:background|tilemap_memory:tilemap|memory~419  ; Stuck at GND due to stuck port data_in ;
; background_engine:background|tilemap_memory:tilemap|memory~427  ; Stuck at GND due to stuck port data_in ;
; background_engine:background|tilemap_memory:tilemap|memory~435  ; Stuck at GND due to stuck port data_in ;
; background_engine:background|tilemap_memory:tilemap|memory~443  ; Stuck at GND due to stuck port data_in ;
; background_engine:background|tilemap_memory:tilemap|memory~451  ; Stuck at GND due to stuck port data_in ;
; background_engine:background|tilemap_memory:tilemap|memory~459  ; Stuck at GND due to stuck port data_in ;
; background_engine:background|tilemap_memory:tilemap|memory~467  ; Stuck at GND due to stuck port data_in ;
; background_engine:background|tilemap_memory:tilemap|memory~475  ; Stuck at GND due to stuck port data_in ;
; background_engine:background|tilemap_memory:tilemap|memory~483  ; Stuck at GND due to stuck port data_in ;
; background_engine:background|tilemap_memory:tilemap|memory~491  ; Stuck at GND due to stuck port data_in ;
; background_engine:background|tilemap_memory:tilemap|memory~499  ; Stuck at GND due to stuck port data_in ;
; background_engine:background|tilemap_memory:tilemap|memory~507  ; Stuck at GND due to stuck port data_in ;
; background_engine:background|tilemap_memory:tilemap|memory~515  ; Stuck at GND due to stuck port data_in ;
; background_engine:background|tilemap_memory:tilemap|memory~523  ; Stuck at GND due to stuck port data_in ;
; background_engine:background|tilemap_memory:tilemap|memory~531  ; Stuck at GND due to stuck port data_in ;
; background_engine:background|tilemap_memory:tilemap|memory~539  ; Stuck at GND due to stuck port data_in ;
; background_engine:background|tilemap_memory:tilemap|memory~547  ; Stuck at GND due to stuck port data_in ;
; background_engine:background|tilemap_memory:tilemap|memory~555  ; Stuck at GND due to stuck port data_in ;
; background_engine:background|tilemap_memory:tilemap|memory~563  ; Stuck at GND due to stuck port data_in ;
; background_engine:background|tilemap_memory:tilemap|memory~571  ; Stuck at GND due to stuck port data_in ;
; background_engine:background|tilemap_memory:tilemap|memory~579  ; Stuck at GND due to stuck port data_in ;
; background_engine:background|tilemap_memory:tilemap|memory~587  ; Stuck at GND due to stuck port data_in ;
; background_engine:background|tilemap_memory:tilemap|memory~595  ; Stuck at GND due to stuck port data_in ;
; background_engine:background|tilemap_memory:tilemap|memory~603  ; Stuck at GND due to stuck port data_in ;
; background_engine:background|tilemap_memory:tilemap|memory~611  ; Stuck at GND due to stuck port data_in ;
; background_engine:background|tilemap_memory:tilemap|memory~619  ; Stuck at GND due to stuck port data_in ;
; background_engine:background|tilemap_memory:tilemap|memory~627  ; Stuck at GND due to stuck port data_in ;
; background_engine:background|tilemap_memory:tilemap|memory~635  ; Stuck at GND due to stuck port data_in ;
; background_engine:background|tilemap_memory:tilemap|memory~643  ; Stuck at GND due to stuck port data_in ;
; background_engine:background|tilemap_memory:tilemap|memory~651  ; Stuck at GND due to stuck port data_in ;
; background_engine:background|tilemap_memory:tilemap|memory~659  ; Stuck at GND due to stuck port data_in ;
; background_engine:background|tilemap_memory:tilemap|memory~667  ; Stuck at GND due to stuck port data_in ;
; background_engine:background|tilemap_memory:tilemap|memory~675  ; Stuck at GND due to stuck port data_in ;
; background_engine:background|tilemap_memory:tilemap|memory~683  ; Stuck at GND due to stuck port data_in ;
; background_engine:background|tilemap_memory:tilemap|memory~691  ; Stuck at GND due to stuck port data_in ;
; background_engine:background|tilemap_memory:tilemap|memory~699  ; Stuck at GND due to stuck port data_in ;
; background_engine:background|tilemap_memory:tilemap|memory~707  ; Stuck at GND due to stuck port data_in ;
; background_engine:background|tilemap_memory:tilemap|memory~715  ; Stuck at GND due to stuck port data_in ;
; background_engine:background|tilemap_memory:tilemap|memory~723  ; Stuck at GND due to stuck port data_in ;
; background_engine:background|tilemap_memory:tilemap|memory~731  ; Stuck at GND due to stuck port data_in ;
; background_engine:background|tilemap_memory:tilemap|memory~739  ; Stuck at GND due to stuck port data_in ;
; background_engine:background|tilemap_memory:tilemap|memory~747  ; Stuck at GND due to stuck port data_in ;
; background_engine:background|tilemap_memory:tilemap|memory~755  ; Stuck at GND due to stuck port data_in ;
; background_engine:background|tilemap_memory:tilemap|memory~763  ; Stuck at GND due to stuck port data_in ;
; background_engine:background|tilemap_memory:tilemap|memory~771  ; Stuck at GND due to stuck port data_in ;
; background_engine:background|tilemap_memory:tilemap|memory~779  ; Stuck at GND due to stuck port data_in ;
; background_engine:background|tilemap_memory:tilemap|memory~787  ; Stuck at GND due to stuck port data_in ;
; background_engine:background|tilemap_memory:tilemap|memory~795  ; Stuck at GND due to stuck port data_in ;
; background_engine:background|tilemap_memory:tilemap|memory~803  ; Stuck at GND due to stuck port data_in ;
; background_engine:background|tilemap_memory:tilemap|memory~811  ; Stuck at GND due to stuck port data_in ;
; background_engine:background|tilemap_memory:tilemap|memory~819  ; Stuck at GND due to stuck port data_in ;
; background_engine:background|tilemap_memory:tilemap|memory~827  ; Stuck at GND due to stuck port data_in ;
; background_engine:background|tilemap_memory:tilemap|memory~835  ; Stuck at GND due to stuck port data_in ;
; background_engine:background|tilemap_memory:tilemap|memory~843  ; Stuck at GND due to stuck port data_in ;
; background_engine:background|tilemap_memory:tilemap|memory~851  ; Stuck at GND due to stuck port data_in ;
; background_engine:background|tilemap_memory:tilemap|memory~859  ; Stuck at GND due to stuck port data_in ;
; background_engine:background|tilemap_memory:tilemap|memory~867  ; Stuck at GND due to stuck port data_in ;
; background_engine:background|tilemap_memory:tilemap|memory~875  ; Stuck at GND due to stuck port data_in ;
; background_engine:background|tilemap_memory:tilemap|memory~883  ; Stuck at GND due to stuck port data_in ;
; background_engine:background|tilemap_memory:tilemap|memory~891  ; Stuck at GND due to stuck port data_in ;
; background_engine:background|tilemap_memory:tilemap|memory~899  ; Stuck at GND due to stuck port data_in ;
; background_engine:background|tilemap_memory:tilemap|memory~907  ; Stuck at GND due to stuck port data_in ;
; background_engine:background|tilemap_memory:tilemap|memory~915  ; Stuck at GND due to stuck port data_in ;
; background_engine:background|tilemap_memory:tilemap|memory~923  ; Stuck at GND due to stuck port data_in ;
; background_engine:background|tilemap_memory:tilemap|memory~931  ; Stuck at GND due to stuck port data_in ;
; background_engine:background|tilemap_memory:tilemap|memory~939  ; Stuck at GND due to stuck port data_in ;
; background_engine:background|tilemap_memory:tilemap|memory~947  ; Stuck at GND due to stuck port data_in ;
; background_engine:background|tilemap_memory:tilemap|memory~955  ; Stuck at GND due to stuck port data_in ;
; background_engine:background|tilemap_memory:tilemap|memory~963  ; Stuck at GND due to stuck port data_in ;
; background_engine:background|tilemap_memory:tilemap|memory~971  ; Stuck at GND due to stuck port data_in ;
; background_engine:background|tilemap_memory:tilemap|memory~979  ; Stuck at GND due to stuck port data_in ;
; background_engine:background|tilemap_memory:tilemap|memory~987  ; Stuck at GND due to stuck port data_in ;
; background_engine:background|tilemap_memory:tilemap|memory~995  ; Stuck at GND due to stuck port data_in ;
; background_engine:background|tilemap_memory:tilemap|memory~1003 ; Stuck at GND due to stuck port data_in ;
; background_engine:background|tilemap_memory:tilemap|memory~1011 ; Stuck at GND due to stuck port data_in ;
; background_engine:background|tilemap_memory:tilemap|memory~1019 ; Stuck at GND due to stuck port data_in ;
; background_engine:background|tilemap_memory:tilemap|memory~1027 ; Stuck at GND due to stuck port data_in ;
; background_engine:background|tilemap_memory:tilemap|memory~1035 ; Stuck at GND due to stuck port data_in ;
; background_engine:background|tilemap_memory:tilemap|memory~1043 ; Stuck at GND due to stuck port data_in ;
; background_engine:background|tilemap_memory:tilemap|memory~1051 ; Stuck at GND due to stuck port data_in ;
; background_engine:background|tilemap_memory:tilemap|memory~1059 ; Stuck at GND due to stuck port data_in ;
; background_engine:background|tilemap_memory:tilemap|memory~1067 ; Stuck at GND due to stuck port data_in ;
; background_engine:background|tilemap_memory:tilemap|memory~1075 ; Stuck at GND due to stuck port data_in ;
; background_engine:background|tilemap_memory:tilemap|memory~1083 ; Stuck at GND due to stuck port data_in ;
; background_engine:background|tilemap_memory:tilemap|memory~1099 ; Stuck at GND due to stuck port data_in ;
; background_engine:background|tilemap_memory:tilemap|memory~1107 ; Stuck at GND due to stuck port data_in ;
; background_engine:background|tilemap_memory:tilemap|memory~1131 ; Stuck at GND due to stuck port data_in ;
; background_engine:background|tilemap_memory:tilemap|memory~1139 ; Stuck at GND due to stuck port data_in ;
; background_engine:background|tilemap_memory:tilemap|memory~1147 ; Stuck at GND due to stuck port data_in ;
; background_engine:background|tilemap_memory:tilemap|memory~1155 ; Stuck at GND due to stuck port data_in ;
; background_engine:background|tilemap_memory:tilemap|memory~1163 ; Stuck at GND due to stuck port data_in ;
; background_engine:background|tilemap_memory:tilemap|memory~1171 ; Stuck at GND due to stuck port data_in ;
; background_engine:background|tilemap_memory:tilemap|memory~1179 ; Stuck at GND due to stuck port data_in ;
; background_engine:background|tilemap_memory:tilemap|memory~1187 ; Stuck at GND due to stuck port data_in ;
; background_engine:background|tilemap_memory:tilemap|memory~1195 ; Stuck at GND due to stuck port data_in ;
; background_engine:background|tilemap_memory:tilemap|memory~1203 ; Stuck at GND due to stuck port data_in ;
; background_engine:background|tilemap_memory:tilemap|memory~1211 ; Stuck at GND due to stuck port data_in ;
; background_engine:background|tilemap_memory:tilemap|memory~1219 ; Stuck at GND due to stuck port data_in ;
; background_engine:background|tilemap_memory:tilemap|memory~1227 ; Stuck at GND due to stuck port data_in ;
; background_engine:background|tilemap_memory:tilemap|memory~1235 ; Stuck at GND due to stuck port data_in ;
; background_engine:background|tilemap_memory:tilemap|memory~1243 ; Stuck at GND due to stuck port data_in ;
; background_engine:background|tilemap_memory:tilemap|memory~1251 ; Stuck at GND due to stuck port data_in ;
; background_engine:background|tilemap_memory:tilemap|memory~1259 ; Stuck at GND due to stuck port data_in ;
; background_engine:background|tilemap_memory:tilemap|memory~1267 ; Stuck at GND due to stuck port data_in ;
; background_engine:background|tilemap_memory:tilemap|memory~1275 ; Stuck at GND due to stuck port data_in ;
; background_engine:background|tilemap_memory:tilemap|memory~1283 ; Stuck at GND due to stuck port data_in ;
; background_engine:background|tilemap_memory:tilemap|memory~1291 ; Stuck at GND due to stuck port data_in ;
; background_engine:background|tilemap_memory:tilemap|memory~1299 ; Stuck at GND due to stuck port data_in ;
; background_engine:background|tilemap_memory:tilemap|memory~1307 ; Stuck at GND due to stuck port data_in ;
; background_engine:background|tilemap_memory:tilemap|memory~1347 ; Stuck at GND due to stuck port data_in ;
; background_engine:background|tilemap_memory:tilemap|memory~1355 ; Stuck at GND due to stuck port data_in ;
; background_engine:background|tilemap_memory:tilemap|memory~1363 ; Stuck at GND due to stuck port data_in ;
; background_engine:background|tilemap_memory:tilemap|memory~1371 ; Stuck at GND due to stuck port data_in ;
; background_engine:background|tilemap_memory:tilemap|memory~1379 ; Stuck at GND due to stuck port data_in ;
; background_engine:background|tilemap_memory:tilemap|memory~1387 ; Stuck at GND due to stuck port data_in ;
; background_engine:background|tilemap_memory:tilemap|memory~1395 ; Stuck at GND due to stuck port data_in ;
; background_engine:background|tilemap_memory:tilemap|memory~1403 ; Stuck at GND due to stuck port data_in ;
; background_engine:background|tilemap_memory:tilemap|memory~1411 ; Stuck at GND due to stuck port data_in ;
; background_engine:background|tilemap_memory:tilemap|memory~1419 ; Stuck at GND due to stuck port data_in ;
; background_engine:background|tilemap_memory:tilemap|memory~1443 ; Stuck at GND due to stuck port data_in ;
; background_engine:background|tilemap_memory:tilemap|memory~1451 ; Stuck at GND due to stuck port data_in ;
; background_engine:background|tilemap_memory:tilemap|memory~1459 ; Stuck at GND due to stuck port data_in ;
; background_engine:background|tilemap_memory:tilemap|memory~1467 ; Stuck at GND due to stuck port data_in ;
; background_engine:background|tilemap_memory:tilemap|memory~1475 ; Stuck at GND due to stuck port data_in ;
; background_engine:background|tilemap_memory:tilemap|memory~1483 ; Stuck at GND due to stuck port data_in ;
; background_engine:background|tilemap_memory:tilemap|memory~1491 ; Stuck at GND due to stuck port data_in ;
; background_engine:background|tilemap_memory:tilemap|memory~1499 ; Stuck at GND due to stuck port data_in ;
; background_engine:background|tilemap_memory:tilemap|memory~1523 ; Stuck at GND due to stuck port data_in ;
; background_engine:background|tilemap_memory:tilemap|memory~1531 ; Stuck at GND due to stuck port data_in ;
; background_engine:background|tilemap_memory:tilemap|memory~1539 ; Stuck at GND due to stuck port data_in ;
; background_engine:background|tilemap_memory:tilemap|memory~1555 ; Stuck at GND due to stuck port data_in ;
; background_engine:background|tilemap_memory:tilemap|memory~1563 ; Stuck at GND due to stuck port data_in ;
; background_engine:background|tilemap_memory:tilemap|memory~1571 ; Stuck at GND due to stuck port data_in ;
; background_engine:background|tilemap_memory:tilemap|memory~1579 ; Stuck at GND due to stuck port data_in ;
; background_engine:background|tilemap_memory:tilemap|memory~1587 ; Stuck at GND due to stuck port data_in ;
; background_engine:background|tilemap_memory:tilemap|memory~1595 ; Stuck at GND due to stuck port data_in ;
; background_engine:background|tilemap_memory:tilemap|memory~1603 ; Stuck at GND due to stuck port data_in ;
; background_engine:background|tilemap_memory:tilemap|memory~1611 ; Stuck at GND due to stuck port data_in ;
; background_engine:background|tilemap_memory:tilemap|memory~1619 ; Stuck at GND due to stuck port data_in ;
; background_engine:background|tilemap_memory:tilemap|memory~1627 ; Stuck at GND due to stuck port data_in ;
; background_engine:background|tilemap_memory:tilemap|memory~1635 ; Stuck at GND due to stuck port data_in ;
; background_engine:background|tilemap_memory:tilemap|memory~1643 ; Stuck at GND due to stuck port data_in ;
; background_engine:background|tilemap_memory:tilemap|memory~1651 ; Stuck at GND due to stuck port data_in ;
; background_engine:background|tilemap_memory:tilemap|memory~1659 ; Stuck at GND due to stuck port data_in ;
; background_engine:background|tilemap_memory:tilemap|memory~1667 ; Stuck at GND due to stuck port data_in ;
; background_engine:background|tilemap_memory:tilemap|memory~1675 ; Stuck at GND due to stuck port data_in ;
; background_engine:background|tilemap_memory:tilemap|memory~1683 ; Stuck at GND due to stuck port data_in ;
; background_engine:background|tilemap_memory:tilemap|memory~1691 ; Stuck at GND due to stuck port data_in ;
; background_engine:background|tilemap_memory:tilemap|memory~1699 ; Stuck at GND due to stuck port data_in ;
; background_engine:background|tilemap_memory:tilemap|memory~1707 ; Stuck at GND due to stuck port data_in ;
; background_engine:background|tilemap_memory:tilemap|memory~1715 ; Stuck at GND due to stuck port data_in ;
; background_engine:background|tilemap_memory:tilemap|memory~1723 ; Stuck at GND due to stuck port data_in ;
; background_engine:background|tilemap_memory:tilemap|memory~1731 ; Stuck at GND due to stuck port data_in ;
; background_engine:background|tilemap_memory:tilemap|memory~1739 ; Stuck at GND due to stuck port data_in ;
; background_engine:background|tilemap_memory:tilemap|memory~1771 ; Stuck at GND due to stuck port data_in ;
; background_engine:background|tilemap_memory:tilemap|memory~1779 ; Stuck at GND due to stuck port data_in ;
; background_engine:background|tilemap_memory:tilemap|memory~1795 ; Stuck at GND due to stuck port data_in ;
; background_engine:background|tilemap_memory:tilemap|memory~1803 ; Stuck at GND due to stuck port data_in ;
; background_engine:background|tilemap_memory:tilemap|memory~1811 ; Stuck at GND due to stuck port data_in ;
; background_engine:background|tilemap_memory:tilemap|memory~1819 ; Stuck at GND due to stuck port data_in ;
; background_engine:background|tilemap_memory:tilemap|memory~1827 ; Stuck at GND due to stuck port data_in ;
; background_engine:background|tilemap_memory:tilemap|memory~1835 ; Stuck at GND due to stuck port data_in ;
; background_engine:background|tilemap_memory:tilemap|memory~1843 ; Stuck at GND due to stuck port data_in ;
; background_engine:background|tilemap_memory:tilemap|memory~1851 ; Stuck at GND due to stuck port data_in ;
; background_engine:background|tilemap_memory:tilemap|memory~1859 ; Stuck at GND due to stuck port data_in ;
; background_engine:background|tilemap_memory:tilemap|memory~1867 ; Stuck at GND due to stuck port data_in ;
; background_engine:background|tilemap_memory:tilemap|memory~1875 ; Stuck at GND due to stuck port data_in ;
; background_engine:background|tilemap_memory:tilemap|memory~1883 ; Stuck at GND due to stuck port data_in ;
; background_engine:background|tilemap_memory:tilemap|memory~1891 ; Stuck at GND due to stuck port data_in ;
; background_engine:background|tilemap_memory:tilemap|memory~1899 ; Stuck at GND due to stuck port data_in ;
; background_engine:background|tilemap_memory:tilemap|memory~1907 ; Stuck at GND due to stuck port data_in ;
; background_engine:background|tilemap_memory:tilemap|memory~1915 ; Stuck at GND due to stuck port data_in ;
; background_engine:background|tilemap_memory:tilemap|memory~1923 ; Stuck at GND due to stuck port data_in ;
; background_engine:background|tilemap_memory:tilemap|memory~1931 ; Stuck at GND due to stuck port data_in ;
; background_engine:background|tilemap_memory:tilemap|memory~1939 ; Stuck at GND due to stuck port data_in ;
; background_engine:background|tilemap_memory:tilemap|memory~1947 ; Stuck at GND due to stuck port data_in ;
; background_engine:background|tilemap_memory:tilemap|memory~1987 ; Stuck at GND due to stuck port data_in ;
; background_engine:background|tilemap_memory:tilemap|memory~1995 ; Stuck at GND due to stuck port data_in ;
; background_engine:background|tilemap_memory:tilemap|memory~2003 ; Stuck at GND due to stuck port data_in ;
; background_engine:background|tilemap_memory:tilemap|memory~2011 ; Stuck at GND due to stuck port data_in ;
; background_engine:background|tilemap_memory:tilemap|memory~2019 ; Stuck at GND due to stuck port data_in ;
; background_engine:background|tilemap_memory:tilemap|memory~2027 ; Stuck at GND due to stuck port data_in ;
; background_engine:background|tilemap_memory:tilemap|memory~2035 ; Stuck at GND due to stuck port data_in ;
; background_engine:background|tilemap_memory:tilemap|memory~2043 ; Stuck at GND due to stuck port data_in ;
; background_engine:background|tilemap_memory:tilemap|memory~2051 ; Stuck at GND due to stuck port data_in ;
; background_engine:background|tilemap_memory:tilemap|memory~2059 ; Stuck at GND due to stuck port data_in ;
; background_engine:background|tilemap_memory:tilemap|memory~2067 ; Stuck at GND due to stuck port data_in ;
; background_engine:background|tilemap_memory:tilemap|memory~2091 ; Stuck at GND due to stuck port data_in ;
; background_engine:background|tilemap_memory:tilemap|memory~2099 ; Stuck at GND due to stuck port data_in ;
; background_engine:background|tilemap_memory:tilemap|memory~2107 ; Stuck at GND due to stuck port data_in ;
; background_engine:background|tilemap_memory:tilemap|memory~2115 ; Stuck at GND due to stuck port data_in ;
; background_engine:background|tilemap_memory:tilemap|memory~2123 ; Stuck at GND due to stuck port data_in ;
; background_engine:background|tilemap_memory:tilemap|memory~2131 ; Stuck at GND due to stuck port data_in ;
; background_engine:background|tilemap_memory:tilemap|memory~2139 ; Stuck at GND due to stuck port data_in ;
; background_engine:background|tilemap_memory:tilemap|memory~2163 ; Stuck at GND due to stuck port data_in ;
; background_engine:background|tilemap_memory:tilemap|memory~2171 ; Stuck at GND due to stuck port data_in ;
; background_engine:background|tilemap_memory:tilemap|memory~2179 ; Stuck at GND due to stuck port data_in ;
; background_engine:background|tilemap_memory:tilemap|memory~2187 ; Stuck at GND due to stuck port data_in ;
; background_engine:background|tilemap_memory:tilemap|memory~2195 ; Stuck at GND due to stuck port data_in ;
; background_engine:background|tilemap_memory:tilemap|memory~2203 ; Stuck at GND due to stuck port data_in ;
; background_engine:background|tilemap_memory:tilemap|memory~2211 ; Stuck at GND due to stuck port data_in ;
; background_engine:background|tilemap_memory:tilemap|memory~2219 ; Stuck at GND due to stuck port data_in ;
; background_engine:background|tilemap_memory:tilemap|memory~2227 ; Stuck at GND due to stuck port data_in ;
; background_engine:background|tilemap_memory:tilemap|memory~2235 ; Stuck at GND due to stuck port data_in ;
; background_engine:background|tilemap_memory:tilemap|memory~2243 ; Stuck at GND due to stuck port data_in ;
; background_engine:background|tilemap_memory:tilemap|memory~2251 ; Stuck at GND due to stuck port data_in ;
; background_engine:background|tilemap_memory:tilemap|memory~2259 ; Stuck at GND due to stuck port data_in ;
; background_engine:background|tilemap_memory:tilemap|memory~2283 ; Stuck at GND due to stuck port data_in ;
; background_engine:background|tilemap_memory:tilemap|memory~2291 ; Stuck at GND due to stuck port data_in ;
; background_engine:background|tilemap_memory:tilemap|memory~2307 ; Stuck at GND due to stuck port data_in ;
; background_engine:background|tilemap_memory:tilemap|memory~2315 ; Stuck at GND due to stuck port data_in ;
; background_engine:background|tilemap_memory:tilemap|memory~2323 ; Stuck at GND due to stuck port data_in ;
; background_engine:background|tilemap_memory:tilemap|memory~2331 ; Stuck at GND due to stuck port data_in ;
; background_engine:background|tilemap_memory:tilemap|memory~2339 ; Stuck at GND due to stuck port data_in ;
; background_engine:background|tilemap_memory:tilemap|memory~2347 ; Stuck at GND due to stuck port data_in ;
; background_engine:background|tilemap_memory:tilemap|memory~2355 ; Stuck at GND due to stuck port data_in ;
; background_engine:background|tilemap_memory:tilemap|memory~2363 ; Stuck at GND due to stuck port data_in ;
; background_engine:background|tilemap_memory:tilemap|memory~2371 ; Stuck at GND due to stuck port data_in ;
; background_engine:background|tilemap_memory:tilemap|memory~2379 ; Stuck at GND due to stuck port data_in ;
; background_engine:background|tilemap_memory:tilemap|memory~2387 ; Stuck at GND due to stuck port data_in ;
; background_engine:background|tilemap_memory:tilemap|memory~2395 ; Stuck at GND due to stuck port data_in ;
; background_engine:background|tilemap_memory:tilemap|memory~2403 ; Stuck at GND due to stuck port data_in ;
; background_engine:background|tilemap_memory:tilemap|memory~2411 ; Stuck at GND due to stuck port data_in ;
; background_engine:background|tilemap_memory:tilemap|memory~2419 ; Stuck at GND due to stuck port data_in ;
; background_engine:background|tilemap_memory:tilemap|memory~2427 ; Stuck at GND due to stuck port data_in ;
; background_engine:background|tilemap_memory:tilemap|memory~2435 ; Stuck at GND due to stuck port data_in ;
; background_engine:background|tilemap_memory:tilemap|memory~2443 ; Stuck at GND due to stuck port data_in ;
; background_engine:background|tilemap_memory:tilemap|memory~2451 ; Stuck at GND due to stuck port data_in ;
; background_engine:background|tilemap_memory:tilemap|memory~2459 ; Stuck at GND due to stuck port data_in ;
; background_engine:background|tilemap_memory:tilemap|memory~2467 ; Stuck at GND due to stuck port data_in ;
; background_engine:background|tilemap_memory:tilemap|memory~2475 ; Stuck at GND due to stuck port data_in ;
; background_engine:background|tilemap_memory:tilemap|memory~2483 ; Stuck at GND due to stuck port data_in ;
; background_engine:background|tilemap_memory:tilemap|memory~2491 ; Stuck at GND due to stuck port data_in ;
; background_engine:background|tilemap_memory:tilemap|memory~2499 ; Stuck at GND due to stuck port data_in ;
; background_engine:background|tilemap_memory:tilemap|memory~2507 ; Stuck at GND due to stuck port data_in ;
; background_engine:background|tilemap_memory:tilemap|memory~2515 ; Stuck at GND due to stuck port data_in ;
; background_engine:background|tilemap_memory:tilemap|memory~2523 ; Stuck at GND due to stuck port data_in ;
; background_engine:background|tilemap_memory:tilemap|memory~2531 ; Stuck at GND due to stuck port data_in ;
; background_engine:background|tilemap_memory:tilemap|memory~2539 ; Stuck at GND due to stuck port data_in ;
; background_engine:background|tilemap_memory:tilemap|memory~2547 ; Stuck at GND due to stuck port data_in ;
; background_engine:background|tilemap_memory:tilemap|memory~2555 ; Stuck at GND due to stuck port data_in ;
; background_engine:background|tilemap_memory:tilemap|memory~2563 ; Stuck at GND due to stuck port data_in ;
; background_engine:background|tilemap_memory:tilemap|memory~2571 ; Stuck at GND due to stuck port data_in ;
; background_engine:background|tilemap_memory:tilemap|memory~2579 ; Stuck at GND due to stuck port data_in ;
; background_engine:background|tilemap_memory:tilemap|memory~2587 ; Stuck at GND due to stuck port data_in ;
; background_engine:background|tilemap_memory:tilemap|memory~2595 ; Stuck at GND due to stuck port data_in ;
; background_engine:background|tilemap_memory:tilemap|memory~2603 ; Stuck at GND due to stuck port data_in ;
; background_engine:background|tilemap_memory:tilemap|memory~2611 ; Stuck at GND due to stuck port data_in ;
; background_engine:background|tilemap_memory:tilemap|memory~2619 ; Stuck at GND due to stuck port data_in ;
; background_engine:background|tilemap_memory:tilemap|memory~2627 ; Stuck at GND due to stuck port data_in ;
; background_engine:background|tilemap_memory:tilemap|memory~2635 ; Stuck at GND due to stuck port data_in ;
; background_engine:background|tilemap_memory:tilemap|memory~2643 ; Stuck at GND due to stuck port data_in ;
; background_engine:background|tilemap_memory:tilemap|memory~2651 ; Stuck at GND due to stuck port data_in ;
; background_engine:background|tilemap_memory:tilemap|memory~2659 ; Stuck at GND due to stuck port data_in ;
; background_engine:background|tilemap_memory:tilemap|memory~2667 ; Stuck at GND due to stuck port data_in ;
; background_engine:background|tilemap_memory:tilemap|memory~2675 ; Stuck at GND due to stuck port data_in ;
; background_engine:background|tilemap_memory:tilemap|memory~2683 ; Stuck at GND due to stuck port data_in ;
; background_engine:background|tilemap_memory:tilemap|memory~2691 ; Stuck at GND due to stuck port data_in ;
; background_engine:background|tilemap_memory:tilemap|memory~2699 ; Stuck at GND due to stuck port data_in ;
; background_engine:background|tilemap_memory:tilemap|memory~2707 ; Stuck at GND due to stuck port data_in ;
; background_engine:background|tilemap_memory:tilemap|memory~2715 ; Stuck at GND due to stuck port data_in ;
; background_engine:background|tilemap_memory:tilemap|memory~2723 ; Stuck at GND due to stuck port data_in ;
; background_engine:background|tilemap_memory:tilemap|memory~2731 ; Stuck at GND due to stuck port data_in ;
; background_engine:background|tilemap_memory:tilemap|memory~2739 ; Stuck at GND due to stuck port data_in ;
; background_engine:background|tilemap_memory:tilemap|memory~2747 ; Stuck at GND due to stuck port data_in ;
; background_engine:background|tilemap_memory:tilemap|memory~2755 ; Stuck at GND due to stuck port data_in ;
; background_engine:background|tilemap_memory:tilemap|memory~2763 ; Stuck at GND due to stuck port data_in ;
; background_engine:background|tilemap_memory:tilemap|memory~2771 ; Stuck at GND due to stuck port data_in ;
; background_engine:background|tilemap_memory:tilemap|memory~2779 ; Stuck at GND due to stuck port data_in ;
; background_engine:background|tilemap_memory:tilemap|memory~2787 ; Stuck at GND due to stuck port data_in ;
; background_engine:background|tilemap_memory:tilemap|memory~2795 ; Stuck at GND due to stuck port data_in ;
; background_engine:background|tilemap_memory:tilemap|memory~2803 ; Stuck at GND due to stuck port data_in ;
; background_engine:background|tilemap_memory:tilemap|memory~2811 ; Stuck at GND due to stuck port data_in ;
; background_engine:background|tilemap_memory:tilemap|memory~2819 ; Stuck at GND due to stuck port data_in ;
; background_engine:background|tilemap_memory:tilemap|memory~2827 ; Stuck at GND due to stuck port data_in ;
; background_engine:background|tilemap_memory:tilemap|memory~2835 ; Stuck at GND due to stuck port data_in ;
; background_engine:background|tilemap_memory:tilemap|memory~2843 ; Stuck at GND due to stuck port data_in ;
; background_engine:background|tilemap_memory:tilemap|memory~2851 ; Stuck at GND due to stuck port data_in ;
; background_engine:background|tilemap_memory:tilemap|memory~2867 ; Stuck at GND due to stuck port data_in ;
; background_engine:background|tilemap_memory:tilemap|memory~2875 ; Stuck at GND due to stuck port data_in ;
; background_engine:background|tilemap_memory:tilemap|memory~2883 ; Stuck at GND due to stuck port data_in ;
; background_engine:background|tilemap_memory:tilemap|memory~2891 ; Stuck at GND due to stuck port data_in ;
; background_engine:background|tilemap_memory:tilemap|memory~2899 ; Stuck at GND due to stuck port data_in ;
; background_engine:background|tilemap_memory:tilemap|memory~2907 ; Stuck at GND due to stuck port data_in ;
; background_engine:background|tilemap_memory:tilemap|memory~2915 ; Stuck at GND due to stuck port data_in ;
; background_engine:background|tilemap_memory:tilemap|memory~2923 ; Stuck at GND due to stuck port data_in ;
; background_engine:background|tilemap_memory:tilemap|memory~2931 ; Stuck at GND due to stuck port data_in ;
; background_engine:background|tilemap_memory:tilemap|memory~2947 ; Stuck at GND due to stuck port data_in ;
; background_engine:background|tilemap_memory:tilemap|memory~2955 ; Stuck at GND due to stuck port data_in ;
; background_engine:background|tilemap_memory:tilemap|memory~2963 ; Stuck at GND due to stuck port data_in ;
; background_engine:background|tilemap_memory:tilemap|memory~2971 ; Stuck at GND due to stuck port data_in ;
; background_engine:background|tilemap_memory:tilemap|memory~2979 ; Stuck at GND due to stuck port data_in ;
; background_engine:background|tilemap_memory:tilemap|memory~2987 ; Stuck at GND due to stuck port data_in ;
; background_engine:background|tilemap_memory:tilemap|memory~2995 ; Stuck at GND due to stuck port data_in ;
; background_engine:background|tilemap_memory:tilemap|memory~3003 ; Stuck at GND due to stuck port data_in ;
; background_engine:background|tilemap_memory:tilemap|memory~3011 ; Stuck at GND due to stuck port data_in ;
; background_engine:background|tilemap_memory:tilemap|memory~3019 ; Stuck at GND due to stuck port data_in ;
; background_engine:background|tilemap_memory:tilemap|memory~3027 ; Stuck at GND due to stuck port data_in ;
; background_engine:background|tilemap_memory:tilemap|memory~3035 ; Stuck at GND due to stuck port data_in ;
; background_engine:background|tilemap_memory:tilemap|memory~3043 ; Stuck at GND due to stuck port data_in ;
; background_engine:background|tilemap_memory:tilemap|memory~3051 ; Stuck at GND due to stuck port data_in ;
; background_engine:background|tilemap_memory:tilemap|memory~3059 ; Stuck at GND due to stuck port data_in ;
; background_engine:background|tilemap_memory:tilemap|memory~3067 ; Stuck at GND due to stuck port data_in ;
; background_engine:background|tilemap_memory:tilemap|memory~3075 ; Stuck at GND due to stuck port data_in ;
; background_engine:background|tilemap_memory:tilemap|memory~3083 ; Stuck at GND due to stuck port data_in ;
; background_engine:background|tilemap_memory:tilemap|memory~3091 ; Stuck at GND due to stuck port data_in ;
; background_engine:background|tilemap_memory:tilemap|memory~3099 ; Stuck at GND due to stuck port data_in ;
; background_engine:background|tilemap_memory:tilemap|memory~3107 ; Stuck at GND due to stuck port data_in ;
; background_engine:background|tilemap_memory:tilemap|memory~3115 ; Stuck at GND due to stuck port data_in ;
; background_engine:background|tilemap_memory:tilemap|memory~3123 ; Stuck at GND due to stuck port data_in ;
; background_engine:background|tilemap_memory:tilemap|memory~3131 ; Stuck at GND due to stuck port data_in ;
; background_engine:background|tilemap_memory:tilemap|memory~3139 ; Stuck at GND due to stuck port data_in ;
; background_engine:background|tilemap_memory:tilemap|memory~3187 ; Stuck at GND due to stuck port data_in ;
; background_engine:background|tilemap_memory:tilemap|memory~3195 ; Stuck at GND due to stuck port data_in ;
; background_engine:background|tilemap_memory:tilemap|memory~3203 ; Stuck at GND due to stuck port data_in ;
; background_engine:background|tilemap_memory:tilemap|memory~3211 ; Stuck at GND due to stuck port data_in ;
; background_engine:background|tilemap_memory:tilemap|memory~3219 ; Stuck at GND due to stuck port data_in ;
; background_engine:background|tilemap_memory:tilemap|memory~3227 ; Stuck at GND due to stuck port data_in ;
; background_engine:background|tilemap_memory:tilemap|memory~3235 ; Stuck at GND due to stuck port data_in ;
; background_engine:background|tilemap_memory:tilemap|memory~3243 ; Stuck at GND due to stuck port data_in ;
; background_engine:background|tilemap_memory:tilemap|memory~3251 ; Stuck at GND due to stuck port data_in ;
; background_engine:background|tilemap_memory:tilemap|memory~3259 ; Stuck at GND due to stuck port data_in ;
; background_engine:background|tilemap_memory:tilemap|memory~3267 ; Stuck at GND due to stuck port data_in ;
; background_engine:background|tilemap_memory:tilemap|memory~3275 ; Stuck at GND due to stuck port data_in ;
; background_engine:background|tilemap_memory:tilemap|memory~3283 ; Stuck at GND due to stuck port data_in ;
; background_engine:background|tilemap_memory:tilemap|memory~3291 ; Stuck at GND due to stuck port data_in ;
; background_engine:background|tilemap_memory:tilemap|memory~3299 ; Stuck at GND due to stuck port data_in ;
; background_engine:background|tilemap_memory:tilemap|memory~3307 ; Stuck at GND due to stuck port data_in ;
; background_engine:background|tilemap_memory:tilemap|memory~3315 ; Stuck at GND due to stuck port data_in ;
; background_engine:background|tilemap_memory:tilemap|memory~3323 ; Stuck at GND due to stuck port data_in ;
; background_engine:background|tilemap_memory:tilemap|memory~3331 ; Stuck at GND due to stuck port data_in ;
; background_engine:background|tilemap_memory:tilemap|memory~3339 ; Stuck at GND due to stuck port data_in ;
; background_engine:background|tilemap_memory:tilemap|memory~3347 ; Stuck at GND due to stuck port data_in ;
; background_engine:background|tilemap_memory:tilemap|memory~3355 ; Stuck at GND due to stuck port data_in ;
; background_engine:background|tilemap_memory:tilemap|memory~3363 ; Stuck at GND due to stuck port data_in ;
; background_engine:background|tilemap_memory:tilemap|memory~3371 ; Stuck at GND due to stuck port data_in ;
; background_engine:background|tilemap_memory:tilemap|memory~3379 ; Stuck at GND due to stuck port data_in ;
; background_engine:background|tilemap_memory:tilemap|memory~3387 ; Stuck at GND due to stuck port data_in ;
; background_engine:background|tilemap_memory:tilemap|memory~3395 ; Stuck at GND due to stuck port data_in ;
; background_engine:background|tilemap_memory:tilemap|memory~3403 ; Stuck at GND due to stuck port data_in ;
; background_engine:background|tilemap_memory:tilemap|memory~3411 ; Stuck at GND due to stuck port data_in ;
; background_engine:background|tilemap_memory:tilemap|memory~3419 ; Stuck at GND due to stuck port data_in ;
; background_engine:background|tilemap_memory:tilemap|memory~3427 ; Stuck at GND due to stuck port data_in ;
; background_engine:background|tilemap_memory:tilemap|memory~3435 ; Stuck at GND due to stuck port data_in ;
; background_engine:background|tilemap_memory:tilemap|memory~3443 ; Stuck at GND due to stuck port data_in ;
; background_engine:background|tilemap_memory:tilemap|memory~3451 ; Stuck at GND due to stuck port data_in ;
; background_engine:background|tilemap_memory:tilemap|memory~3459 ; Stuck at GND due to stuck port data_in ;
; background_engine:background|tilemap_memory:tilemap|memory~3467 ; Stuck at GND due to stuck port data_in ;
; background_engine:background|tilemap_memory:tilemap|memory~3507 ; Stuck at GND due to stuck port data_in ;
; background_engine:background|tilemap_memory:tilemap|memory~3515 ; Stuck at GND due to stuck port data_in ;
; background_engine:background|tilemap_memory:tilemap|memory~3523 ; Stuck at GND due to stuck port data_in ;
; background_engine:background|tilemap_memory:tilemap|memory~3531 ; Stuck at GND due to stuck port data_in ;
; background_engine:background|tilemap_memory:tilemap|memory~3539 ; Stuck at GND due to stuck port data_in ;
; background_engine:background|tilemap_memory:tilemap|memory~3547 ; Stuck at GND due to stuck port data_in ;
; background_engine:background|tilemap_memory:tilemap|memory~3555 ; Stuck at GND due to stuck port data_in ;
; background_engine:background|tilemap_memory:tilemap|memory~3563 ; Stuck at GND due to stuck port data_in ;
; background_engine:background|tilemap_memory:tilemap|memory~3571 ; Stuck at GND due to stuck port data_in ;
; background_engine:background|tilemap_memory:tilemap|memory~3579 ; Stuck at GND due to stuck port data_in ;
; background_engine:background|tilemap_memory:tilemap|memory~3587 ; Stuck at GND due to stuck port data_in ;
; background_engine:background|tilemap_memory:tilemap|memory~3595 ; Stuck at GND due to stuck port data_in ;
; background_engine:background|tilemap_memory:tilemap|memory~3603 ; Stuck at GND due to stuck port data_in ;
; background_engine:background|tilemap_memory:tilemap|memory~3611 ; Stuck at GND due to stuck port data_in ;
; background_engine:background|tilemap_memory:tilemap|memory~3619 ; Stuck at GND due to stuck port data_in ;
; background_engine:background|tilemap_memory:tilemap|memory~3627 ; Stuck at GND due to stuck port data_in ;
; background_engine:background|tilemap_memory:tilemap|memory~3635 ; Stuck at GND due to stuck port data_in ;
; background_engine:background|tilemap_memory:tilemap|memory~3643 ; Stuck at GND due to stuck port data_in ;
; background_engine:background|tilemap_memory:tilemap|memory~3651 ; Stuck at GND due to stuck port data_in ;
; background_engine:background|tilemap_memory:tilemap|memory~3659 ; Stuck at GND due to stuck port data_in ;
; background_engine:background|tilemap_memory:tilemap|memory~3667 ; Stuck at GND due to stuck port data_in ;
; background_engine:background|tilemap_memory:tilemap|memory~3675 ; Stuck at GND due to stuck port data_in ;
; background_engine:background|tilemap_memory:tilemap|memory~3683 ; Stuck at GND due to stuck port data_in ;
; background_engine:background|tilemap_memory:tilemap|memory~3691 ; Stuck at GND due to stuck port data_in ;
; background_engine:background|tilemap_memory:tilemap|memory~3699 ; Stuck at GND due to stuck port data_in ;
; background_engine:background|tilemap_memory:tilemap|memory~3707 ; Stuck at GND due to stuck port data_in ;
; background_engine:background|tilemap_memory:tilemap|memory~3715 ; Stuck at GND due to stuck port data_in ;
; background_engine:background|tilemap_memory:tilemap|memory~3723 ; Stuck at GND due to stuck port data_in ;
; background_engine:background|tilemap_memory:tilemap|memory~3731 ; Stuck at GND due to stuck port data_in ;
; background_engine:background|tilemap_memory:tilemap|memory~3739 ; Stuck at GND due to stuck port data_in ;
; background_engine:background|tilemap_memory:tilemap|memory~3747 ; Stuck at GND due to stuck port data_in ;
; background_engine:background|tilemap_memory:tilemap|memory~3755 ; Stuck at GND due to stuck port data_in ;
; background_engine:background|tilemap_memory:tilemap|memory~3763 ; Stuck at GND due to stuck port data_in ;
; background_engine:background|tilemap_memory:tilemap|memory~3771 ; Stuck at GND due to stuck port data_in ;
; background_engine:background|tilemap_memory:tilemap|memory~3779 ; Stuck at GND due to stuck port data_in ;
; background_engine:background|tilemap_memory:tilemap|memory~3795 ; Stuck at GND due to stuck port data_in ;
; background_engine:background|tilemap_memory:tilemap|memory~3811 ; Stuck at GND due to stuck port data_in ;
; background_engine:background|tilemap_memory:tilemap|memory~3819 ; Stuck at GND due to stuck port data_in ;
; background_engine:background|tilemap_memory:tilemap|memory~3827 ; Stuck at GND due to stuck port data_in ;
; background_engine:background|tilemap_memory:tilemap|memory~3835 ; Stuck at GND due to stuck port data_in ;
; background_engine:background|tilemap_memory:tilemap|memory~3843 ; Stuck at GND due to stuck port data_in ;
; background_engine:background|tilemap_memory:tilemap|memory~3851 ; Stuck at GND due to stuck port data_in ;
; background_engine:background|tilemap_memory:tilemap|memory~3859 ; Stuck at GND due to stuck port data_in ;
; background_engine:background|tilemap_memory:tilemap|memory~3867 ; Stuck at GND due to stuck port data_in ;
; background_engine:background|tilemap_memory:tilemap|memory~3875 ; Stuck at GND due to stuck port data_in ;
; background_engine:background|tilemap_memory:tilemap|memory~3883 ; Stuck at GND due to stuck port data_in ;
; background_engine:background|tilemap_memory:tilemap|memory~3891 ; Stuck at GND due to stuck port data_in ;
; background_engine:background|tilemap_memory:tilemap|memory~3899 ; Stuck at GND due to stuck port data_in ;
; background_engine:background|tilemap_memory:tilemap|memory~3907 ; Stuck at GND due to stuck port data_in ;
; background_engine:background|tilemap_memory:tilemap|memory~3915 ; Stuck at GND due to stuck port data_in ;
; background_engine:background|tilemap_memory:tilemap|memory~3923 ; Stuck at GND due to stuck port data_in ;
; background_engine:background|tilemap_memory:tilemap|memory~3931 ; Stuck at GND due to stuck port data_in ;
; background_engine:background|tilemap_memory:tilemap|memory~3939 ; Stuck at GND due to stuck port data_in ;
; background_engine:background|tilemap_memory:tilemap|memory~3947 ; Stuck at GND due to stuck port data_in ;
; background_engine:background|tilemap_memory:tilemap|memory~3955 ; Stuck at GND due to stuck port data_in ;
; background_engine:background|tilemap_memory:tilemap|memory~3963 ; Stuck at GND due to stuck port data_in ;
; background_engine:background|tilemap_memory:tilemap|memory~3971 ; Stuck at GND due to stuck port data_in ;
; background_engine:background|tilemap_memory:tilemap|memory~3979 ; Stuck at GND due to stuck port data_in ;
; background_engine:background|tilemap_memory:tilemap|memory~3987 ; Stuck at GND due to stuck port data_in ;
; background_engine:background|tilemap_memory:tilemap|memory~3995 ; Stuck at GND due to stuck port data_in ;
; background_engine:background|tilemap_memory:tilemap|memory~4003 ; Stuck at GND due to stuck port data_in ;
; background_engine:background|tilemap_memory:tilemap|memory~4011 ; Stuck at GND due to stuck port data_in ;
; background_engine:background|tilemap_memory:tilemap|memory~4019 ; Stuck at GND due to stuck port data_in ;
; background_engine:background|tilemap_memory:tilemap|memory~4027 ; Stuck at GND due to stuck port data_in ;
; background_engine:background|tilemap_memory:tilemap|memory~4035 ; Stuck at GND due to stuck port data_in ;
; background_engine:background|tilemap_memory:tilemap|memory~4043 ; Stuck at GND due to stuck port data_in ;
; background_engine:background|tilemap_memory:tilemap|memory~4051 ; Stuck at GND due to stuck port data_in ;
; background_engine:background|tilemap_memory:tilemap|memory~4059 ; Stuck at GND due to stuck port data_in ;
; background_engine:background|tilemap_memory:tilemap|memory~4067 ; Stuck at GND due to stuck port data_in ;
; background_engine:background|tilemap_memory:tilemap|memory~4083 ; Stuck at GND due to stuck port data_in ;
; background_engine:background|tilemap_memory:tilemap|memory~4091 ; Stuck at GND due to stuck port data_in ;
; background_engine:background|tilemap_memory:tilemap|memory~4099 ; Stuck at GND due to stuck port data_in ;
; background_engine:background|tilemap_memory:tilemap|memory~4107 ; Stuck at GND due to stuck port data_in ;
; background_engine:background|tilemap_memory:tilemap|memory~4115 ; Stuck at GND due to stuck port data_in ;
; background_engine:background|tilemap_memory:tilemap|memory~4131 ; Stuck at GND due to stuck port data_in ;
; background_engine:background|tilemap_memory:tilemap|memory~4139 ; Stuck at GND due to stuck port data_in ;
; background_engine:background|tilemap_memory:tilemap|memory~4147 ; Stuck at GND due to stuck port data_in ;
; background_engine:background|tilemap_memory:tilemap|memory~4155 ; Stuck at GND due to stuck port data_in ;
; background_engine:background|tilemap_memory:tilemap|memory~4163 ; Stuck at GND due to stuck port data_in ;
; background_engine:background|tilemap_memory:tilemap|memory~4171 ; Stuck at GND due to stuck port data_in ;
; background_engine:background|tilemap_memory:tilemap|memory~4187 ; Stuck at GND due to stuck port data_in ;
; background_engine:background|tilemap_memory:tilemap|memory~4195 ; Stuck at GND due to stuck port data_in ;
; background_engine:background|tilemap_memory:tilemap|memory~4203 ; Stuck at GND due to stuck port data_in ;
; background_engine:background|tilemap_memory:tilemap|memory~4211 ; Stuck at GND due to stuck port data_in ;
; background_engine:background|tilemap_memory:tilemap|memory~4219 ; Stuck at GND due to stuck port data_in ;
; background_engine:background|tilemap_memory:tilemap|memory~4227 ; Stuck at GND due to stuck port data_in ;
; background_engine:background|tilemap_memory:tilemap|memory~4235 ; Stuck at GND due to stuck port data_in ;
; background_engine:background|tilemap_memory:tilemap|memory~4243 ; Stuck at GND due to stuck port data_in ;
; background_engine:background|tilemap_memory:tilemap|memory~4251 ; Stuck at GND due to stuck port data_in ;
; background_engine:background|tilemap_memory:tilemap|memory~4259 ; Stuck at GND due to stuck port data_in ;
; background_engine:background|tilemap_memory:tilemap|memory~4267 ; Stuck at GND due to stuck port data_in ;
; background_engine:background|tilemap_memory:tilemap|memory~4275 ; Stuck at GND due to stuck port data_in ;
; background_engine:background|tilemap_memory:tilemap|memory~4283 ; Stuck at GND due to stuck port data_in ;
; background_engine:background|tilemap_memory:tilemap|memory~4291 ; Stuck at GND due to stuck port data_in ;
; background_engine:background|tilemap_memory:tilemap|memory~4315 ; Stuck at GND due to stuck port data_in ;
; background_engine:background|tilemap_memory:tilemap|memory~4323 ; Stuck at GND due to stuck port data_in ;
; background_engine:background|tilemap_memory:tilemap|memory~4331 ; Stuck at GND due to stuck port data_in ;
; background_engine:background|tilemap_memory:tilemap|memory~4339 ; Stuck at GND due to stuck port data_in ;
; background_engine:background|tilemap_memory:tilemap|memory~4347 ; Stuck at GND due to stuck port data_in ;
; background_engine:background|tilemap_memory:tilemap|memory~4355 ; Stuck at GND due to stuck port data_in ;
; background_engine:background|tilemap_memory:tilemap|memory~4363 ; Stuck at GND due to stuck port data_in ;
; background_engine:background|tilemap_memory:tilemap|memory~4371 ; Stuck at GND due to stuck port data_in ;
; background_engine:background|tilemap_memory:tilemap|memory~4379 ; Stuck at GND due to stuck port data_in ;
; background_engine:background|tilemap_memory:tilemap|memory~4387 ; Stuck at GND due to stuck port data_in ;
; background_engine:background|tilemap_memory:tilemap|memory~4395 ; Stuck at GND due to stuck port data_in ;
; background_engine:background|tilemap_memory:tilemap|memory~4403 ; Stuck at GND due to stuck port data_in ;
; background_engine:background|tilemap_memory:tilemap|memory~4411 ; Stuck at GND due to stuck port data_in ;
; background_engine:background|tilemap_memory:tilemap|memory~4419 ; Stuck at GND due to stuck port data_in ;
; background_engine:background|tilemap_memory:tilemap|memory~4427 ; Stuck at GND due to stuck port data_in ;
; background_engine:background|tilemap_memory:tilemap|memory~4435 ; Stuck at GND due to stuck port data_in ;
; background_engine:background|tilemap_memory:tilemap|memory~4467 ; Stuck at GND due to stuck port data_in ;
; background_engine:background|tilemap_memory:tilemap|memory~4475 ; Stuck at GND due to stuck port data_in ;
; background_engine:background|tilemap_memory:tilemap|memory~4483 ; Stuck at GND due to stuck port data_in ;
; background_engine:background|tilemap_memory:tilemap|memory~4491 ; Stuck at GND due to stuck port data_in ;
; background_engine:background|tilemap_memory:tilemap|memory~4499 ; Stuck at GND due to stuck port data_in ;
; background_engine:background|tilemap_memory:tilemap|memory~4507 ; Stuck at GND due to stuck port data_in ;
; background_engine:background|tilemap_memory:tilemap|memory~4515 ; Stuck at GND due to stuck port data_in ;
; background_engine:background|tilemap_memory:tilemap|memory~4523 ; Stuck at GND due to stuck port data_in ;
; background_engine:background|tilemap_memory:tilemap|memory~4531 ; Stuck at GND due to stuck port data_in ;
; background_engine:background|tilemap_memory:tilemap|memory~4539 ; Stuck at GND due to stuck port data_in ;
; background_engine:background|tilemap_memory:tilemap|memory~4547 ; Stuck at GND due to stuck port data_in ;
; background_engine:background|tilemap_memory:tilemap|memory~4555 ; Stuck at GND due to stuck port data_in ;
; background_engine:background|tilemap_memory:tilemap|memory~4563 ; Stuck at GND due to stuck port data_in ;
; background_engine:background|tilemap_memory:tilemap|memory~4571 ; Stuck at GND due to stuck port data_in ;
; background_engine:background|tilemap_memory:tilemap|memory~4579 ; Stuck at GND due to stuck port data_in ;
; background_engine:background|tilemap_memory:tilemap|memory~4587 ; Stuck at GND due to stuck port data_in ;
; background_engine:background|tilemap_memory:tilemap|memory~4595 ; Stuck at GND due to stuck port data_in ;
; background_engine:background|tilemap_memory:tilemap|memory~4603 ; Stuck at GND due to stuck port data_in ;
; background_engine:background|tilemap_memory:tilemap|memory~4611 ; Stuck at GND due to stuck port data_in ;
; background_engine:background|tilemap_memory:tilemap|memory~4619 ; Stuck at GND due to stuck port data_in ;
; background_engine:background|tilemap_memory:tilemap|memory~4627 ; Stuck at GND due to stuck port data_in ;
; background_engine:background|tilemap_memory:tilemap|memory~4635 ; Stuck at GND due to stuck port data_in ;
; background_engine:background|tilemap_memory:tilemap|memory~4643 ; Stuck at GND due to stuck port data_in ;
; background_engine:background|tilemap_memory:tilemap|memory~4651 ; Stuck at GND due to stuck port data_in ;
; background_engine:background|tilemap_memory:tilemap|memory~4659 ; Stuck at GND due to stuck port data_in ;
; background_engine:background|tilemap_memory:tilemap|memory~4667 ; Stuck at GND due to stuck port data_in ;
; background_engine:background|tilemap_memory:tilemap|memory~4675 ; Stuck at GND due to stuck port data_in ;
; background_engine:background|tilemap_memory:tilemap|memory~4683 ; Stuck at GND due to stuck port data_in ;
; background_engine:background|tilemap_memory:tilemap|memory~4691 ; Stuck at GND due to stuck port data_in ;
; background_engine:background|tilemap_memory:tilemap|memory~4699 ; Stuck at GND due to stuck port data_in ;
; background_engine:background|tilemap_memory:tilemap|memory~4707 ; Stuck at GND due to stuck port data_in ;
; background_engine:background|tilemap_memory:tilemap|memory~4715 ; Stuck at GND due to stuck port data_in ;
; background_engine:background|tilemap_memory:tilemap|memory~4723 ; Stuck at GND due to stuck port data_in ;
; background_engine:background|tilemap_memory:tilemap|memory~4731 ; Stuck at GND due to stuck port data_in ;
; background_engine:background|tilemap_memory:tilemap|memory~4739 ; Stuck at GND due to stuck port data_in ;
; background_engine:background|tilemap_memory:tilemap|memory~4747 ; Stuck at GND due to stuck port data_in ;
; background_engine:background|tilemap_memory:tilemap|memory~4755 ; Stuck at GND due to stuck port data_in ;
; background_engine:background|tilemap_memory:tilemap|memory~4763 ; Stuck at GND due to stuck port data_in ;
; background_engine:background|tilemap_memory:tilemap|memory~4771 ; Stuck at GND due to stuck port data_in ;
; background_engine:background|tilemap_memory:tilemap|memory~4779 ; Stuck at GND due to stuck port data_in ;
; background_engine:background|tilemap_memory:tilemap|memory~4787 ; Stuck at GND due to stuck port data_in ;
; background_engine:background|tilemap_memory:tilemap|memory~4795 ; Stuck at GND due to stuck port data_in ;
; background_engine:background|tilemap_memory:tilemap|memory~4803 ; Stuck at GND due to stuck port data_in ;
; background_engine:background|tilemap_memory:tilemap|memory~4811 ; Stuck at GND due to stuck port data_in ;
; background_engine:background|tilemap_memory:tilemap|memory~4819 ; Stuck at GND due to stuck port data_in ;
; background_engine:background|tilemap_memory:tilemap|memory~4827 ; Stuck at GND due to stuck port data_in ;
; background_engine:background|tilemap_memory:tilemap|memory~4835 ; Stuck at GND due to stuck port data_in ;
; background_engine:background|tilemap_memory:tilemap|memory~4843 ; Stuck at GND due to stuck port data_in ;
; background_engine:background|tilemap_memory:tilemap|memory~4851 ; Stuck at GND due to stuck port data_in ;
; background_engine:background|tilemap_memory:tilemap|memory~4859 ; Stuck at GND due to stuck port data_in ;
; background_engine:background|tilemap_memory:tilemap|memory~4867 ; Stuck at GND due to stuck port data_in ;
; background_engine:background|tilemap_memory:tilemap|memory~4875 ; Stuck at GND due to stuck port data_in ;
; background_engine:background|tilemap_memory:tilemap|memory~4883 ; Stuck at GND due to stuck port data_in ;
; background_engine:background|tilemap_memory:tilemap|memory~4891 ; Stuck at GND due to stuck port data_in ;
; background_engine:background|tilemap_memory:tilemap|memory~4899 ; Stuck at GND due to stuck port data_in ;
; background_engine:background|tilemap_memory:tilemap|memory~4907 ; Stuck at GND due to stuck port data_in ;
; background_engine:background|tilemap_memory:tilemap|memory~4915 ; Stuck at GND due to stuck port data_in ;
; background_engine:background|tilemap_memory:tilemap|memory~4923 ; Stuck at GND due to stuck port data_in ;
; background_engine:background|tilemap_memory:tilemap|memory~4931 ; Stuck at GND due to stuck port data_in ;
; background_engine:background|tilemap_memory:tilemap|memory~4939 ; Stuck at GND due to stuck port data_in ;
; background_engine:background|tilemap_memory:tilemap|memory~4947 ; Stuck at GND due to stuck port data_in ;
; background_engine:background|tilemap_memory:tilemap|memory~4955 ; Stuck at GND due to stuck port data_in ;
; background_engine:background|tilemap_memory:tilemap|memory~4963 ; Stuck at GND due to stuck port data_in ;
; background_engine:background|tilemap_memory:tilemap|memory~4971 ; Stuck at GND due to stuck port data_in ;
; background_engine:background|tilemap_memory:tilemap|memory~4979 ; Stuck at GND due to stuck port data_in ;
; background_engine:background|tilemap_memory:tilemap|memory~4987 ; Stuck at GND due to stuck port data_in ;
; background_engine:background|tilemap_memory:tilemap|memory~4995 ; Stuck at GND due to stuck port data_in ;
; background_engine:background|tilemap_memory:tilemap|memory~5003 ; Stuck at GND due to stuck port data_in ;
; background_engine:background|tilemap_memory:tilemap|memory~5011 ; Stuck at GND due to stuck port data_in ;
; background_engine:background|tilemap_memory:tilemap|memory~5019 ; Stuck at GND due to stuck port data_in ;
; background_engine:background|tilemap_memory:tilemap|memory~5027 ; Stuck at GND due to stuck port data_in ;
; background_engine:background|tilemap_memory:tilemap|memory~5035 ; Stuck at GND due to stuck port data_in ;
; background_engine:background|tilemap_memory:tilemap|memory~5043 ; Stuck at GND due to stuck port data_in ;
; background_engine:background|tilemap_memory:tilemap|memory~5051 ; Stuck at GND due to stuck port data_in ;
; background_engine:background|tilemap_memory:tilemap|memory~5059 ; Stuck at GND due to stuck port data_in ;
; background_engine:background|tilemap_memory:tilemap|memory~5067 ; Stuck at GND due to stuck port data_in ;
; background_engine:background|tilemap_memory:tilemap|memory~5075 ; Stuck at GND due to stuck port data_in ;
; background_engine:background|tilemap_memory:tilemap|memory~5083 ; Stuck at GND due to stuck port data_in ;
; background_engine:background|tilemap_memory:tilemap|memory~5091 ; Stuck at GND due to stuck port data_in ;
; background_engine:background|tilemap_memory:tilemap|memory~5099 ; Stuck at GND due to stuck port data_in ;
; background_engine:background|tilemap_memory:tilemap|memory~5107 ; Stuck at GND due to stuck port data_in ;
; background_engine:background|tilemap_memory:tilemap|memory~5115 ; Stuck at GND due to stuck port data_in ;
; background_engine:background|tilemap_memory:tilemap|memory~5123 ; Stuck at GND due to stuck port data_in ;
; background_engine:background|tilemap_memory:tilemap|memory~5131 ; Stuck at GND due to stuck port data_in ;
; background_engine:background|tilemap_memory:tilemap|memory~5139 ; Stuck at GND due to stuck port data_in ;
; background_engine:background|tilemap_memory:tilemap|memory~5147 ; Stuck at GND due to stuck port data_in ;
; background_engine:background|tilemap_memory:tilemap|memory~5155 ; Stuck at GND due to stuck port data_in ;
; background_engine:background|tilemap_memory:tilemap|memory~5163 ; Stuck at GND due to stuck port data_in ;
; background_engine:background|tilemap_memory:tilemap|memory~5171 ; Stuck at GND due to stuck port data_in ;
; background_engine:background|tilemap_memory:tilemap|memory~5179 ; Stuck at GND due to stuck port data_in ;
; background_engine:background|tilemap_memory:tilemap|memory~5187 ; Stuck at GND due to stuck port data_in ;
; background_engine:background|tilemap_memory:tilemap|memory~5195 ; Stuck at GND due to stuck port data_in ;
; background_engine:background|tilemap_memory:tilemap|memory~5203 ; Stuck at GND due to stuck port data_in ;
; background_engine:background|tilemap_memory:tilemap|memory~5211 ; Stuck at GND due to stuck port data_in ;
; background_engine:background|tilemap_memory:tilemap|memory~5219 ; Stuck at GND due to stuck port data_in ;
; background_engine:background|tilemap_memory:tilemap|memory~5227 ; Stuck at GND due to stuck port data_in ;
; background_engine:background|tilemap_memory:tilemap|memory~5235 ; Stuck at GND due to stuck port data_in ;
; background_engine:background|tilemap_memory:tilemap|memory~5243 ; Stuck at GND due to stuck port data_in ;
; background_engine:background|tilemap_memory:tilemap|memory~5251 ; Stuck at GND due to stuck port data_in ;
; background_engine:background|tilemap_memory:tilemap|memory~5259 ; Stuck at GND due to stuck port data_in ;
; background_engine:background|tilemap_memory:tilemap|memory~5299 ; Stuck at GND due to stuck port data_in ;
; background_engine:background|tilemap_memory:tilemap|memory~5307 ; Stuck at GND due to stuck port data_in ;
; background_engine:background|tilemap_memory:tilemap|memory~5315 ; Stuck at GND due to stuck port data_in ;
; background_engine:background|tilemap_memory:tilemap|memory~5323 ; Stuck at GND due to stuck port data_in ;
; background_engine:background|tilemap_memory:tilemap|memory~5331 ; Stuck at GND due to stuck port data_in ;
; background_engine:background|tilemap_memory:tilemap|memory~5339 ; Stuck at GND due to stuck port data_in ;
; background_engine:background|tilemap_memory:tilemap|memory~5347 ; Stuck at GND due to stuck port data_in ;
; background_engine:background|tilemap_memory:tilemap|memory~5355 ; Stuck at GND due to stuck port data_in ;
; background_engine:background|tilemap_memory:tilemap|memory~5363 ; Stuck at GND due to stuck port data_in ;
; background_engine:background|tilemap_memory:tilemap|memory~5371 ; Stuck at GND due to stuck port data_in ;
; background_engine:background|tilemap_memory:tilemap|memory~5379 ; Stuck at GND due to stuck port data_in ;
; background_engine:background|tilemap_memory:tilemap|memory~5387 ; Stuck at GND due to stuck port data_in ;
; background_engine:background|tilemap_memory:tilemap|memory~5395 ; Stuck at GND due to stuck port data_in ;
; background_engine:background|tilemap_memory:tilemap|memory~5403 ; Stuck at GND due to stuck port data_in ;
; background_engine:background|tilemap_memory:tilemap|memory~5411 ; Stuck at GND due to stuck port data_in ;
; background_engine:background|tilemap_memory:tilemap|memory~5419 ; Stuck at GND due to stuck port data_in ;
; background_engine:background|tilemap_memory:tilemap|memory~5427 ; Stuck at GND due to stuck port data_in ;
; background_engine:background|tilemap_memory:tilemap|memory~5435 ; Stuck at GND due to stuck port data_in ;
; background_engine:background|tilemap_memory:tilemap|memory~5443 ; Stuck at GND due to stuck port data_in ;
; background_engine:background|tilemap_memory:tilemap|memory~5451 ; Stuck at GND due to stuck port data_in ;
; background_engine:background|tilemap_memory:tilemap|memory~5459 ; Stuck at GND due to stuck port data_in ;
; background_engine:background|tilemap_memory:tilemap|memory~5467 ; Stuck at GND due to stuck port data_in ;
; background_engine:background|tilemap_memory:tilemap|memory~5475 ; Stuck at GND due to stuck port data_in ;
; background_engine:background|tilemap_memory:tilemap|memory~5483 ; Stuck at GND due to stuck port data_in ;
; background_engine:background|tilemap_memory:tilemap|memory~5491 ; Stuck at GND due to stuck port data_in ;
; background_engine:background|tilemap_memory:tilemap|memory~5499 ; Stuck at GND due to stuck port data_in ;
; background_engine:background|tilemap_memory:tilemap|memory~5507 ; Stuck at GND due to stuck port data_in ;
; background_engine:background|tilemap_memory:tilemap|memory~5515 ; Stuck at GND due to stuck port data_in ;
; background_engine:background|tilemap_memory:tilemap|memory~5523 ; Stuck at GND due to stuck port data_in ;
; background_engine:background|tilemap_memory:tilemap|memory~5531 ; Stuck at GND due to stuck port data_in ;
; background_engine:background|tilemap_memory:tilemap|memory~5539 ; Stuck at GND due to stuck port data_in ;
; background_engine:background|tilemap_memory:tilemap|memory~5547 ; Stuck at GND due to stuck port data_in ;
; background_engine:background|tilemap_memory:tilemap|memory~5555 ; Stuck at GND due to stuck port data_in ;
; background_engine:background|tilemap_memory:tilemap|memory~5563 ; Stuck at GND due to stuck port data_in ;
; background_engine:background|tilemap_memory:tilemap|memory~5571 ; Stuck at GND due to stuck port data_in ;
; background_engine:background|tilemap_memory:tilemap|memory~5579 ; Stuck at GND due to stuck port data_in ;
; background_engine:background|tilemap_memory:tilemap|memory~5587 ; Stuck at GND due to stuck port data_in ;
; background_engine:background|tilemap_memory:tilemap|memory~5595 ; Stuck at GND due to stuck port data_in ;
; background_engine:background|tilemap_memory:tilemap|memory~5603 ; Stuck at GND due to stuck port data_in ;
; background_engine:background|tilemap_memory:tilemap|memory~5611 ; Stuck at GND due to stuck port data_in ;
; background_engine:background|tilemap_memory:tilemap|memory~5627 ; Stuck at GND due to stuck port data_in ;
; background_engine:background|tilemap_memory:tilemap|memory~5635 ; Stuck at GND due to stuck port data_in ;
; background_engine:background|tilemap_memory:tilemap|memory~5643 ; Stuck at GND due to stuck port data_in ;
; background_engine:background|tilemap_memory:tilemap|memory~5651 ; Stuck at GND due to stuck port data_in ;
; background_engine:background|tilemap_memory:tilemap|memory~5659 ; Stuck at GND due to stuck port data_in ;
; background_engine:background|tilemap_memory:tilemap|memory~5667 ; Stuck at GND due to stuck port data_in ;
; background_engine:background|tilemap_memory:tilemap|memory~5675 ; Stuck at GND due to stuck port data_in ;
; background_engine:background|tilemap_memory:tilemap|memory~5699 ; Stuck at GND due to stuck port data_in ;
; background_engine:background|tilemap_memory:tilemap|memory~5707 ; Stuck at GND due to stuck port data_in ;
; background_engine:background|tilemap_memory:tilemap|memory~5715 ; Stuck at GND due to stuck port data_in ;
; background_engine:background|tilemap_memory:tilemap|memory~5723 ; Stuck at GND due to stuck port data_in ;
; background_engine:background|tilemap_memory:tilemap|memory~5731 ; Stuck at GND due to stuck port data_in ;
; background_engine:background|tilemap_memory:tilemap|memory~5739 ; Stuck at GND due to stuck port data_in ;
; background_engine:background|tilemap_memory:tilemap|memory~5747 ; Stuck at GND due to stuck port data_in ;
; background_engine:background|tilemap_memory:tilemap|memory~5755 ; Stuck at GND due to stuck port data_in ;
; background_engine:background|tilemap_memory:tilemap|memory~5763 ; Stuck at GND due to stuck port data_in ;
; background_engine:background|tilemap_memory:tilemap|memory~5771 ; Stuck at GND due to stuck port data_in ;
; background_engine:background|tilemap_memory:tilemap|memory~5779 ; Stuck at GND due to stuck port data_in ;
; background_engine:background|tilemap_memory:tilemap|memory~5787 ; Stuck at GND due to stuck port data_in ;
; background_engine:background|tilemap_memory:tilemap|memory~5795 ; Stuck at GND due to stuck port data_in ;
; background_engine:background|tilemap_memory:tilemap|memory~5803 ; Stuck at GND due to stuck port data_in ;
; background_engine:background|tilemap_memory:tilemap|memory~5827 ; Stuck at GND due to stuck port data_in ;
; background_engine:background|tilemap_memory:tilemap|memory~5835 ; Stuck at GND due to stuck port data_in ;
; background_engine:background|tilemap_memory:tilemap|memory~5843 ; Stuck at GND due to stuck port data_in ;
; background_engine:background|tilemap_memory:tilemap|memory~5851 ; Stuck at GND due to stuck port data_in ;
; background_engine:background|tilemap_memory:tilemap|memory~5859 ; Stuck at GND due to stuck port data_in ;
; background_engine:background|tilemap_memory:tilemap|memory~5867 ; Stuck at GND due to stuck port data_in ;
; background_engine:background|tilemap_memory:tilemap|memory~5875 ; Stuck at GND due to stuck port data_in ;
; background_engine:background|tilemap_memory:tilemap|memory~5883 ; Stuck at GND due to stuck port data_in ;
; background_engine:background|tilemap_memory:tilemap|memory~5891 ; Stuck at GND due to stuck port data_in ;
; background_engine:background|tilemap_memory:tilemap|memory~5899 ; Stuck at GND due to stuck port data_in ;
; background_engine:background|tilemap_memory:tilemap|memory~5907 ; Stuck at GND due to stuck port data_in ;
; background_engine:background|tilemap_memory:tilemap|memory~5915 ; Stuck at GND due to stuck port data_in ;
; background_engine:background|tilemap_memory:tilemap|memory~5923 ; Stuck at GND due to stuck port data_in ;
; background_engine:background|tilemap_memory:tilemap|memory~5931 ; Stuck at GND due to stuck port data_in ;
; background_engine:background|tilemap_memory:tilemap|memory~5939 ; Stuck at GND due to stuck port data_in ;
; background_engine:background|tilemap_memory:tilemap|memory~5947 ; Stuck at GND due to stuck port data_in ;
; background_engine:background|tilemap_memory:tilemap|memory~5955 ; Stuck at GND due to stuck port data_in ;
; background_engine:background|tilemap_memory:tilemap|memory~5963 ; Stuck at GND due to stuck port data_in ;
; background_engine:background|tilemap_memory:tilemap|memory~5971 ; Stuck at GND due to stuck port data_in ;
; background_engine:background|tilemap_memory:tilemap|memory~5979 ; Stuck at GND due to stuck port data_in ;
; background_engine:background|tilemap_memory:tilemap|memory~5987 ; Stuck at GND due to stuck port data_in ;
; background_engine:background|tilemap_memory:tilemap|memory~6011 ; Stuck at GND due to stuck port data_in ;
; background_engine:background|tilemap_memory:tilemap|memory~6019 ; Stuck at GND due to stuck port data_in ;
; background_engine:background|tilemap_memory:tilemap|memory~6027 ; Stuck at GND due to stuck port data_in ;
; background_engine:background|tilemap_memory:tilemap|memory~6035 ; Stuck at GND due to stuck port data_in ;
; background_engine:background|tilemap_memory:tilemap|memory~6043 ; Stuck at GND due to stuck port data_in ;
; background_engine:background|tilemap_memory:tilemap|memory~6051 ; Stuck at GND due to stuck port data_in ;
; background_engine:background|tilemap_memory:tilemap|memory~6059 ; Stuck at GND due to stuck port data_in ;
; background_engine:background|tilemap_memory:tilemap|memory~6067 ; Stuck at GND due to stuck port data_in ;
; background_engine:background|tilemap_memory:tilemap|memory~6075 ; Stuck at GND due to stuck port data_in ;
; background_engine:background|tilemap_memory:tilemap|memory~6083 ; Stuck at GND due to stuck port data_in ;
; background_engine:background|tilemap_memory:tilemap|memory~6091 ; Stuck at GND due to stuck port data_in ;
; background_engine:background|tilemap_memory:tilemap|memory~6099 ; Stuck at GND due to stuck port data_in ;
; background_engine:background|tilemap_memory:tilemap|memory~6107 ; Stuck at GND due to stuck port data_in ;
; background_engine:background|tilemap_memory:tilemap|memory~6115 ; Stuck at GND due to stuck port data_in ;
; background_engine:background|tilemap_memory:tilemap|memory~6123 ; Stuck at GND due to stuck port data_in ;
; background_engine:background|tilemap_memory:tilemap|memory~6131 ; Stuck at GND due to stuck port data_in ;
; background_engine:background|tilemap_memory:tilemap|memory~6139 ; Stuck at GND due to stuck port data_in ;
; background_engine:background|tilemap_memory:tilemap|memory~6147 ; Stuck at GND due to stuck port data_in ;
; background_engine:background|tilemap_memory:tilemap|memory~6155 ; Stuck at GND due to stuck port data_in ;
; background_engine:background|tilemap_memory:tilemap|memory~6163 ; Stuck at GND due to stuck port data_in ;
; background_engine:background|tilemap_memory:tilemap|memory~6171 ; Stuck at GND due to stuck port data_in ;
; background_engine:background|tilemap_memory:tilemap|memory~6179 ; Stuck at GND due to stuck port data_in ;
; background_engine:background|tilemap_memory:tilemap|memory~6187 ; Stuck at GND due to stuck port data_in ;
; background_engine:background|tilemap_memory:tilemap|memory~6195 ; Stuck at GND due to stuck port data_in ;
; background_engine:background|tilemap_memory:tilemap|memory~6203 ; Stuck at GND due to stuck port data_in ;
; background_engine:background|tilemap_memory:tilemap|memory~6211 ; Stuck at GND due to stuck port data_in ;
; background_engine:background|tilemap_memory:tilemap|memory~6219 ; Stuck at GND due to stuck port data_in ;
; background_engine:background|tilemap_memory:tilemap|memory~6227 ; Stuck at GND due to stuck port data_in ;
; background_engine:background|tilemap_memory:tilemap|memory~6235 ; Stuck at GND due to stuck port data_in ;
; background_engine:background|tilemap_memory:tilemap|memory~6243 ; Stuck at GND due to stuck port data_in ;
; background_engine:background|tilemap_memory:tilemap|memory~6251 ; Stuck at GND due to stuck port data_in ;
; background_engine:background|tilemap_memory:tilemap|memory~6259 ; Stuck at GND due to stuck port data_in ;
; background_engine:background|tilemap_memory:tilemap|memory~6267 ; Stuck at GND due to stuck port data_in ;
; background_engine:background|tilemap_memory:tilemap|memory~6275 ; Stuck at GND due to stuck port data_in ;
; background_engine:background|tilemap_memory:tilemap|memory~6283 ; Stuck at GND due to stuck port data_in ;
; background_engine:background|tilemap_memory:tilemap|memory~6291 ; Stuck at GND due to stuck port data_in ;
; background_engine:background|tilemap_memory:tilemap|memory~6299 ; Stuck at GND due to stuck port data_in ;
; background_engine:background|tilemap_memory:tilemap|memory~6307 ; Stuck at GND due to stuck port data_in ;
; background_engine:background|tilemap_memory:tilemap|memory~6339 ; Stuck at GND due to stuck port data_in ;
; background_engine:background|tilemap_memory:tilemap|memory~6347 ; Stuck at GND due to stuck port data_in ;
; background_engine:background|tilemap_memory:tilemap|memory~6355 ; Stuck at GND due to stuck port data_in ;
; background_engine:background|tilemap_memory:tilemap|memory~6363 ; Stuck at GND due to stuck port data_in ;
; background_engine:background|tilemap_memory:tilemap|memory~6371 ; Stuck at GND due to stuck port data_in ;
; background_engine:background|tilemap_memory:tilemap|memory~6379 ; Stuck at GND due to stuck port data_in ;
; background_engine:background|tilemap_memory:tilemap|memory~6395 ; Stuck at GND due to stuck port data_in ;
; background_engine:background|tilemap_memory:tilemap|memory~6403 ; Stuck at GND due to stuck port data_in ;
; background_engine:background|tilemap_memory:tilemap|memory~6411 ; Stuck at GND due to stuck port data_in ;
; background_engine:background|tilemap_memory:tilemap|memory~6419 ; Stuck at GND due to stuck port data_in ;
; background_engine:background|tilemap_memory:tilemap|memory~6427 ; Stuck at GND due to stuck port data_in ;
; background_engine:background|tilemap_memory:tilemap|memory~6435 ; Stuck at GND due to stuck port data_in ;
; background_engine:background|tilemap_memory:tilemap|memory~6443 ; Stuck at GND due to stuck port data_in ;
; background_engine:background|tilemap_memory:tilemap|memory~6467 ; Stuck at GND due to stuck port data_in ;
; background_engine:background|tilemap_memory:tilemap|memory~6475 ; Stuck at GND due to stuck port data_in ;
; background_engine:background|tilemap_memory:tilemap|memory~6483 ; Stuck at GND due to stuck port data_in ;
; background_engine:background|tilemap_memory:tilemap|memory~6491 ; Stuck at GND due to stuck port data_in ;
; background_engine:background|tilemap_memory:tilemap|memory~6499 ; Stuck at GND due to stuck port data_in ;
; background_engine:background|tilemap_memory:tilemap|memory~6507 ; Stuck at GND due to stuck port data_in ;
; background_engine:background|tilemap_memory:tilemap|memory~6515 ; Stuck at GND due to stuck port data_in ;
; background_engine:background|tilemap_memory:tilemap|memory~6523 ; Stuck at GND due to stuck port data_in ;
; background_engine:background|tilemap_memory:tilemap|memory~6531 ; Stuck at GND due to stuck port data_in ;
; background_engine:background|tilemap_memory:tilemap|memory~6539 ; Stuck at GND due to stuck port data_in ;
; background_engine:background|tilemap_memory:tilemap|memory~6547 ; Stuck at GND due to stuck port data_in ;
; background_engine:background|tilemap_memory:tilemap|memory~6555 ; Stuck at GND due to stuck port data_in ;
; background_engine:background|tilemap_memory:tilemap|memory~6563 ; Stuck at GND due to stuck port data_in ;
; background_engine:background|tilemap_memory:tilemap|memory~6571 ; Stuck at GND due to stuck port data_in ;
; background_engine:background|tilemap_memory:tilemap|memory~6579 ; Stuck at GND due to stuck port data_in ;
; background_engine:background|tilemap_memory:tilemap|memory~6587 ; Stuck at GND due to stuck port data_in ;
; background_engine:background|tilemap_memory:tilemap|memory~6595 ; Stuck at GND due to stuck port data_in ;
; background_engine:background|tilemap_memory:tilemap|memory~6603 ; Stuck at GND due to stuck port data_in ;
; background_engine:background|tilemap_memory:tilemap|memory~6619 ; Stuck at GND due to stuck port data_in ;
; background_engine:background|tilemap_memory:tilemap|memory~6627 ; Stuck at GND due to stuck port data_in ;
; background_engine:background|tilemap_memory:tilemap|memory~6635 ; Stuck at GND due to stuck port data_in ;
; background_engine:background|tilemap_memory:tilemap|memory~6659 ; Stuck at GND due to stuck port data_in ;
; background_engine:background|tilemap_memory:tilemap|memory~6667 ; Stuck at GND due to stuck port data_in ;
; background_engine:background|tilemap_memory:tilemap|memory~6675 ; Stuck at GND due to stuck port data_in ;
; background_engine:background|tilemap_memory:tilemap|memory~6683 ; Stuck at GND due to stuck port data_in ;
; background_engine:background|tilemap_memory:tilemap|memory~6691 ; Stuck at GND due to stuck port data_in ;
; background_engine:background|tilemap_memory:tilemap|memory~6699 ; Stuck at GND due to stuck port data_in ;
; background_engine:background|tilemap_memory:tilemap|memory~6707 ; Stuck at GND due to stuck port data_in ;
; background_engine:background|tilemap_memory:tilemap|memory~6715 ; Stuck at GND due to stuck port data_in ;
; background_engine:background|tilemap_memory:tilemap|memory~6723 ; Stuck at GND due to stuck port data_in ;
; background_engine:background|tilemap_memory:tilemap|memory~6731 ; Stuck at GND due to stuck port data_in ;
; background_engine:background|tilemap_memory:tilemap|memory~6739 ; Stuck at GND due to stuck port data_in ;
; background_engine:background|tilemap_memory:tilemap|memory~6747 ; Stuck at GND due to stuck port data_in ;
; background_engine:background|tilemap_memory:tilemap|memory~6755 ; Stuck at GND due to stuck port data_in ;
; background_engine:background|tilemap_memory:tilemap|memory~6763 ; Stuck at GND due to stuck port data_in ;
; background_engine:background|tilemap_memory:tilemap|memory~6771 ; Stuck at GND due to stuck port data_in ;
; background_engine:background|tilemap_memory:tilemap|memory~6779 ; Stuck at GND due to stuck port data_in ;
; background_engine:background|tilemap_memory:tilemap|memory~6795 ; Stuck at GND due to stuck port data_in ;
; background_engine:background|tilemap_memory:tilemap|memory~6803 ; Stuck at GND due to stuck port data_in ;
; background_engine:background|tilemap_memory:tilemap|memory~6811 ; Stuck at GND due to stuck port data_in ;
; background_engine:background|tilemap_memory:tilemap|memory~6819 ; Stuck at GND due to stuck port data_in ;
; background_engine:background|tilemap_memory:tilemap|memory~6827 ; Stuck at GND due to stuck port data_in ;
; background_engine:background|tilemap_memory:tilemap|memory~6835 ; Stuck at GND due to stuck port data_in ;
; background_engine:background|tilemap_memory:tilemap|memory~6851 ; Stuck at GND due to stuck port data_in ;
; background_engine:background|tilemap_memory:tilemap|memory~6859 ; Stuck at GND due to stuck port data_in ;
; background_engine:background|tilemap_memory:tilemap|memory~6867 ; Stuck at GND due to stuck port data_in ;
; background_engine:background|tilemap_memory:tilemap|memory~6875 ; Stuck at GND due to stuck port data_in ;
; background_engine:background|tilemap_memory:tilemap|memory~6883 ; Stuck at GND due to stuck port data_in ;
; background_engine:background|tilemap_memory:tilemap|memory~6891 ; Stuck at GND due to stuck port data_in ;
; background_engine:background|tilemap_memory:tilemap|memory~6899 ; Stuck at GND due to stuck port data_in ;
; background_engine:background|tilemap_memory:tilemap|memory~6907 ; Stuck at GND due to stuck port data_in ;
; background_engine:background|tilemap_memory:tilemap|memory~6915 ; Stuck at GND due to stuck port data_in ;
; background_engine:background|tilemap_memory:tilemap|memory~6923 ; Stuck at GND due to stuck port data_in ;
; background_engine:background|tilemap_memory:tilemap|memory~6931 ; Stuck at GND due to stuck port data_in ;
; background_engine:background|tilemap_memory:tilemap|memory~6939 ; Stuck at GND due to stuck port data_in ;
; background_engine:background|tilemap_memory:tilemap|memory~6947 ; Stuck at GND due to stuck port data_in ;
; background_engine:background|tilemap_memory:tilemap|memory~6955 ; Stuck at GND due to stuck port data_in ;
; background_engine:background|tilemap_memory:tilemap|memory~6963 ; Stuck at GND due to stuck port data_in ;
; background_engine:background|tilemap_memory:tilemap|memory~6971 ; Stuck at GND due to stuck port data_in ;
; background_engine:background|tilemap_memory:tilemap|memory~6979 ; Stuck at GND due to stuck port data_in ;
; background_engine:background|tilemap_memory:tilemap|memory~6987 ; Stuck at GND due to stuck port data_in ;
; background_engine:background|tilemap_memory:tilemap|memory~6995 ; Stuck at GND due to stuck port data_in ;
; background_engine:background|tilemap_memory:tilemap|memory~7003 ; Stuck at GND due to stuck port data_in ;
; background_engine:background|tilemap_memory:tilemap|memory~7011 ; Stuck at GND due to stuck port data_in ;
; background_engine:background|tilemap_memory:tilemap|memory~7019 ; Stuck at GND due to stuck port data_in ;
; background_engine:background|tilemap_memory:tilemap|memory~7027 ; Stuck at GND due to stuck port data_in ;
; background_engine:background|tilemap_memory:tilemap|memory~7035 ; Stuck at GND due to stuck port data_in ;
; background_engine:background|tilemap_memory:tilemap|memory~7043 ; Stuck at GND due to stuck port data_in ;
; background_engine:background|tilemap_memory:tilemap|memory~7051 ; Stuck at GND due to stuck port data_in ;
; background_engine:background|tilemap_memory:tilemap|memory~7059 ; Stuck at GND due to stuck port data_in ;
; background_engine:background|tilemap_memory:tilemap|memory~7067 ; Stuck at GND due to stuck port data_in ;
; background_engine:background|tilemap_memory:tilemap|memory~7075 ; Stuck at GND due to stuck port data_in ;
; background_engine:background|tilemap_memory:tilemap|memory~7083 ; Stuck at GND due to stuck port data_in ;
; background_engine:background|tilemap_memory:tilemap|memory~7091 ; Stuck at GND due to stuck port data_in ;
; background_engine:background|tilemap_memory:tilemap|memory~7099 ; Stuck at GND due to stuck port data_in ;
; background_engine:background|tilemap_memory:tilemap|memory~7115 ; Stuck at GND due to stuck port data_in ;
; background_engine:background|tilemap_memory:tilemap|memory~7123 ; Stuck at GND due to stuck port data_in ;
; background_engine:background|tilemap_memory:tilemap|memory~7131 ; Stuck at GND due to stuck port data_in ;
; background_engine:background|tilemap_memory:tilemap|memory~7139 ; Stuck at GND due to stuck port data_in ;
; background_engine:background|tilemap_memory:tilemap|memory~7147 ; Stuck at GND due to stuck port data_in ;
; background_engine:background|tilemap_memory:tilemap|memory~7155 ; Stuck at GND due to stuck port data_in ;
; background_engine:background|tilemap_memory:tilemap|memory~7163 ; Stuck at GND due to stuck port data_in ;
; background_engine:background|tilemap_memory:tilemap|memory~7171 ; Stuck at GND due to stuck port data_in ;
; background_engine:background|tilemap_memory:tilemap|memory~7179 ; Stuck at GND due to stuck port data_in ;
; background_engine:background|tilemap_memory:tilemap|memory~7187 ; Stuck at GND due to stuck port data_in ;
; background_engine:background|tilemap_memory:tilemap|memory~7195 ; Stuck at GND due to stuck port data_in ;
; background_engine:background|tilemap_memory:tilemap|memory~7203 ; Stuck at GND due to stuck port data_in ;
; background_engine:background|tilemap_memory:tilemap|memory~7211 ; Stuck at GND due to stuck port data_in ;
; background_engine:background|tilemap_memory:tilemap|memory~7219 ; Stuck at GND due to stuck port data_in ;
; background_engine:background|tilemap_memory:tilemap|memory~7227 ; Stuck at GND due to stuck port data_in ;
; background_engine:background|tilemap_memory:tilemap|memory~7235 ; Stuck at GND due to stuck port data_in ;
; background_engine:background|tilemap_memory:tilemap|memory~7243 ; Stuck at GND due to stuck port data_in ;
; background_engine:background|tilemap_memory:tilemap|memory~7251 ; Stuck at GND due to stuck port data_in ;
; background_engine:background|tilemap_memory:tilemap|memory~7259 ; Stuck at GND due to stuck port data_in ;
; background_engine:background|tilemap_memory:tilemap|memory~7267 ; Stuck at GND due to stuck port data_in ;
; background_engine:background|tilemap_memory:tilemap|memory~7275 ; Stuck at GND due to stuck port data_in ;
; background_engine:background|tilemap_memory:tilemap|memory~7283 ; Stuck at GND due to stuck port data_in ;
; background_engine:background|tilemap_memory:tilemap|memory~7291 ; Stuck at GND due to stuck port data_in ;
; background_engine:background|tilemap_memory:tilemap|memory~7299 ; Stuck at GND due to stuck port data_in ;
; background_engine:background|tilemap_memory:tilemap|memory~7307 ; Stuck at GND due to stuck port data_in ;
; background_engine:background|tilemap_memory:tilemap|memory~7315 ; Stuck at GND due to stuck port data_in ;
; background_engine:background|tilemap_memory:tilemap|memory~7323 ; Stuck at GND due to stuck port data_in ;
; background_engine:background|tilemap_memory:tilemap|memory~7331 ; Stuck at GND due to stuck port data_in ;
; background_engine:background|tilemap_memory:tilemap|memory~7339 ; Stuck at GND due to stuck port data_in ;
; background_engine:background|tilemap_memory:tilemap|memory~7347 ; Stuck at GND due to stuck port data_in ;
; background_engine:background|tilemap_memory:tilemap|memory~7355 ; Stuck at GND due to stuck port data_in ;
; background_engine:background|tilemap_memory:tilemap|memory~7363 ; Stuck at GND due to stuck port data_in ;
; background_engine:background|tilemap_memory:tilemap|memory~7371 ; Stuck at GND due to stuck port data_in ;
; background_engine:background|tilemap_memory:tilemap|memory~7379 ; Stuck at GND due to stuck port data_in ;
; background_engine:background|tilemap_memory:tilemap|memory~7395 ; Stuck at GND due to stuck port data_in ;
; background_engine:background|tilemap_memory:tilemap|memory~7403 ; Stuck at GND due to stuck port data_in ;
; background_engine:background|tilemap_memory:tilemap|memory~7411 ; Stuck at GND due to stuck port data_in ;
; background_engine:background|tilemap_memory:tilemap|memory~7419 ; Stuck at GND due to stuck port data_in ;
; background_engine:background|tilemap_memory:tilemap|memory~7427 ; Stuck at GND due to stuck port data_in ;
; background_engine:background|tilemap_memory:tilemap|memory~7435 ; Stuck at GND due to stuck port data_in ;
; background_engine:background|tilemap_memory:tilemap|memory~7443 ; Stuck at GND due to stuck port data_in ;
; background_engine:background|tilemap_memory:tilemap|memory~7451 ; Stuck at GND due to stuck port data_in ;
; background_engine:background|tilemap_memory:tilemap|memory~7459 ; Stuck at GND due to stuck port data_in ;
; background_engine:background|tilemap_memory:tilemap|memory~7467 ; Stuck at GND due to stuck port data_in ;
; background_engine:background|tilemap_memory:tilemap|memory~7475 ; Stuck at GND due to stuck port data_in ;
; background_engine:background|tilemap_memory:tilemap|memory~7483 ; Stuck at GND due to stuck port data_in ;
; background_engine:background|tilemap_memory:tilemap|memory~7491 ; Stuck at GND due to stuck port data_in ;
; background_engine:background|tilemap_memory:tilemap|memory~7499 ; Stuck at GND due to stuck port data_in ;
; background_engine:background|tilemap_memory:tilemap|memory~7507 ; Stuck at GND due to stuck port data_in ;
; background_engine:background|tilemap_memory:tilemap|memory~7515 ; Stuck at GND due to stuck port data_in ;
; background_engine:background|tilemap_memory:tilemap|memory~7523 ; Stuck at GND due to stuck port data_in ;
; background_engine:background|tilemap_memory:tilemap|memory~7531 ; Stuck at GND due to stuck port data_in ;
; background_engine:background|tilemap_memory:tilemap|memory~7539 ; Stuck at GND due to stuck port data_in ;
; background_engine:background|tilemap_memory:tilemap|memory~7547 ; Stuck at GND due to stuck port data_in ;
; background_engine:background|tilemap_memory:tilemap|memory~7555 ; Stuck at GND due to stuck port data_in ;
; background_engine:background|tilemap_memory:tilemap|memory~7563 ; Stuck at GND due to stuck port data_in ;
; background_engine:background|tilemap_memory:tilemap|memory~7571 ; Stuck at GND due to stuck port data_in ;
; background_engine:background|tilemap_memory:tilemap|memory~7579 ; Stuck at GND due to stuck port data_in ;
; background_engine:background|tilemap_memory:tilemap|memory~7587 ; Stuck at GND due to stuck port data_in ;
; background_engine:background|tilemap_memory:tilemap|memory~7595 ; Stuck at GND due to stuck port data_in ;
; background_engine:background|tilemap_memory:tilemap|memory~7603 ; Stuck at GND due to stuck port data_in ;
; background_engine:background|tilemap_memory:tilemap|memory~7611 ; Stuck at GND due to stuck port data_in ;
; background_engine:background|tilemap_memory:tilemap|memory~7619 ; Stuck at GND due to stuck port data_in ;
; background_engine:background|tilemap_memory:tilemap|memory~7627 ; Stuck at GND due to stuck port data_in ;
; background_engine:background|tilemap_memory:tilemap|memory~7635 ; Stuck at GND due to stuck port data_in ;
; background_engine:background|tilemap_memory:tilemap|memory~7643 ; Stuck at GND due to stuck port data_in ;
; background_engine:background|tilemap_memory:tilemap|memory~7651 ; Stuck at GND due to stuck port data_in ;
; background_engine:background|tilemap_memory:tilemap|memory~7659 ; Stuck at GND due to stuck port data_in ;
; background_engine:background|tilemap_memory:tilemap|memory~7667 ; Stuck at GND due to stuck port data_in ;
; background_engine:background|tilemap_memory:tilemap|memory~7675 ; Stuck at GND due to stuck port data_in ;
; background_engine:background|tilemap_memory:tilemap|memory~7683 ; Stuck at GND due to stuck port data_in ;
; background_engine:background|tilemap_memory:tilemap|memory~7691 ; Stuck at GND due to stuck port data_in ;
; background_engine:background|tilemap_memory:tilemap|memory~7699 ; Stuck at GND due to stuck port data_in ;
; background_engine:background|tilemap_memory:tilemap|memory~7707 ; Stuck at GND due to stuck port data_in ;
; background_engine:background|tilemap_memory:tilemap|memory~7715 ; Stuck at GND due to stuck port data_in ;
; background_engine:background|tilemap_memory:tilemap|memory~7723 ; Stuck at GND due to stuck port data_in ;
; background_engine:background|tilemap_memory:tilemap|memory~7731 ; Stuck at GND due to stuck port data_in ;
; background_engine:background|tilemap_memory:tilemap|memory~7739 ; Stuck at GND due to stuck port data_in ;
; background_engine:background|tilemap_memory:tilemap|memory~7747 ; Stuck at GND due to stuck port data_in ;
; background_engine:background|tilemap_memory:tilemap|memory~7755 ; Stuck at GND due to stuck port data_in ;
; background_engine:background|tilemap_memory:tilemap|memory~7763 ; Stuck at GND due to stuck port data_in ;
; background_engine:background|tilemap_memory:tilemap|memory~7771 ; Stuck at GND due to stuck port data_in ;
; background_engine:background|tilemap_memory:tilemap|memory~7779 ; Stuck at GND due to stuck port data_in ;
; background_engine:background|tilemap_memory:tilemap|memory~7787 ; Stuck at GND due to stuck port data_in ;
; background_engine:background|tilemap_memory:tilemap|memory~7795 ; Stuck at GND due to stuck port data_in ;
; background_engine:background|tilemap_memory:tilemap|memory~7803 ; Stuck at GND due to stuck port data_in ;
; background_engine:background|tilemap_memory:tilemap|memory~7811 ; Stuck at GND due to stuck port data_in ;
; background_engine:background|tilemap_memory:tilemap|memory~7819 ; Stuck at GND due to stuck port data_in ;
; background_engine:background|tilemap_memory:tilemap|memory~7827 ; Stuck at GND due to stuck port data_in ;
; background_engine:background|tilemap_memory:tilemap|memory~7835 ; Stuck at GND due to stuck port data_in ;
; background_engine:background|tilemap_memory:tilemap|memory~7843 ; Stuck at GND due to stuck port data_in ;
; background_engine:background|tilemap_memory:tilemap|memory~7851 ; Stuck at GND due to stuck port data_in ;
; background_engine:background|tilemap_memory:tilemap|memory~7859 ; Stuck at GND due to stuck port data_in ;
; background_engine:background|tilemap_memory:tilemap|memory~7867 ; Stuck at GND due to stuck port data_in ;
; background_engine:background|tilemap_memory:tilemap|memory~7875 ; Stuck at GND due to stuck port data_in ;
; background_engine:background|tilemap_memory:tilemap|memory~7883 ; Stuck at GND due to stuck port data_in ;
; background_engine:background|tilemap_memory:tilemap|memory~7891 ; Stuck at GND due to stuck port data_in ;
; background_engine:background|tilemap_memory:tilemap|memory~7899 ; Stuck at GND due to stuck port data_in ;
; background_engine:background|tilemap_memory:tilemap|memory~7907 ; Stuck at GND due to stuck port data_in ;
; background_engine:background|tilemap_memory:tilemap|memory~7915 ; Stuck at GND due to stuck port data_in ;
; background_engine:background|tilemap_memory:tilemap|memory~7923 ; Stuck at GND due to stuck port data_in ;
; background_engine:background|tilemap_memory:tilemap|memory~7931 ; Stuck at GND due to stuck port data_in ;
; background_engine:background|tilemap_memory:tilemap|memory~7939 ; Stuck at GND due to stuck port data_in ;
; background_engine:background|tilemap_memory:tilemap|memory~7947 ; Stuck at GND due to stuck port data_in ;
; background_engine:background|tilemap_memory:tilemap|memory~7955 ; Stuck at GND due to stuck port data_in ;
; background_engine:background|tilemap_memory:tilemap|memory~7963 ; Stuck at GND due to stuck port data_in ;
; background_engine:background|tilemap_memory:tilemap|memory~7971 ; Stuck at GND due to stuck port data_in ;
; background_engine:background|tilemap_memory:tilemap|memory~7979 ; Stuck at GND due to stuck port data_in ;
; background_engine:background|tilemap_memory:tilemap|memory~7987 ; Stuck at GND due to stuck port data_in ;
; background_engine:background|tilemap_memory:tilemap|memory~7995 ; Stuck at GND due to stuck port data_in ;
; background_engine:background|tilemap_memory:tilemap|memory~8003 ; Stuck at GND due to stuck port data_in ;
; background_engine:background|tilemap_memory:tilemap|memory~8011 ; Stuck at GND due to stuck port data_in ;
; background_engine:background|tilemap_memory:tilemap|memory~8019 ; Stuck at GND due to stuck port data_in ;
; background_engine:background|tilemap_memory:tilemap|memory~8027 ; Stuck at GND due to stuck port data_in ;
; background_engine:background|tilemap_memory:tilemap|memory~8035 ; Stuck at GND due to stuck port data_in ;
; background_engine:background|tilemap_memory:tilemap|memory~8043 ; Stuck at GND due to stuck port data_in ;
; background_engine:background|tilemap_memory:tilemap|memory~8051 ; Stuck at GND due to stuck port data_in ;
; background_engine:background|tilemap_memory:tilemap|memory~8059 ; Stuck at GND due to stuck port data_in ;
; background_engine:background|tilemap_memory:tilemap|memory~8067 ; Stuck at GND due to stuck port data_in ;
; background_engine:background|tilemap_memory:tilemap|memory~8075 ; Stuck at GND due to stuck port data_in ;
; background_engine:background|tilemap_memory:tilemap|memory~8083 ; Stuck at GND due to stuck port data_in ;
; background_engine:background|tilemap_memory:tilemap|memory~8091 ; Stuck at GND due to stuck port data_in ;
; background_engine:background|tilemap_memory:tilemap|memory~8099 ; Stuck at GND due to stuck port data_in ;
; background_engine:background|tilemap_memory:tilemap|memory~8107 ; Stuck at GND due to stuck port data_in ;
; background_engine:background|tilemap_memory:tilemap|memory~8115 ; Stuck at GND due to stuck port data_in ;
; background_engine:background|tilemap_memory:tilemap|memory~8123 ; Stuck at GND due to stuck port data_in ;
; background_engine:background|tilemap_memory:tilemap|memory~8131 ; Stuck at GND due to stuck port data_in ;
; background_engine:background|tilemap_memory:tilemap|memory~8139 ; Stuck at GND due to stuck port data_in ;
; background_engine:background|tilemap_memory:tilemap|memory~8147 ; Stuck at GND due to stuck port data_in ;
; background_engine:background|tilemap_memory:tilemap|memory~8155 ; Stuck at GND due to stuck port data_in ;
; background_engine:background|tilemap_memory:tilemap|memory~8163 ; Stuck at GND due to stuck port data_in ;
; background_engine:background|tilemap_memory:tilemap|memory~8171 ; Stuck at GND due to stuck port data_in ;
; background_engine:background|tilemap_memory:tilemap|memory~8211 ; Stuck at GND due to stuck port data_in ;
; background_engine:background|tilemap_memory:tilemap|memory~8219 ; Stuck at GND due to stuck port data_in ;
; background_engine:background|tilemap_memory:tilemap|memory~8227 ; Stuck at GND due to stuck port data_in ;
; background_engine:background|tilemap_memory:tilemap|memory~8235 ; Stuck at GND due to stuck port data_in ;
; background_engine:background|tilemap_memory:tilemap|memory~8243 ; Stuck at GND due to stuck port data_in ;
; background_engine:background|tilemap_memory:tilemap|memory~8251 ; Stuck at GND due to stuck port data_in ;
; background_engine:background|tilemap_memory:tilemap|memory~8259 ; Stuck at GND due to stuck port data_in ;
; background_engine:background|tilemap_memory:tilemap|memory~8267 ; Stuck at GND due to stuck port data_in ;
; background_engine:background|tilemap_memory:tilemap|memory~8275 ; Stuck at GND due to stuck port data_in ;
; background_engine:background|tilemap_memory:tilemap|memory~8283 ; Stuck at GND due to stuck port data_in ;
; background_engine:background|tilemap_memory:tilemap|memory~8291 ; Stuck at GND due to stuck port data_in ;
; background_engine:background|tilemap_memory:tilemap|memory~8299 ; Stuck at GND due to stuck port data_in ;
; background_engine:background|tilemap_memory:tilemap|memory~8307 ; Stuck at GND due to stuck port data_in ;
; background_engine:background|tilemap_memory:tilemap|memory~8315 ; Stuck at GND due to stuck port data_in ;
; background_engine:background|tilemap_memory:tilemap|memory~8323 ; Stuck at GND due to stuck port data_in ;
; background_engine:background|tilemap_memory:tilemap|memory~8331 ; Stuck at GND due to stuck port data_in ;
; background_engine:background|tilemap_memory:tilemap|memory~8339 ; Stuck at GND due to stuck port data_in ;
; background_engine:background|tilemap_memory:tilemap|memory~8347 ; Stuck at GND due to stuck port data_in ;
; background_engine:background|tilemap_memory:tilemap|memory~8355 ; Stuck at GND due to stuck port data_in ;
; background_engine:background|tilemap_memory:tilemap|memory~8363 ; Stuck at GND due to stuck port data_in ;
; background_engine:background|tilemap_memory:tilemap|memory~8371 ; Stuck at GND due to stuck port data_in ;
; background_engine:background|tilemap_memory:tilemap|memory~8379 ; Stuck at GND due to stuck port data_in ;
; background_engine:background|tilemap_memory:tilemap|memory~8387 ; Stuck at GND due to stuck port data_in ;
; background_engine:background|tilemap_memory:tilemap|memory~8395 ; Stuck at GND due to stuck port data_in ;
; background_engine:background|tilemap_memory:tilemap|memory~8403 ; Stuck at GND due to stuck port data_in ;
; background_engine:background|tilemap_memory:tilemap|memory~8411 ; Stuck at GND due to stuck port data_in ;
; background_engine:background|tilemap_memory:tilemap|memory~8419 ; Stuck at GND due to stuck port data_in ;
; background_engine:background|tilemap_memory:tilemap|memory~8427 ; Stuck at GND due to stuck port data_in ;
; background_engine:background|tilemap_memory:tilemap|memory~8435 ; Stuck at GND due to stuck port data_in ;
; background_engine:background|tilemap_memory:tilemap|memory~8443 ; Stuck at GND due to stuck port data_in ;
; background_engine:background|tilemap_memory:tilemap|memory~8451 ; Stuck at GND due to stuck port data_in ;
; background_engine:background|tilemap_memory:tilemap|memory~8459 ; Stuck at GND due to stuck port data_in ;
; background_engine:background|tilemap_memory:tilemap|memory~8467 ; Stuck at GND due to stuck port data_in ;
; background_engine:background|tilemap_memory:tilemap|memory~8475 ; Stuck at GND due to stuck port data_in ;
; background_engine:background|tilemap_memory:tilemap|memory~8483 ; Stuck at GND due to stuck port data_in ;
; background_engine:background|tilemap_memory:tilemap|memory~8491 ; Stuck at GND due to stuck port data_in ;
; background_engine:background|tilemap_memory:tilemap|memory~8499 ; Stuck at GND due to stuck port data_in ;
; background_engine:background|tilemap_memory:tilemap|memory~8507 ; Stuck at GND due to stuck port data_in ;
; background_engine:background|tilemap_memory:tilemap|memory~8515 ; Stuck at GND due to stuck port data_in ;
; background_engine:background|tilemap_memory:tilemap|memory~8523 ; Stuck at GND due to stuck port data_in ;
; background_engine:background|tilemap_memory:tilemap|memory~8531 ; Stuck at GND due to stuck port data_in ;
; background_engine:background|tilemap_memory:tilemap|memory~8539 ; Stuck at GND due to stuck port data_in ;
; background_engine:background|tilemap_memory:tilemap|memory~8547 ; Stuck at GND due to stuck port data_in ;
; background_engine:background|tilemap_memory:tilemap|memory~8555 ; Stuck at GND due to stuck port data_in ;
; background_engine:background|tilemap_memory:tilemap|memory~8563 ; Stuck at GND due to stuck port data_in ;
; background_engine:background|tilemap_memory:tilemap|memory~8571 ; Stuck at GND due to stuck port data_in ;
; background_engine:background|tilemap_memory:tilemap|memory~8579 ; Stuck at GND due to stuck port data_in ;
; background_engine:background|tilemap_memory:tilemap|memory~8587 ; Stuck at GND due to stuck port data_in ;
; background_engine:background|tilemap_memory:tilemap|memory~8595 ; Stuck at GND due to stuck port data_in ;
; background_engine:background|tilemap_memory:tilemap|memory~8603 ; Stuck at GND due to stuck port data_in ;
; background_engine:background|tilemap_memory:tilemap|memory~8611 ; Stuck at GND due to stuck port data_in ;
; background_engine:background|tilemap_memory:tilemap|memory~8619 ; Stuck at GND due to stuck port data_in ;
; background_engine:background|tilemap_memory:tilemap|memory~8627 ; Stuck at GND due to stuck port data_in ;
; background_engine:background|tilemap_memory:tilemap|memory~8635 ; Stuck at GND due to stuck port data_in ;
; background_engine:background|tilemap_memory:tilemap|memory~8643 ; Stuck at GND due to stuck port data_in ;
; background_engine:background|tilemap_memory:tilemap|memory~8651 ; Stuck at GND due to stuck port data_in ;
; background_engine:background|tilemap_memory:tilemap|memory~8659 ; Stuck at GND due to stuck port data_in ;
; background_engine:background|tilemap_memory:tilemap|memory~8667 ; Stuck at GND due to stuck port data_in ;
; background_engine:background|tilemap_memory:tilemap|memory~8675 ; Stuck at GND due to stuck port data_in ;
; background_engine:background|tilemap_memory:tilemap|memory~8683 ; Stuck at GND due to stuck port data_in ;
; background_engine:background|tilemap_memory:tilemap|memory~8691 ; Stuck at GND due to stuck port data_in ;
; background_engine:background|tilemap_memory:tilemap|memory~8699 ; Stuck at GND due to stuck port data_in ;
; background_engine:background|tilemap_memory:tilemap|memory~8707 ; Stuck at GND due to stuck port data_in ;
; background_engine:background|tilemap_memory:tilemap|memory~8715 ; Stuck at GND due to stuck port data_in ;
; background_engine:background|tilemap_memory:tilemap|memory~8723 ; Stuck at GND due to stuck port data_in ;
; background_engine:background|tilemap_memory:tilemap|memory~8731 ; Stuck at GND due to stuck port data_in ;
; background_engine:background|tilemap_memory:tilemap|memory~8739 ; Stuck at GND due to stuck port data_in ;
; background_engine:background|tilemap_memory:tilemap|memory~8747 ; Stuck at GND due to stuck port data_in ;
; background_engine:background|tilemap_memory:tilemap|memory~8755 ; Stuck at GND due to stuck port data_in ;
; background_engine:background|tilemap_memory:tilemap|memory~8763 ; Stuck at GND due to stuck port data_in ;
; background_engine:background|tilemap_memory:tilemap|memory~8771 ; Stuck at GND due to stuck port data_in ;
; background_engine:background|tilemap_memory:tilemap|memory~8779 ; Stuck at GND due to stuck port data_in ;
; background_engine:background|tilemap_memory:tilemap|memory~8787 ; Stuck at GND due to stuck port data_in ;
; background_engine:background|tilemap_memory:tilemap|memory~8795 ; Stuck at GND due to stuck port data_in ;
; background_engine:background|tilemap_memory:tilemap|memory~8803 ; Stuck at GND due to stuck port data_in ;
; background_engine:background|tilemap_memory:tilemap|memory~8811 ; Stuck at GND due to stuck port data_in ;
; background_engine:background|tilemap_memory:tilemap|memory~8851 ; Stuck at GND due to stuck port data_in ;
; background_engine:background|tilemap_memory:tilemap|memory~8859 ; Stuck at GND due to stuck port data_in ;
; background_engine:background|tilemap_memory:tilemap|memory~8867 ; Stuck at GND due to stuck port data_in ;
; background_engine:background|tilemap_memory:tilemap|memory~8875 ; Stuck at GND due to stuck port data_in ;
; background_engine:background|tilemap_memory:tilemap|memory~8883 ; Stuck at GND due to stuck port data_in ;
; background_engine:background|tilemap_memory:tilemap|memory~8891 ; Stuck at GND due to stuck port data_in ;
; background_engine:background|tilemap_memory:tilemap|memory~8899 ; Stuck at GND due to stuck port data_in ;
; background_engine:background|tilemap_memory:tilemap|memory~8907 ; Stuck at GND due to stuck port data_in ;
; background_engine:background|tilemap_memory:tilemap|memory~8915 ; Stuck at GND due to stuck port data_in ;
; background_engine:background|tilemap_memory:tilemap|memory~8923 ; Stuck at GND due to stuck port data_in ;
; background_engine:background|tilemap_memory:tilemap|memory~8939 ; Stuck at GND due to stuck port data_in ;
; background_engine:background|tilemap_memory:tilemap|memory~8947 ; Stuck at GND due to stuck port data_in ;
; background_engine:background|tilemap_memory:tilemap|memory~8955 ; Stuck at GND due to stuck port data_in ;
; background_engine:background|tilemap_memory:tilemap|memory~8963 ; Stuck at GND due to stuck port data_in ;
; background_engine:background|tilemap_memory:tilemap|memory~8971 ; Stuck at GND due to stuck port data_in ;
; background_engine:background|tilemap_memory:tilemap|memory~8979 ; Stuck at GND due to stuck port data_in ;
; background_engine:background|tilemap_memory:tilemap|memory~8987 ; Stuck at GND due to stuck port data_in ;
; background_engine:background|tilemap_memory:tilemap|memory~8995 ; Stuck at GND due to stuck port data_in ;
; background_engine:background|tilemap_memory:tilemap|memory~9003 ; Stuck at GND due to stuck port data_in ;
; background_engine:background|tilemap_memory:tilemap|memory~9011 ; Stuck at GND due to stuck port data_in ;
; background_engine:background|tilemap_memory:tilemap|memory~9019 ; Stuck at GND due to stuck port data_in ;
; background_engine:background|tilemap_memory:tilemap|memory~9027 ; Stuck at GND due to stuck port data_in ;
; background_engine:background|tilemap_memory:tilemap|memory~9035 ; Stuck at GND due to stuck port data_in ;
; background_engine:background|tilemap_memory:tilemap|memory~9043 ; Stuck at GND due to stuck port data_in ;
; background_engine:background|tilemap_memory:tilemap|memory~9051 ; Stuck at GND due to stuck port data_in ;
; background_engine:background|tilemap_memory:tilemap|memory~9059 ; Stuck at GND due to stuck port data_in ;
; background_engine:background|tilemap_memory:tilemap|memory~9067 ; Stuck at GND due to stuck port data_in ;
; background_engine:background|tilemap_memory:tilemap|memory~9075 ; Stuck at GND due to stuck port data_in ;
; background_engine:background|tilemap_memory:tilemap|memory~9083 ; Stuck at GND due to stuck port data_in ;
; background_engine:background|tilemap_memory:tilemap|memory~9091 ; Stuck at GND due to stuck port data_in ;
; background_engine:background|tilemap_memory:tilemap|memory~9099 ; Stuck at GND due to stuck port data_in ;
; background_engine:background|tilemap_memory:tilemap|memory~9107 ; Stuck at GND due to stuck port data_in ;
; background_engine:background|tilemap_memory:tilemap|memory~9115 ; Stuck at GND due to stuck port data_in ;
; background_engine:background|tilemap_memory:tilemap|memory~9123 ; Stuck at GND due to stuck port data_in ;
; background_engine:background|tilemap_memory:tilemap|memory~9131 ; Stuck at GND due to stuck port data_in ;
; background_engine:background|tilemap_memory:tilemap|memory~9147 ; Stuck at GND due to stuck port data_in ;
; background_engine:background|tilemap_memory:tilemap|memory~9155 ; Stuck at GND due to stuck port data_in ;
; background_engine:background|tilemap_memory:tilemap|memory~9163 ; Stuck at GND due to stuck port data_in ;
; background_engine:background|tilemap_memory:tilemap|memory~9187 ; Stuck at GND due to stuck port data_in ;
; background_engine:background|tilemap_memory:tilemap|memory~9195 ; Stuck at GND due to stuck port data_in ;
; background_engine:background|tilemap_memory:tilemap|memory~9203 ; Stuck at GND due to stuck port data_in ;
; background_engine:background|tilemap_memory:tilemap|memory~9211 ; Stuck at GND due to stuck port data_in ;
; background_engine:background|tilemap_memory:tilemap|memory~9219 ; Stuck at GND due to stuck port data_in ;
; background_engine:background|tilemap_memory:tilemap|memory~9227 ; Stuck at GND due to stuck port data_in ;
; background_engine:background|tilemap_memory:tilemap|memory~9235 ; Stuck at GND due to stuck port data_in ;
; background_engine:background|tilemap_memory:tilemap|memory~9243 ; Stuck at GND due to stuck port data_in ;
; background_engine:background|tilemap_memory:tilemap|memory~9251 ; Stuck at GND due to stuck port data_in ;
; background_engine:background|tilemap_memory:tilemap|memory~9259 ; Stuck at GND due to stuck port data_in ;
; background_engine:background|tilemap_memory:tilemap|memory~9267 ; Stuck at GND due to stuck port data_in ;
; background_engine:background|tilemap_memory:tilemap|memory~9275 ; Stuck at GND due to stuck port data_in ;
; background_engine:background|tilemap_memory:tilemap|memory~9283 ; Stuck at GND due to stuck port data_in ;
; background_engine:background|tilemap_memory:tilemap|memory~9291 ; Stuck at GND due to stuck port data_in ;
; background_engine:background|tilemap_memory:tilemap|memory~9299 ; Stuck at GND due to stuck port data_in ;
; background_engine:background|tilemap_memory:tilemap|memory~9307 ; Stuck at GND due to stuck port data_in ;
; background_engine:background|tilemap_memory:tilemap|memory~9315 ; Stuck at GND due to stuck port data_in ;
; background_engine:background|tilemap_memory:tilemap|memory~9323 ; Stuck at GND due to stuck port data_in ;
; background_engine:background|tilemap_memory:tilemap|memory~9331 ; Stuck at GND due to stuck port data_in ;
; background_engine:background|tilemap_memory:tilemap|memory~9339 ; Stuck at GND due to stuck port data_in ;
; background_engine:background|tilemap_memory:tilemap|memory~9347 ; Stuck at GND due to stuck port data_in ;
; background_engine:background|tilemap_memory:tilemap|memory~9355 ; Stuck at GND due to stuck port data_in ;
; background_engine:background|tilemap_memory:tilemap|memory~9363 ; Stuck at GND due to stuck port data_in ;
; background_engine:background|tilemap_memory:tilemap|memory~9371 ; Stuck at GND due to stuck port data_in ;
; background_engine:background|tilemap_memory:tilemap|memory~9379 ; Stuck at GND due to stuck port data_in ;
; background_engine:background|tilemap_memory:tilemap|memory~9387 ; Stuck at GND due to stuck port data_in ;
; background_engine:background|tilemap_memory:tilemap|memory~9395 ; Stuck at GND due to stuck port data_in ;
; background_engine:background|tilemap_memory:tilemap|memory~9403 ; Stuck at GND due to stuck port data_in ;
; background_engine:background|tilemap_memory:tilemap|memory~9411 ; Stuck at GND due to stuck port data_in ;
; background_engine:background|tilemap_memory:tilemap|memory~9419 ; Stuck at GND due to stuck port data_in ;
; background_engine:background|tilemap_memory:tilemap|memory~9427 ; Stuck at GND due to stuck port data_in ;
; background_engine:background|tilemap_memory:tilemap|memory~9435 ; Stuck at GND due to stuck port data_in ;
; background_engine:background|tilemap_memory:tilemap|memory~9443 ; Stuck at GND due to stuck port data_in ;
; background_engine:background|tilemap_memory:tilemap|memory~9451 ; Stuck at GND due to stuck port data_in ;
; background_engine:background|tilemap_memory:tilemap|memory~9459 ; Stuck at GND due to stuck port data_in ;
; background_engine:background|tilemap_memory:tilemap|memory~9467 ; Stuck at GND due to stuck port data_in ;
; background_engine:background|tilemap_memory:tilemap|memory~9475 ; Stuck at GND due to stuck port data_in ;
; background_engine:background|tilemap_memory:tilemap|memory~9483 ; Stuck at GND due to stuck port data_in ;
; background_engine:background|tilemap_memory:tilemap|memory~9491 ; Stuck at GND due to stuck port data_in ;
; background_engine:background|tilemap_memory:tilemap|memory~9499 ; Stuck at GND due to stuck port data_in ;
; background_engine:background|tilemap_memory:tilemap|memory~9507 ; Stuck at GND due to stuck port data_in ;
; background_engine:background|tilemap_memory:tilemap|memory~9515 ; Stuck at GND due to stuck port data_in ;
; background_engine:background|tilemap_memory:tilemap|memory~9523 ; Stuck at GND due to stuck port data_in ;
; background_engine:background|tilemap_memory:tilemap|memory~9531 ; Stuck at GND due to stuck port data_in ;
; background_engine:background|tilemap_memory:tilemap|memory~9539 ; Stuck at GND due to stuck port data_in ;
; background_engine:background|tilemap_memory:tilemap|memory~9547 ; Stuck at GND due to stuck port data_in ;
; background_engine:background|tilemap_memory:tilemap|memory~9555 ; Stuck at GND due to stuck port data_in ;
; background_engine:background|tilemap_memory:tilemap|memory~9563 ; Stuck at GND due to stuck port data_in ;
; background_engine:background|tilemap_memory:tilemap|memory~9571 ; Stuck at GND due to stuck port data_in ;
; background_engine:background|tilemap_memory:tilemap|memory~9579 ; Stuck at GND due to stuck port data_in ;
; background_engine:background|tilemap_memory:tilemap|memory~9587 ; Stuck at GND due to stuck port data_in ;
; background_engine:background|tilemap_memory:tilemap|memory~9595 ; Stuck at GND due to stuck port data_in ;
; background_engine:background|tilemap_memory:tilemap|memory~4    ; Stuck at GND due to stuck port data_in ;
; background_engine:background|tilemap_memory:tilemap|memory~12   ; Stuck at GND due to stuck port data_in ;
; background_engine:background|tilemap_memory:tilemap|memory~20   ; Stuck at GND due to stuck port data_in ;
; background_engine:background|tilemap_memory:tilemap|memory~28   ; Stuck at GND due to stuck port data_in ;
; background_engine:background|tilemap_memory:tilemap|memory~36   ; Stuck at GND due to stuck port data_in ;
; background_engine:background|tilemap_memory:tilemap|memory~44   ; Stuck at GND due to stuck port data_in ;
; background_engine:background|tilemap_memory:tilemap|memory~52   ; Stuck at GND due to stuck port data_in ;
; background_engine:background|tilemap_memory:tilemap|memory~60   ; Stuck at GND due to stuck port data_in ;
; background_engine:background|tilemap_memory:tilemap|memory~68   ; Stuck at GND due to stuck port data_in ;
; background_engine:background|tilemap_memory:tilemap|memory~76   ; Stuck at GND due to stuck port data_in ;
; background_engine:background|tilemap_memory:tilemap|memory~84   ; Stuck at GND due to stuck port data_in ;
; background_engine:background|tilemap_memory:tilemap|memory~92   ; Stuck at GND due to stuck port data_in ;
; background_engine:background|tilemap_memory:tilemap|memory~100  ; Stuck at GND due to stuck port data_in ;
; background_engine:background|tilemap_memory:tilemap|memory~108  ; Stuck at GND due to stuck port data_in ;
; background_engine:background|tilemap_memory:tilemap|memory~116  ; Stuck at GND due to stuck port data_in ;
; background_engine:background|tilemap_memory:tilemap|memory~124  ; Stuck at GND due to stuck port data_in ;
; background_engine:background|tilemap_memory:tilemap|memory~132  ; Stuck at GND due to stuck port data_in ;
; background_engine:background|tilemap_memory:tilemap|memory~140  ; Stuck at GND due to stuck port data_in ;
; background_engine:background|tilemap_memory:tilemap|memory~148  ; Stuck at GND due to stuck port data_in ;
; background_engine:background|tilemap_memory:tilemap|memory~156  ; Stuck at GND due to stuck port data_in ;
; background_engine:background|tilemap_memory:tilemap|memory~164  ; Stuck at GND due to stuck port data_in ;
; background_engine:background|tilemap_memory:tilemap|memory~172  ; Stuck at GND due to stuck port data_in ;
; background_engine:background|tilemap_memory:tilemap|memory~180  ; Stuck at GND due to stuck port data_in ;
; background_engine:background|tilemap_memory:tilemap|memory~188  ; Stuck at GND due to stuck port data_in ;
; background_engine:background|tilemap_memory:tilemap|memory~196  ; Stuck at GND due to stuck port data_in ;
; background_engine:background|tilemap_memory:tilemap|memory~204  ; Stuck at GND due to stuck port data_in ;
; background_engine:background|tilemap_memory:tilemap|memory~212  ; Stuck at GND due to stuck port data_in ;
; background_engine:background|tilemap_memory:tilemap|memory~220  ; Stuck at GND due to stuck port data_in ;
; background_engine:background|tilemap_memory:tilemap|memory~228  ; Stuck at GND due to stuck port data_in ;
; background_engine:background|tilemap_memory:tilemap|memory~236  ; Stuck at GND due to stuck port data_in ;
; background_engine:background|tilemap_memory:tilemap|memory~244  ; Stuck at GND due to stuck port data_in ;
; background_engine:background|tilemap_memory:tilemap|memory~252  ; Stuck at GND due to stuck port data_in ;
; background_engine:background|tilemap_memory:tilemap|memory~260  ; Stuck at GND due to stuck port data_in ;
; background_engine:background|tilemap_memory:tilemap|memory~268  ; Stuck at GND due to stuck port data_in ;
; background_engine:background|tilemap_memory:tilemap|memory~276  ; Stuck at GND due to stuck port data_in ;
; background_engine:background|tilemap_memory:tilemap|memory~284  ; Stuck at GND due to stuck port data_in ;
; background_engine:background|tilemap_memory:tilemap|memory~292  ; Stuck at GND due to stuck port data_in ;
; background_engine:background|tilemap_memory:tilemap|memory~300  ; Stuck at GND due to stuck port data_in ;
; background_engine:background|tilemap_memory:tilemap|memory~308  ; Stuck at GND due to stuck port data_in ;
; background_engine:background|tilemap_memory:tilemap|memory~316  ; Stuck at GND due to stuck port data_in ;
; background_engine:background|tilemap_memory:tilemap|memory~324  ; Stuck at GND due to stuck port data_in ;
; background_engine:background|tilemap_memory:tilemap|memory~332  ; Stuck at GND due to stuck port data_in ;
; background_engine:background|tilemap_memory:tilemap|memory~340  ; Stuck at GND due to stuck port data_in ;
; background_engine:background|tilemap_memory:tilemap|memory~348  ; Stuck at GND due to stuck port data_in ;
; background_engine:background|tilemap_memory:tilemap|memory~356  ; Stuck at GND due to stuck port data_in ;
; background_engine:background|tilemap_memory:tilemap|memory~364  ; Stuck at GND due to stuck port data_in ;
; background_engine:background|tilemap_memory:tilemap|memory~372  ; Stuck at GND due to stuck port data_in ;
; background_engine:background|tilemap_memory:tilemap|memory~380  ; Stuck at GND due to stuck port data_in ;
; background_engine:background|tilemap_memory:tilemap|memory~388  ; Stuck at GND due to stuck port data_in ;
; background_engine:background|tilemap_memory:tilemap|memory~396  ; Stuck at GND due to stuck port data_in ;
; background_engine:background|tilemap_memory:tilemap|memory~404  ; Stuck at GND due to stuck port data_in ;
; background_engine:background|tilemap_memory:tilemap|memory~412  ; Stuck at GND due to stuck port data_in ;
; background_engine:background|tilemap_memory:tilemap|memory~420  ; Stuck at GND due to stuck port data_in ;
; background_engine:background|tilemap_memory:tilemap|memory~428  ; Stuck at GND due to stuck port data_in ;
; background_engine:background|tilemap_memory:tilemap|memory~436  ; Stuck at GND due to stuck port data_in ;
; background_engine:background|tilemap_memory:tilemap|memory~444  ; Stuck at GND due to stuck port data_in ;
; background_engine:background|tilemap_memory:tilemap|memory~452  ; Stuck at GND due to stuck port data_in ;
; background_engine:background|tilemap_memory:tilemap|memory~460  ; Stuck at GND due to stuck port data_in ;
; background_engine:background|tilemap_memory:tilemap|memory~468  ; Stuck at GND due to stuck port data_in ;
; background_engine:background|tilemap_memory:tilemap|memory~476  ; Stuck at GND due to stuck port data_in ;
; background_engine:background|tilemap_memory:tilemap|memory~484  ; Stuck at GND due to stuck port data_in ;
; background_engine:background|tilemap_memory:tilemap|memory~492  ; Stuck at GND due to stuck port data_in ;
; background_engine:background|tilemap_memory:tilemap|memory~500  ; Stuck at GND due to stuck port data_in ;
; background_engine:background|tilemap_memory:tilemap|memory~508  ; Stuck at GND due to stuck port data_in ;
; background_engine:background|tilemap_memory:tilemap|memory~516  ; Stuck at GND due to stuck port data_in ;
; background_engine:background|tilemap_memory:tilemap|memory~524  ; Stuck at GND due to stuck port data_in ;
; background_engine:background|tilemap_memory:tilemap|memory~532  ; Stuck at GND due to stuck port data_in ;
; background_engine:background|tilemap_memory:tilemap|memory~540  ; Stuck at GND due to stuck port data_in ;
; background_engine:background|tilemap_memory:tilemap|memory~548  ; Stuck at GND due to stuck port data_in ;
; background_engine:background|tilemap_memory:tilemap|memory~556  ; Stuck at GND due to stuck port data_in ;
; background_engine:background|tilemap_memory:tilemap|memory~564  ; Stuck at GND due to stuck port data_in ;
; background_engine:background|tilemap_memory:tilemap|memory~572  ; Stuck at GND due to stuck port data_in ;
; background_engine:background|tilemap_memory:tilemap|memory~580  ; Stuck at GND due to stuck port data_in ;
; background_engine:background|tilemap_memory:tilemap|memory~588  ; Stuck at GND due to stuck port data_in ;
; background_engine:background|tilemap_memory:tilemap|memory~596  ; Stuck at GND due to stuck port data_in ;
; background_engine:background|tilemap_memory:tilemap|memory~604  ; Stuck at GND due to stuck port data_in ;
; background_engine:background|tilemap_memory:tilemap|memory~612  ; Stuck at GND due to stuck port data_in ;
; background_engine:background|tilemap_memory:tilemap|memory~620  ; Stuck at GND due to stuck port data_in ;
; background_engine:background|tilemap_memory:tilemap|memory~628  ; Stuck at GND due to stuck port data_in ;
; background_engine:background|tilemap_memory:tilemap|memory~636  ; Stuck at GND due to stuck port data_in ;
; background_engine:background|tilemap_memory:tilemap|memory~644  ; Stuck at GND due to stuck port data_in ;
; background_engine:background|tilemap_memory:tilemap|memory~652  ; Stuck at GND due to stuck port data_in ;
; background_engine:background|tilemap_memory:tilemap|memory~660  ; Stuck at GND due to stuck port data_in ;
; background_engine:background|tilemap_memory:tilemap|memory~668  ; Stuck at GND due to stuck port data_in ;
; background_engine:background|tilemap_memory:tilemap|memory~676  ; Stuck at GND due to stuck port data_in ;
; background_engine:background|tilemap_memory:tilemap|memory~684  ; Stuck at GND due to stuck port data_in ;
; background_engine:background|tilemap_memory:tilemap|memory~692  ; Stuck at GND due to stuck port data_in ;
; background_engine:background|tilemap_memory:tilemap|memory~700  ; Stuck at GND due to stuck port data_in ;
; background_engine:background|tilemap_memory:tilemap|memory~708  ; Stuck at GND due to stuck port data_in ;
; background_engine:background|tilemap_memory:tilemap|memory~716  ; Stuck at GND due to stuck port data_in ;
; background_engine:background|tilemap_memory:tilemap|memory~724  ; Stuck at GND due to stuck port data_in ;
; background_engine:background|tilemap_memory:tilemap|memory~732  ; Stuck at GND due to stuck port data_in ;
; background_engine:background|tilemap_memory:tilemap|memory~740  ; Stuck at GND due to stuck port data_in ;
; background_engine:background|tilemap_memory:tilemap|memory~748  ; Stuck at GND due to stuck port data_in ;
; background_engine:background|tilemap_memory:tilemap|memory~756  ; Stuck at GND due to stuck port data_in ;
; background_engine:background|tilemap_memory:tilemap|memory~764  ; Stuck at GND due to stuck port data_in ;
; background_engine:background|tilemap_memory:tilemap|memory~772  ; Stuck at GND due to stuck port data_in ;
; background_engine:background|tilemap_memory:tilemap|memory~780  ; Stuck at GND due to stuck port data_in ;
; background_engine:background|tilemap_memory:tilemap|memory~788  ; Stuck at GND due to stuck port data_in ;
; background_engine:background|tilemap_memory:tilemap|memory~796  ; Stuck at GND due to stuck port data_in ;
; background_engine:background|tilemap_memory:tilemap|memory~804  ; Stuck at GND due to stuck port data_in ;
; background_engine:background|tilemap_memory:tilemap|memory~812  ; Stuck at GND due to stuck port data_in ;
; background_engine:background|tilemap_memory:tilemap|memory~820  ; Stuck at GND due to stuck port data_in ;
; background_engine:background|tilemap_memory:tilemap|memory~828  ; Stuck at GND due to stuck port data_in ;
; background_engine:background|tilemap_memory:tilemap|memory~836  ; Stuck at GND due to stuck port data_in ;
; background_engine:background|tilemap_memory:tilemap|memory~844  ; Stuck at GND due to stuck port data_in ;
; background_engine:background|tilemap_memory:tilemap|memory~852  ; Stuck at GND due to stuck port data_in ;
; background_engine:background|tilemap_memory:tilemap|memory~860  ; Stuck at GND due to stuck port data_in ;
; background_engine:background|tilemap_memory:tilemap|memory~868  ; Stuck at GND due to stuck port data_in ;
; background_engine:background|tilemap_memory:tilemap|memory~876  ; Stuck at GND due to stuck port data_in ;
; background_engine:background|tilemap_memory:tilemap|memory~884  ; Stuck at GND due to stuck port data_in ;
; background_engine:background|tilemap_memory:tilemap|memory~892  ; Stuck at GND due to stuck port data_in ;
; background_engine:background|tilemap_memory:tilemap|memory~900  ; Stuck at GND due to stuck port data_in ;
; background_engine:background|tilemap_memory:tilemap|memory~908  ; Stuck at GND due to stuck port data_in ;
; background_engine:background|tilemap_memory:tilemap|memory~916  ; Stuck at GND due to stuck port data_in ;
; background_engine:background|tilemap_memory:tilemap|memory~924  ; Stuck at GND due to stuck port data_in ;
; background_engine:background|tilemap_memory:tilemap|memory~932  ; Stuck at GND due to stuck port data_in ;
; background_engine:background|tilemap_memory:tilemap|memory~940  ; Stuck at GND due to stuck port data_in ;
; background_engine:background|tilemap_memory:tilemap|memory~948  ; Stuck at GND due to stuck port data_in ;
; background_engine:background|tilemap_memory:tilemap|memory~956  ; Stuck at GND due to stuck port data_in ;
; background_engine:background|tilemap_memory:tilemap|memory~964  ; Stuck at GND due to stuck port data_in ;
; background_engine:background|tilemap_memory:tilemap|memory~972  ; Stuck at GND due to stuck port data_in ;
; background_engine:background|tilemap_memory:tilemap|memory~980  ; Stuck at GND due to stuck port data_in ;
; background_engine:background|tilemap_memory:tilemap|memory~988  ; Stuck at GND due to stuck port data_in ;
; background_engine:background|tilemap_memory:tilemap|memory~996  ; Stuck at GND due to stuck port data_in ;
; background_engine:background|tilemap_memory:tilemap|memory~1004 ; Stuck at GND due to stuck port data_in ;
; background_engine:background|tilemap_memory:tilemap|memory~1012 ; Stuck at GND due to stuck port data_in ;
; background_engine:background|tilemap_memory:tilemap|memory~1020 ; Stuck at GND due to stuck port data_in ;
; background_engine:background|tilemap_memory:tilemap|memory~1028 ; Stuck at GND due to stuck port data_in ;
; background_engine:background|tilemap_memory:tilemap|memory~1036 ; Stuck at GND due to stuck port data_in ;
; background_engine:background|tilemap_memory:tilemap|memory~1044 ; Stuck at GND due to stuck port data_in ;
; background_engine:background|tilemap_memory:tilemap|memory~1052 ; Stuck at GND due to stuck port data_in ;
; background_engine:background|tilemap_memory:tilemap|memory~1060 ; Stuck at GND due to stuck port data_in ;
; background_engine:background|tilemap_memory:tilemap|memory~1068 ; Stuck at GND due to stuck port data_in ;
; background_engine:background|tilemap_memory:tilemap|memory~1076 ; Stuck at GND due to stuck port data_in ;
; background_engine:background|tilemap_memory:tilemap|memory~1084 ; Stuck at GND due to stuck port data_in ;
; background_engine:background|tilemap_memory:tilemap|memory~1092 ; Stuck at GND due to stuck port data_in ;
; background_engine:background|tilemap_memory:tilemap|memory~1100 ; Stuck at GND due to stuck port data_in ;
; background_engine:background|tilemap_memory:tilemap|memory~1108 ; Stuck at GND due to stuck port data_in ;
; background_engine:background|tilemap_memory:tilemap|memory~1116 ; Stuck at GND due to stuck port data_in ;
; background_engine:background|tilemap_memory:tilemap|memory~1124 ; Stuck at GND due to stuck port data_in ;
; background_engine:background|tilemap_memory:tilemap|memory~1132 ; Stuck at GND due to stuck port data_in ;
; background_engine:background|tilemap_memory:tilemap|memory~1140 ; Stuck at GND due to stuck port data_in ;
; background_engine:background|tilemap_memory:tilemap|memory~1148 ; Stuck at GND due to stuck port data_in ;
; background_engine:background|tilemap_memory:tilemap|memory~1156 ; Stuck at GND due to stuck port data_in ;
; background_engine:background|tilemap_memory:tilemap|memory~1164 ; Stuck at GND due to stuck port data_in ;
; background_engine:background|tilemap_memory:tilemap|memory~1172 ; Stuck at GND due to stuck port data_in ;
; background_engine:background|tilemap_memory:tilemap|memory~1180 ; Stuck at GND due to stuck port data_in ;
; background_engine:background|tilemap_memory:tilemap|memory~1188 ; Stuck at GND due to stuck port data_in ;
; background_engine:background|tilemap_memory:tilemap|memory~1196 ; Stuck at GND due to stuck port data_in ;
; background_engine:background|tilemap_memory:tilemap|memory~1204 ; Stuck at GND due to stuck port data_in ;
; background_engine:background|tilemap_memory:tilemap|memory~1212 ; Stuck at GND due to stuck port data_in ;
; background_engine:background|tilemap_memory:tilemap|memory~1220 ; Stuck at GND due to stuck port data_in ;
; background_engine:background|tilemap_memory:tilemap|memory~1228 ; Stuck at GND due to stuck port data_in ;
; background_engine:background|tilemap_memory:tilemap|memory~1236 ; Stuck at GND due to stuck port data_in ;
; background_engine:background|tilemap_memory:tilemap|memory~1244 ; Stuck at GND due to stuck port data_in ;
; background_engine:background|tilemap_memory:tilemap|memory~1252 ; Stuck at GND due to stuck port data_in ;
; background_engine:background|tilemap_memory:tilemap|memory~1260 ; Stuck at GND due to stuck port data_in ;
; background_engine:background|tilemap_memory:tilemap|memory~1268 ; Stuck at GND due to stuck port data_in ;
; background_engine:background|tilemap_memory:tilemap|memory~1276 ; Stuck at GND due to stuck port data_in ;
; background_engine:background|tilemap_memory:tilemap|memory~1284 ; Stuck at GND due to stuck port data_in ;
; background_engine:background|tilemap_memory:tilemap|memory~1292 ; Stuck at GND due to stuck port data_in ;
; background_engine:background|tilemap_memory:tilemap|memory~1300 ; Stuck at GND due to stuck port data_in ;
; background_engine:background|tilemap_memory:tilemap|memory~1308 ; Stuck at GND due to stuck port data_in ;
; background_engine:background|tilemap_memory:tilemap|memory~1316 ; Stuck at GND due to stuck port data_in ;
; background_engine:background|tilemap_memory:tilemap|memory~1324 ; Stuck at GND due to stuck port data_in ;
; background_engine:background|tilemap_memory:tilemap|memory~1332 ; Stuck at GND due to stuck port data_in ;
; background_engine:background|tilemap_memory:tilemap|memory~1340 ; Stuck at GND due to stuck port data_in ;
; background_engine:background|tilemap_memory:tilemap|memory~1348 ; Stuck at GND due to stuck port data_in ;
; background_engine:background|tilemap_memory:tilemap|memory~1356 ; Stuck at GND due to stuck port data_in ;
; background_engine:background|tilemap_memory:tilemap|memory~1364 ; Stuck at GND due to stuck port data_in ;
; background_engine:background|tilemap_memory:tilemap|memory~1372 ; Stuck at GND due to stuck port data_in ;
; background_engine:background|tilemap_memory:tilemap|memory~1380 ; Stuck at GND due to stuck port data_in ;
; background_engine:background|tilemap_memory:tilemap|memory~1388 ; Stuck at GND due to stuck port data_in ;
; background_engine:background|tilemap_memory:tilemap|memory~1396 ; Stuck at GND due to stuck port data_in ;
; background_engine:background|tilemap_memory:tilemap|memory~1404 ; Stuck at GND due to stuck port data_in ;
; background_engine:background|tilemap_memory:tilemap|memory~1412 ; Stuck at GND due to stuck port data_in ;
; background_engine:background|tilemap_memory:tilemap|memory~1420 ; Stuck at GND due to stuck port data_in ;
; background_engine:background|tilemap_memory:tilemap|memory~1428 ; Stuck at GND due to stuck port data_in ;
; background_engine:background|tilemap_memory:tilemap|memory~1436 ; Stuck at GND due to stuck port data_in ;
; background_engine:background|tilemap_memory:tilemap|memory~1460 ; Stuck at GND due to stuck port data_in ;
; background_engine:background|tilemap_memory:tilemap|memory~1468 ; Stuck at GND due to stuck port data_in ;
; background_engine:background|tilemap_memory:tilemap|memory~1476 ; Stuck at GND due to stuck port data_in ;
; background_engine:background|tilemap_memory:tilemap|memory~1484 ; Stuck at GND due to stuck port data_in ;
; background_engine:background|tilemap_memory:tilemap|memory~1492 ; Stuck at GND due to stuck port data_in ;
; background_engine:background|tilemap_memory:tilemap|memory~1500 ; Stuck at GND due to stuck port data_in ;
; background_engine:background|tilemap_memory:tilemap|memory~1508 ; Stuck at GND due to stuck port data_in ;
; background_engine:background|tilemap_memory:tilemap|memory~1516 ; Stuck at GND due to stuck port data_in ;
; background_engine:background|tilemap_memory:tilemap|memory~1524 ; Stuck at GND due to stuck port data_in ;
; background_engine:background|tilemap_memory:tilemap|memory~1532 ; Stuck at GND due to stuck port data_in ;
; background_engine:background|tilemap_memory:tilemap|memory~1540 ; Stuck at GND due to stuck port data_in ;
; background_engine:background|tilemap_memory:tilemap|memory~1548 ; Stuck at GND due to stuck port data_in ;
; background_engine:background|tilemap_memory:tilemap|memory~1556 ; Stuck at GND due to stuck port data_in ;
; background_engine:background|tilemap_memory:tilemap|memory~1564 ; Stuck at GND due to stuck port data_in ;
; background_engine:background|tilemap_memory:tilemap|memory~1572 ; Stuck at GND due to stuck port data_in ;
; background_engine:background|tilemap_memory:tilemap|memory~1580 ; Stuck at GND due to stuck port data_in ;
; background_engine:background|tilemap_memory:tilemap|memory~1588 ; Stuck at GND due to stuck port data_in ;
; background_engine:background|tilemap_memory:tilemap|memory~1596 ; Stuck at GND due to stuck port data_in ;
; background_engine:background|tilemap_memory:tilemap|memory~1604 ; Stuck at GND due to stuck port data_in ;
; background_engine:background|tilemap_memory:tilemap|memory~1612 ; Stuck at GND due to stuck port data_in ;
; background_engine:background|tilemap_memory:tilemap|memory~1668 ; Stuck at GND due to stuck port data_in ;
; background_engine:background|tilemap_memory:tilemap|memory~1676 ; Stuck at GND due to stuck port data_in ;
; background_engine:background|tilemap_memory:tilemap|memory~1692 ; Stuck at GND due to stuck port data_in ;
; background_engine:background|tilemap_memory:tilemap|memory~1700 ; Stuck at GND due to stuck port data_in ;
; background_engine:background|tilemap_memory:tilemap|memory~1716 ; Stuck at GND due to stuck port data_in ;
; background_engine:background|tilemap_memory:tilemap|memory~1724 ; Stuck at GND due to stuck port data_in ;
; background_engine:background|tilemap_memory:tilemap|memory~1732 ; Stuck at GND due to stuck port data_in ;
; background_engine:background|tilemap_memory:tilemap|memory~1740 ; Stuck at GND due to stuck port data_in ;
; background_engine:background|tilemap_memory:tilemap|memory~1748 ; Stuck at GND due to stuck port data_in ;
; background_engine:background|tilemap_memory:tilemap|memory~1780 ; Stuck at GND due to stuck port data_in ;
; background_engine:background|tilemap_memory:tilemap|memory~1788 ; Stuck at GND due to stuck port data_in ;
; background_engine:background|tilemap_memory:tilemap|memory~1796 ; Stuck at GND due to stuck port data_in ;
; background_engine:background|tilemap_memory:tilemap|memory~1804 ; Stuck at GND due to stuck port data_in ;
; background_engine:background|tilemap_memory:tilemap|memory~1812 ; Stuck at GND due to stuck port data_in ;
; background_engine:background|tilemap_memory:tilemap|memory~1820 ; Stuck at GND due to stuck port data_in ;
; background_engine:background|tilemap_memory:tilemap|memory~1844 ; Stuck at GND due to stuck port data_in ;
; background_engine:background|tilemap_memory:tilemap|memory~1860 ; Stuck at GND due to stuck port data_in ;
; background_engine:background|tilemap_memory:tilemap|memory~1868 ; Stuck at GND due to stuck port data_in ;
; background_engine:background|tilemap_memory:tilemap|memory~1876 ; Stuck at GND due to stuck port data_in ;
; background_engine:background|tilemap_memory:tilemap|memory~1884 ; Stuck at GND due to stuck port data_in ;
; background_engine:background|tilemap_memory:tilemap|memory~1892 ; Stuck at GND due to stuck port data_in ;
; background_engine:background|tilemap_memory:tilemap|memory~1900 ; Stuck at GND due to stuck port data_in ;
; background_engine:background|tilemap_memory:tilemap|memory~1908 ; Stuck at GND due to stuck port data_in ;
; background_engine:background|tilemap_memory:tilemap|memory~1916 ; Stuck at GND due to stuck port data_in ;
; background_engine:background|tilemap_memory:tilemap|memory~1924 ; Stuck at GND due to stuck port data_in ;
; background_engine:background|tilemap_memory:tilemap|memory~1932 ; Stuck at GND due to stuck port data_in ;
; background_engine:background|tilemap_memory:tilemap|memory~1940 ; Stuck at GND due to stuck port data_in ;
; background_engine:background|tilemap_memory:tilemap|memory~1988 ; Stuck at GND due to stuck port data_in ;
; background_engine:background|tilemap_memory:tilemap|memory~2012 ; Stuck at GND due to stuck port data_in ;
; background_engine:background|tilemap_memory:tilemap|memory~2020 ; Stuck at GND due to stuck port data_in ;
; background_engine:background|tilemap_memory:tilemap|memory~2028 ; Stuck at GND due to stuck port data_in ;
; background_engine:background|tilemap_memory:tilemap|memory~2036 ; Stuck at GND due to stuck port data_in ;
; background_engine:background|tilemap_memory:tilemap|memory~2044 ; Stuck at GND due to stuck port data_in ;
; background_engine:background|tilemap_memory:tilemap|memory~2052 ; Stuck at GND due to stuck port data_in ;
; background_engine:background|tilemap_memory:tilemap|memory~2060 ; Stuck at GND due to stuck port data_in ;
; background_engine:background|tilemap_memory:tilemap|memory~2068 ; Stuck at GND due to stuck port data_in ;
; background_engine:background|tilemap_memory:tilemap|memory~2092 ; Stuck at GND due to stuck port data_in ;
; background_engine:background|tilemap_memory:tilemap|memory~2100 ; Stuck at GND due to stuck port data_in ;
; background_engine:background|tilemap_memory:tilemap|memory~2108 ; Stuck at GND due to stuck port data_in ;
; background_engine:background|tilemap_memory:tilemap|memory~2116 ; Stuck at GND due to stuck port data_in ;
; background_engine:background|tilemap_memory:tilemap|memory~2124 ; Stuck at GND due to stuck port data_in ;
; background_engine:background|tilemap_memory:tilemap|memory~2132 ; Stuck at GND due to stuck port data_in ;
; background_engine:background|tilemap_memory:tilemap|memory~2140 ; Stuck at GND due to stuck port data_in ;
; background_engine:background|tilemap_memory:tilemap|memory~2180 ; Stuck at GND due to stuck port data_in ;
; background_engine:background|tilemap_memory:tilemap|memory~2188 ; Stuck at GND due to stuck port data_in ;
; background_engine:background|tilemap_memory:tilemap|memory~2196 ; Stuck at GND due to stuck port data_in ;
; background_engine:background|tilemap_memory:tilemap|memory~2204 ; Stuck at GND due to stuck port data_in ;
; background_engine:background|tilemap_memory:tilemap|memory~2212 ; Stuck at GND due to stuck port data_in ;
; background_engine:background|tilemap_memory:tilemap|memory~2220 ; Stuck at GND due to stuck port data_in ;
; background_engine:background|tilemap_memory:tilemap|memory~2228 ; Stuck at GND due to stuck port data_in ;
; background_engine:background|tilemap_memory:tilemap|memory~2236 ; Stuck at GND due to stuck port data_in ;
; background_engine:background|tilemap_memory:tilemap|memory~2244 ; Stuck at GND due to stuck port data_in ;
; background_engine:background|tilemap_memory:tilemap|memory~2252 ; Stuck at GND due to stuck port data_in ;
; background_engine:background|tilemap_memory:tilemap|memory~2260 ; Stuck at GND due to stuck port data_in ;
; background_engine:background|tilemap_memory:tilemap|memory~2284 ; Stuck at GND due to stuck port data_in ;
; background_engine:background|tilemap_memory:tilemap|memory~2292 ; Stuck at GND due to stuck port data_in ;
; background_engine:background|tilemap_memory:tilemap|memory~2324 ; Stuck at GND due to stuck port data_in ;
; background_engine:background|tilemap_memory:tilemap|memory~2332 ; Stuck at GND due to stuck port data_in ;
; background_engine:background|tilemap_memory:tilemap|memory~2340 ; Stuck at GND due to stuck port data_in ;
; background_engine:background|tilemap_memory:tilemap|memory~2348 ; Stuck at GND due to stuck port data_in ;
; background_engine:background|tilemap_memory:tilemap|memory~2356 ; Stuck at GND due to stuck port data_in ;
; background_engine:background|tilemap_memory:tilemap|memory~2364 ; Stuck at GND due to stuck port data_in ;
; background_engine:background|tilemap_memory:tilemap|memory~2372 ; Stuck at GND due to stuck port data_in ;
; background_engine:background|tilemap_memory:tilemap|memory~2380 ; Stuck at GND due to stuck port data_in ;
; background_engine:background|tilemap_memory:tilemap|memory~2388 ; Stuck at GND due to stuck port data_in ;
; background_engine:background|tilemap_memory:tilemap|memory~2396 ; Stuck at GND due to stuck port data_in ;
; background_engine:background|tilemap_memory:tilemap|memory~2404 ; Stuck at GND due to stuck port data_in ;
; background_engine:background|tilemap_memory:tilemap|memory~2412 ; Stuck at GND due to stuck port data_in ;
; background_engine:background|tilemap_memory:tilemap|memory~2420 ; Stuck at GND due to stuck port data_in ;
; background_engine:background|tilemap_memory:tilemap|memory~2428 ; Stuck at GND due to stuck port data_in ;
; background_engine:background|tilemap_memory:tilemap|memory~2436 ; Stuck at GND due to stuck port data_in ;
; background_engine:background|tilemap_memory:tilemap|memory~2444 ; Stuck at GND due to stuck port data_in ;
; background_engine:background|tilemap_memory:tilemap|memory~2452 ; Stuck at GND due to stuck port data_in ;
; background_engine:background|tilemap_memory:tilemap|memory~2468 ; Stuck at GND due to stuck port data_in ;
; background_engine:background|tilemap_memory:tilemap|memory~2476 ; Stuck at GND due to stuck port data_in ;
; background_engine:background|tilemap_memory:tilemap|memory~2492 ; Stuck at GND due to stuck port data_in ;
; background_engine:background|tilemap_memory:tilemap|memory~2500 ; Stuck at GND due to stuck port data_in ;
; background_engine:background|tilemap_memory:tilemap|memory~2508 ; Stuck at GND due to stuck port data_in ;
; background_engine:background|tilemap_memory:tilemap|memory~2516 ; Stuck at GND due to stuck port data_in ;
; background_engine:background|tilemap_memory:tilemap|memory~2524 ; Stuck at GND due to stuck port data_in ;
; background_engine:background|tilemap_memory:tilemap|memory~2532 ; Stuck at GND due to stuck port data_in ;
; background_engine:background|tilemap_memory:tilemap|memory~2540 ; Stuck at GND due to stuck port data_in ;
; background_engine:background|tilemap_memory:tilemap|memory~2548 ; Stuck at GND due to stuck port data_in ;
; background_engine:background|tilemap_memory:tilemap|memory~2556 ; Stuck at GND due to stuck port data_in ;
; background_engine:background|tilemap_memory:tilemap|memory~2564 ; Stuck at GND due to stuck port data_in ;
; background_engine:background|tilemap_memory:tilemap|memory~2580 ; Stuck at GND due to stuck port data_in ;
; background_engine:background|tilemap_memory:tilemap|memory~2588 ; Stuck at GND due to stuck port data_in ;
; background_engine:background|tilemap_memory:tilemap|memory~2604 ; Stuck at GND due to stuck port data_in ;
; background_engine:background|tilemap_memory:tilemap|memory~2612 ; Stuck at GND due to stuck port data_in ;
; background_engine:background|tilemap_memory:tilemap|memory~2620 ; Stuck at GND due to stuck port data_in ;
; background_engine:background|tilemap_memory:tilemap|memory~2636 ; Stuck at GND due to stuck port data_in ;
; background_engine:background|tilemap_memory:tilemap|memory~2644 ; Stuck at GND due to stuck port data_in ;
; background_engine:background|tilemap_memory:tilemap|memory~2652 ; Stuck at GND due to stuck port data_in ;
; background_engine:background|tilemap_memory:tilemap|memory~2660 ; Stuck at GND due to stuck port data_in ;
; background_engine:background|tilemap_memory:tilemap|memory~2668 ; Stuck at GND due to stuck port data_in ;
; background_engine:background|tilemap_memory:tilemap|memory~2676 ; Stuck at GND due to stuck port data_in ;
; background_engine:background|tilemap_memory:tilemap|memory~2684 ; Stuck at GND due to stuck port data_in ;
; background_engine:background|tilemap_memory:tilemap|memory~2692 ; Stuck at GND due to stuck port data_in ;
; background_engine:background|tilemap_memory:tilemap|memory~2700 ; Stuck at GND due to stuck port data_in ;
; background_engine:background|tilemap_memory:tilemap|memory~2708 ; Stuck at GND due to stuck port data_in ;
; background_engine:background|tilemap_memory:tilemap|memory~2716 ; Stuck at GND due to stuck port data_in ;
; background_engine:background|tilemap_memory:tilemap|memory~2724 ; Stuck at GND due to stuck port data_in ;
; background_engine:background|tilemap_memory:tilemap|memory~2740 ; Stuck at GND due to stuck port data_in ;
; background_engine:background|tilemap_memory:tilemap|memory~2748 ; Stuck at GND due to stuck port data_in ;
; background_engine:background|tilemap_memory:tilemap|memory~2756 ; Stuck at GND due to stuck port data_in ;
; background_engine:background|tilemap_memory:tilemap|memory~2764 ; Stuck at GND due to stuck port data_in ;
; background_engine:background|tilemap_memory:tilemap|memory~2788 ; Stuck at GND due to stuck port data_in ;
; background_engine:background|tilemap_memory:tilemap|memory~2796 ; Stuck at GND due to stuck port data_in ;
; background_engine:background|tilemap_memory:tilemap|memory~2828 ; Stuck at GND due to stuck port data_in ;
; background_engine:background|tilemap_memory:tilemap|memory~2836 ; Stuck at GND due to stuck port data_in ;
; background_engine:background|tilemap_memory:tilemap|memory~2844 ; Stuck at GND due to stuck port data_in ;
; background_engine:background|tilemap_memory:tilemap|memory~2852 ; Stuck at GND due to stuck port data_in ;
; background_engine:background|tilemap_memory:tilemap|memory~2860 ; Stuck at GND due to stuck port data_in ;
; background_engine:background|tilemap_memory:tilemap|memory~2868 ; Stuck at GND due to stuck port data_in ;
; background_engine:background|tilemap_memory:tilemap|memory~2876 ; Stuck at GND due to stuck port data_in ;
; background_engine:background|tilemap_memory:tilemap|memory~2884 ; Stuck at GND due to stuck port data_in ;
; background_engine:background|tilemap_memory:tilemap|memory~2892 ; Stuck at GND due to stuck port data_in ;
; background_engine:background|tilemap_memory:tilemap|memory~2900 ; Stuck at GND due to stuck port data_in ;
; background_engine:background|tilemap_memory:tilemap|memory~2908 ; Stuck at GND due to stuck port data_in ;
; background_engine:background|tilemap_memory:tilemap|memory~2940 ; Stuck at GND due to stuck port data_in ;
; background_engine:background|tilemap_memory:tilemap|memory~2948 ; Stuck at GND due to stuck port data_in ;
; background_engine:background|tilemap_memory:tilemap|memory~2956 ; Stuck at GND due to stuck port data_in ;
; background_engine:background|tilemap_memory:tilemap|memory~2964 ; Stuck at GND due to stuck port data_in ;
; background_engine:background|tilemap_memory:tilemap|memory~2972 ; Stuck at GND due to stuck port data_in ;
; background_engine:background|tilemap_memory:tilemap|memory~2980 ; Stuck at GND due to stuck port data_in ;
; background_engine:background|tilemap_memory:tilemap|memory~2988 ; Stuck at GND due to stuck port data_in ;
; background_engine:background|tilemap_memory:tilemap|memory~2996 ; Stuck at GND due to stuck port data_in ;
; background_engine:background|tilemap_memory:tilemap|memory~3004 ; Stuck at GND due to stuck port data_in ;
; background_engine:background|tilemap_memory:tilemap|memory~3012 ; Stuck at GND due to stuck port data_in ;
; background_engine:background|tilemap_memory:tilemap|memory~3020 ; Stuck at GND due to stuck port data_in ;
; background_engine:background|tilemap_memory:tilemap|memory~3028 ; Stuck at GND due to stuck port data_in ;
; background_engine:background|tilemap_memory:tilemap|memory~3036 ; Stuck at GND due to stuck port data_in ;
; background_engine:background|tilemap_memory:tilemap|memory~3044 ; Stuck at GND due to stuck port data_in ;
; background_engine:background|tilemap_memory:tilemap|memory~3052 ; Stuck at GND due to stuck port data_in ;
; background_engine:background|tilemap_memory:tilemap|memory~3060 ; Stuck at GND due to stuck port data_in ;
; background_engine:background|tilemap_memory:tilemap|memory~3068 ; Stuck at GND due to stuck port data_in ;
; background_engine:background|tilemap_memory:tilemap|memory~3076 ; Stuck at GND due to stuck port data_in ;
; background_engine:background|tilemap_memory:tilemap|memory~3084 ; Stuck at GND due to stuck port data_in ;
; background_engine:background|tilemap_memory:tilemap|memory~3092 ; Stuck at GND due to stuck port data_in ;
; background_engine:background|tilemap_memory:tilemap|memory~3148 ; Stuck at GND due to stuck port data_in ;
; background_engine:background|tilemap_memory:tilemap|memory~3156 ; Stuck at GND due to stuck port data_in ;
; background_engine:background|tilemap_memory:tilemap|memory~3164 ; Stuck at GND due to stuck port data_in ;
; background_engine:background|tilemap_memory:tilemap|memory~3172 ; Stuck at GND due to stuck port data_in ;
; background_engine:background|tilemap_memory:tilemap|memory~3180 ; Stuck at GND due to stuck port data_in ;
; background_engine:background|tilemap_memory:tilemap|memory~3188 ; Stuck at GND due to stuck port data_in ;
; background_engine:background|tilemap_memory:tilemap|memory~3196 ; Stuck at GND due to stuck port data_in ;
; background_engine:background|tilemap_memory:tilemap|memory~3204 ; Stuck at GND due to stuck port data_in ;
; background_engine:background|tilemap_memory:tilemap|memory~3212 ; Stuck at GND due to stuck port data_in ;
; background_engine:background|tilemap_memory:tilemap|memory~3220 ; Stuck at GND due to stuck port data_in ;
; background_engine:background|tilemap_memory:tilemap|memory~3228 ; Stuck at GND due to stuck port data_in ;
; background_engine:background|tilemap_memory:tilemap|memory~3236 ; Stuck at GND due to stuck port data_in ;
; background_engine:background|tilemap_memory:tilemap|memory~3244 ; Stuck at GND due to stuck port data_in ;
; background_engine:background|tilemap_memory:tilemap|memory~3260 ; Stuck at GND due to stuck port data_in ;
; background_engine:background|tilemap_memory:tilemap|memory~3268 ; Stuck at GND due to stuck port data_in ;
; background_engine:background|tilemap_memory:tilemap|memory~3276 ; Stuck at GND due to stuck port data_in ;
; background_engine:background|tilemap_memory:tilemap|memory~3284 ; Stuck at GND due to stuck port data_in ;
; background_engine:background|tilemap_memory:tilemap|memory~3292 ; Stuck at GND due to stuck port data_in ;
; background_engine:background|tilemap_memory:tilemap|memory~3300 ; Stuck at GND due to stuck port data_in ;
; background_engine:background|tilemap_memory:tilemap|memory~3308 ; Stuck at GND due to stuck port data_in ;
; background_engine:background|tilemap_memory:tilemap|memory~3316 ; Stuck at GND due to stuck port data_in ;
; background_engine:background|tilemap_memory:tilemap|memory~3324 ; Stuck at GND due to stuck port data_in ;
; background_engine:background|tilemap_memory:tilemap|memory~3332 ; Stuck at GND due to stuck port data_in ;
; background_engine:background|tilemap_memory:tilemap|memory~3340 ; Stuck at GND due to stuck port data_in ;
; background_engine:background|tilemap_memory:tilemap|memory~3348 ; Stuck at GND due to stuck port data_in ;
; background_engine:background|tilemap_memory:tilemap|memory~3356 ; Stuck at GND due to stuck port data_in ;
; background_engine:background|tilemap_memory:tilemap|memory~3364 ; Stuck at GND due to stuck port data_in ;
; background_engine:background|tilemap_memory:tilemap|memory~3372 ; Stuck at GND due to stuck port data_in ;
; background_engine:background|tilemap_memory:tilemap|memory~3380 ; Stuck at GND due to stuck port data_in ;
; background_engine:background|tilemap_memory:tilemap|memory~3388 ; Stuck at GND due to stuck port data_in ;
; background_engine:background|tilemap_memory:tilemap|memory~3396 ; Stuck at GND due to stuck port data_in ;
; background_engine:background|tilemap_memory:tilemap|memory~3404 ; Stuck at GND due to stuck port data_in ;
; background_engine:background|tilemap_memory:tilemap|memory~3468 ; Stuck at GND due to stuck port data_in ;
; background_engine:background|tilemap_memory:tilemap|memory~3476 ; Stuck at GND due to stuck port data_in ;
; background_engine:background|tilemap_memory:tilemap|memory~3500 ; Stuck at GND due to stuck port data_in ;
; background_engine:background|tilemap_memory:tilemap|memory~3508 ; Stuck at GND due to stuck port data_in ;
; background_engine:background|tilemap_memory:tilemap|memory~3516 ; Stuck at GND due to stuck port data_in ;
; background_engine:background|tilemap_memory:tilemap|memory~3524 ; Stuck at GND due to stuck port data_in ;
; background_engine:background|tilemap_memory:tilemap|memory~3532 ; Stuck at GND due to stuck port data_in ;
; background_engine:background|tilemap_memory:tilemap|memory~3540 ; Stuck at GND due to stuck port data_in ;
; background_engine:background|tilemap_memory:tilemap|memory~3548 ; Stuck at GND due to stuck port data_in ;
; background_engine:background|tilemap_memory:tilemap|memory~3556 ; Stuck at GND due to stuck port data_in ;
; background_engine:background|tilemap_memory:tilemap|memory~3564 ; Stuck at GND due to stuck port data_in ;
; background_engine:background|tilemap_memory:tilemap|memory~3572 ; Stuck at GND due to stuck port data_in ;
; background_engine:background|tilemap_memory:tilemap|memory~3580 ; Stuck at GND due to stuck port data_in ;
; background_engine:background|tilemap_memory:tilemap|memory~3588 ; Stuck at GND due to stuck port data_in ;
; background_engine:background|tilemap_memory:tilemap|memory~3604 ; Stuck at GND due to stuck port data_in ;
; background_engine:background|tilemap_memory:tilemap|memory~3612 ; Stuck at GND due to stuck port data_in ;
; background_engine:background|tilemap_memory:tilemap|memory~3620 ; Stuck at GND due to stuck port data_in ;
; background_engine:background|tilemap_memory:tilemap|memory~3628 ; Stuck at GND due to stuck port data_in ;
; background_engine:background|tilemap_memory:tilemap|memory~3636 ; Stuck at GND due to stuck port data_in ;
; background_engine:background|tilemap_memory:tilemap|memory~3644 ; Stuck at GND due to stuck port data_in ;
; background_engine:background|tilemap_memory:tilemap|memory~3652 ; Stuck at GND due to stuck port data_in ;
; background_engine:background|tilemap_memory:tilemap|memory~3660 ; Stuck at GND due to stuck port data_in ;
; background_engine:background|tilemap_memory:tilemap|memory~3668 ; Stuck at GND due to stuck port data_in ;
; background_engine:background|tilemap_memory:tilemap|memory~3676 ; Stuck at GND due to stuck port data_in ;
; background_engine:background|tilemap_memory:tilemap|memory~3684 ; Stuck at GND due to stuck port data_in ;
; background_engine:background|tilemap_memory:tilemap|memory~3692 ; Stuck at GND due to stuck port data_in ;
; background_engine:background|tilemap_memory:tilemap|memory~3700 ; Stuck at GND due to stuck port data_in ;
; background_engine:background|tilemap_memory:tilemap|memory~3708 ; Stuck at GND due to stuck port data_in ;
; background_engine:background|tilemap_memory:tilemap|memory~3716 ; Stuck at GND due to stuck port data_in ;
; background_engine:background|tilemap_memory:tilemap|memory~3724 ; Stuck at GND due to stuck port data_in ;
; background_engine:background|tilemap_memory:tilemap|memory~3772 ; Stuck at GND due to stuck port data_in ;
; background_engine:background|tilemap_memory:tilemap|memory~3780 ; Stuck at GND due to stuck port data_in ;
; background_engine:background|tilemap_memory:tilemap|memory~3788 ; Stuck at GND due to stuck port data_in ;
; background_engine:background|tilemap_memory:tilemap|memory~3796 ; Stuck at GND due to stuck port data_in ;
; background_engine:background|tilemap_memory:tilemap|memory~3804 ; Stuck at GND due to stuck port data_in ;
; background_engine:background|tilemap_memory:tilemap|memory~3812 ; Stuck at GND due to stuck port data_in ;
; background_engine:background|tilemap_memory:tilemap|memory~3820 ; Stuck at GND due to stuck port data_in ;
; background_engine:background|tilemap_memory:tilemap|memory~3828 ; Stuck at GND due to stuck port data_in ;
; background_engine:background|tilemap_memory:tilemap|memory~3836 ; Stuck at GND due to stuck port data_in ;
; background_engine:background|tilemap_memory:tilemap|memory~3844 ; Stuck at GND due to stuck port data_in ;
; background_engine:background|tilemap_memory:tilemap|memory~3852 ; Stuck at GND due to stuck port data_in ;
; background_engine:background|tilemap_memory:tilemap|memory~3860 ; Stuck at GND due to stuck port data_in ;
; background_engine:background|tilemap_memory:tilemap|memory~3868 ; Stuck at GND due to stuck port data_in ;
; background_engine:background|tilemap_memory:tilemap|memory~3876 ; Stuck at GND due to stuck port data_in ;
; background_engine:background|tilemap_memory:tilemap|memory~3884 ; Stuck at GND due to stuck port data_in ;
; background_engine:background|tilemap_memory:tilemap|memory~3892 ; Stuck at GND due to stuck port data_in ;
; background_engine:background|tilemap_memory:tilemap|memory~3900 ; Stuck at GND due to stuck port data_in ;
; background_engine:background|tilemap_memory:tilemap|memory~3908 ; Stuck at GND due to stuck port data_in ;
; background_engine:background|tilemap_memory:tilemap|memory~3916 ; Stuck at GND due to stuck port data_in ;
; background_engine:background|tilemap_memory:tilemap|memory~3924 ; Stuck at GND due to stuck port data_in ;
; background_engine:background|tilemap_memory:tilemap|memory~3932 ; Stuck at GND due to stuck port data_in ;
; background_engine:background|tilemap_memory:tilemap|memory~3940 ; Stuck at GND due to stuck port data_in ;
; background_engine:background|tilemap_memory:tilemap|memory~3948 ; Stuck at GND due to stuck port data_in ;
; background_engine:background|tilemap_memory:tilemap|memory~3956 ; Stuck at GND due to stuck port data_in ;
; background_engine:background|tilemap_memory:tilemap|memory~3964 ; Stuck at GND due to stuck port data_in ;
; background_engine:background|tilemap_memory:tilemap|memory~3972 ; Stuck at GND due to stuck port data_in ;
; background_engine:background|tilemap_memory:tilemap|memory~3980 ; Stuck at GND due to stuck port data_in ;
; background_engine:background|tilemap_memory:tilemap|memory~3988 ; Stuck at GND due to stuck port data_in ;
; background_engine:background|tilemap_memory:tilemap|memory~3996 ; Stuck at GND due to stuck port data_in ;
; background_engine:background|tilemap_memory:tilemap|memory~4004 ; Stuck at GND due to stuck port data_in ;
; background_engine:background|tilemap_memory:tilemap|memory~4012 ; Stuck at GND due to stuck port data_in ;
; background_engine:background|tilemap_memory:tilemap|memory~4020 ; Stuck at GND due to stuck port data_in ;
; background_engine:background|tilemap_memory:tilemap|memory~4028 ; Stuck at GND due to stuck port data_in ;
; background_engine:background|tilemap_memory:tilemap|memory~4036 ; Stuck at GND due to stuck port data_in ;
; background_engine:background|tilemap_memory:tilemap|memory~4044 ; Stuck at GND due to stuck port data_in ;
; background_engine:background|tilemap_memory:tilemap|memory~4052 ; Stuck at GND due to stuck port data_in ;
; background_engine:background|tilemap_memory:tilemap|memory~4060 ; Stuck at GND due to stuck port data_in ;
; background_engine:background|tilemap_memory:tilemap|memory~4068 ; Stuck at GND due to stuck port data_in ;
; background_engine:background|tilemap_memory:tilemap|memory~4076 ; Stuck at GND due to stuck port data_in ;
; background_engine:background|tilemap_memory:tilemap|memory~4084 ; Stuck at GND due to stuck port data_in ;
; background_engine:background|tilemap_memory:tilemap|memory~4092 ; Stuck at GND due to stuck port data_in ;
; background_engine:background|tilemap_memory:tilemap|memory~4100 ; Stuck at GND due to stuck port data_in ;
; background_engine:background|tilemap_memory:tilemap|memory~4108 ; Stuck at GND due to stuck port data_in ;
; background_engine:background|tilemap_memory:tilemap|memory~4116 ; Stuck at GND due to stuck port data_in ;
; background_engine:background|tilemap_memory:tilemap|memory~4124 ; Stuck at GND due to stuck port data_in ;
; background_engine:background|tilemap_memory:tilemap|memory~4132 ; Stuck at GND due to stuck port data_in ;
; background_engine:background|tilemap_memory:tilemap|memory~4140 ; Stuck at GND due to stuck port data_in ;
; background_engine:background|tilemap_memory:tilemap|memory~4148 ; Stuck at GND due to stuck port data_in ;
; background_engine:background|tilemap_memory:tilemap|memory~4156 ; Stuck at GND due to stuck port data_in ;
; background_engine:background|tilemap_memory:tilemap|memory~4164 ; Stuck at GND due to stuck port data_in ;
; background_engine:background|tilemap_memory:tilemap|memory~4172 ; Stuck at GND due to stuck port data_in ;
; background_engine:background|tilemap_memory:tilemap|memory~4180 ; Stuck at GND due to stuck port data_in ;
; background_engine:background|tilemap_memory:tilemap|memory~4188 ; Stuck at GND due to stuck port data_in ;
; background_engine:background|tilemap_memory:tilemap|memory~4196 ; Stuck at GND due to stuck port data_in ;
; background_engine:background|tilemap_memory:tilemap|memory~4204 ; Stuck at GND due to stuck port data_in ;
; background_engine:background|tilemap_memory:tilemap|memory~4212 ; Stuck at GND due to stuck port data_in ;
; background_engine:background|tilemap_memory:tilemap|memory~4220 ; Stuck at GND due to stuck port data_in ;
; background_engine:background|tilemap_memory:tilemap|memory~4228 ; Stuck at GND due to stuck port data_in ;
; background_engine:background|tilemap_memory:tilemap|memory~4236 ; Stuck at GND due to stuck port data_in ;
; background_engine:background|tilemap_memory:tilemap|memory~4244 ; Stuck at GND due to stuck port data_in ;
; background_engine:background|tilemap_memory:tilemap|memory~4252 ; Stuck at GND due to stuck port data_in ;
; background_engine:background|tilemap_memory:tilemap|memory~4260 ; Stuck at GND due to stuck port data_in ;
; background_engine:background|tilemap_memory:tilemap|memory~4268 ; Stuck at GND due to stuck port data_in ;
; background_engine:background|tilemap_memory:tilemap|memory~4276 ; Stuck at GND due to stuck port data_in ;
; background_engine:background|tilemap_memory:tilemap|memory~4284 ; Stuck at GND due to stuck port data_in ;
; background_engine:background|tilemap_memory:tilemap|memory~4292 ; Stuck at GND due to stuck port data_in ;
; background_engine:background|tilemap_memory:tilemap|memory~4300 ; Stuck at GND due to stuck port data_in ;
; background_engine:background|tilemap_memory:tilemap|memory~4308 ; Stuck at GND due to stuck port data_in ;
; background_engine:background|tilemap_memory:tilemap|memory~4316 ; Stuck at GND due to stuck port data_in ;
; background_engine:background|tilemap_memory:tilemap|memory~4324 ; Stuck at GND due to stuck port data_in ;
; background_engine:background|tilemap_memory:tilemap|memory~4332 ; Stuck at GND due to stuck port data_in ;
; background_engine:background|tilemap_memory:tilemap|memory~4340 ; Stuck at GND due to stuck port data_in ;
; background_engine:background|tilemap_memory:tilemap|memory~4348 ; Stuck at GND due to stuck port data_in ;
; background_engine:background|tilemap_memory:tilemap|memory~4356 ; Stuck at GND due to stuck port data_in ;
; background_engine:background|tilemap_memory:tilemap|memory~4364 ; Stuck at GND due to stuck port data_in ;
; background_engine:background|tilemap_memory:tilemap|memory~4372 ; Stuck at GND due to stuck port data_in ;
; background_engine:background|tilemap_memory:tilemap|memory~4380 ; Stuck at GND due to stuck port data_in ;
; background_engine:background|tilemap_memory:tilemap|memory~4388 ; Stuck at GND due to stuck port data_in ;
; background_engine:background|tilemap_memory:tilemap|memory~4396 ; Stuck at GND due to stuck port data_in ;
; background_engine:background|tilemap_memory:tilemap|memory~4404 ; Stuck at GND due to stuck port data_in ;
; background_engine:background|tilemap_memory:tilemap|memory~4412 ; Stuck at GND due to stuck port data_in ;
; background_engine:background|tilemap_memory:tilemap|memory~4420 ; Stuck at GND due to stuck port data_in ;
; background_engine:background|tilemap_memory:tilemap|memory~4428 ; Stuck at GND due to stuck port data_in ;
; background_engine:background|tilemap_memory:tilemap|memory~4436 ; Stuck at GND due to stuck port data_in ;
; background_engine:background|tilemap_memory:tilemap|memory~4444 ; Stuck at GND due to stuck port data_in ;
; background_engine:background|tilemap_memory:tilemap|memory~4452 ; Stuck at GND due to stuck port data_in ;
; background_engine:background|tilemap_memory:tilemap|memory~4460 ; Stuck at GND due to stuck port data_in ;
; background_engine:background|tilemap_memory:tilemap|memory~4468 ; Stuck at GND due to stuck port data_in ;
; background_engine:background|tilemap_memory:tilemap|memory~4476 ; Stuck at GND due to stuck port data_in ;
; background_engine:background|tilemap_memory:tilemap|memory~4484 ; Stuck at GND due to stuck port data_in ;
; background_engine:background|tilemap_memory:tilemap|memory~4492 ; Stuck at GND due to stuck port data_in ;
; background_engine:background|tilemap_memory:tilemap|memory~4500 ; Stuck at GND due to stuck port data_in ;
; background_engine:background|tilemap_memory:tilemap|memory~4508 ; Stuck at GND due to stuck port data_in ;
; background_engine:background|tilemap_memory:tilemap|memory~4516 ; Stuck at GND due to stuck port data_in ;
; background_engine:background|tilemap_memory:tilemap|memory~4524 ; Stuck at GND due to stuck port data_in ;
; background_engine:background|tilemap_memory:tilemap|memory~4532 ; Stuck at GND due to stuck port data_in ;
; background_engine:background|tilemap_memory:tilemap|memory~4540 ; Stuck at GND due to stuck port data_in ;
; background_engine:background|tilemap_memory:tilemap|memory~4548 ; Stuck at GND due to stuck port data_in ;
; background_engine:background|tilemap_memory:tilemap|memory~4556 ; Stuck at GND due to stuck port data_in ;
; background_engine:background|tilemap_memory:tilemap|memory~4564 ; Stuck at GND due to stuck port data_in ;
; background_engine:background|tilemap_memory:tilemap|memory~4572 ; Stuck at GND due to stuck port data_in ;
; background_engine:background|tilemap_memory:tilemap|memory~4580 ; Stuck at GND due to stuck port data_in ;
; background_engine:background|tilemap_memory:tilemap|memory~4588 ; Stuck at GND due to stuck port data_in ;
; background_engine:background|tilemap_memory:tilemap|memory~4596 ; Stuck at GND due to stuck port data_in ;
; background_engine:background|tilemap_memory:tilemap|memory~4604 ; Stuck at GND due to stuck port data_in ;
; background_engine:background|tilemap_memory:tilemap|memory~4612 ; Stuck at GND due to stuck port data_in ;
; background_engine:background|tilemap_memory:tilemap|memory~4660 ; Stuck at GND due to stuck port data_in ;
; background_engine:background|tilemap_memory:tilemap|memory~4668 ; Stuck at GND due to stuck port data_in ;
; background_engine:background|tilemap_memory:tilemap|memory~4676 ; Stuck at GND due to stuck port data_in ;
; background_engine:background|tilemap_memory:tilemap|memory~4684 ; Stuck at GND due to stuck port data_in ;
; background_engine:background|tilemap_memory:tilemap|memory~4692 ; Stuck at GND due to stuck port data_in ;
; background_engine:background|tilemap_memory:tilemap|memory~4700 ; Stuck at GND due to stuck port data_in ;
; background_engine:background|tilemap_memory:tilemap|memory~4708 ; Stuck at GND due to stuck port data_in ;
; background_engine:background|tilemap_memory:tilemap|memory~4716 ; Stuck at GND due to stuck port data_in ;
; background_engine:background|tilemap_memory:tilemap|memory~4724 ; Stuck at GND due to stuck port data_in ;
; background_engine:background|tilemap_memory:tilemap|memory~4732 ; Stuck at GND due to stuck port data_in ;
; background_engine:background|tilemap_memory:tilemap|memory~4740 ; Stuck at GND due to stuck port data_in ;
; background_engine:background|tilemap_memory:tilemap|memory~4748 ; Stuck at GND due to stuck port data_in ;
; background_engine:background|tilemap_memory:tilemap|memory~4756 ; Stuck at GND due to stuck port data_in ;
; background_engine:background|tilemap_memory:tilemap|memory~4764 ; Stuck at GND due to stuck port data_in ;
; background_engine:background|tilemap_memory:tilemap|memory~4772 ; Stuck at GND due to stuck port data_in ;
; background_engine:background|tilemap_memory:tilemap|memory~4780 ; Stuck at GND due to stuck port data_in ;
; background_engine:background|tilemap_memory:tilemap|memory~4788 ; Stuck at GND due to stuck port data_in ;
; background_engine:background|tilemap_memory:tilemap|memory~4796 ; Stuck at GND due to stuck port data_in ;
; background_engine:background|tilemap_memory:tilemap|memory~4804 ; Stuck at GND due to stuck port data_in ;
; background_engine:background|tilemap_memory:tilemap|memory~4812 ; Stuck at GND due to stuck port data_in ;
; background_engine:background|tilemap_memory:tilemap|memory~4820 ; Stuck at GND due to stuck port data_in ;
; background_engine:background|tilemap_memory:tilemap|memory~4828 ; Stuck at GND due to stuck port data_in ;
; background_engine:background|tilemap_memory:tilemap|memory~4836 ; Stuck at GND due to stuck port data_in ;
; background_engine:background|tilemap_memory:tilemap|memory~4844 ; Stuck at GND due to stuck port data_in ;
; background_engine:background|tilemap_memory:tilemap|memory~4852 ; Stuck at GND due to stuck port data_in ;
; background_engine:background|tilemap_memory:tilemap|memory~4860 ; Stuck at GND due to stuck port data_in ;
; background_engine:background|tilemap_memory:tilemap|memory~4868 ; Stuck at GND due to stuck port data_in ;
; background_engine:background|tilemap_memory:tilemap|memory~4876 ; Stuck at GND due to stuck port data_in ;
; background_engine:background|tilemap_memory:tilemap|memory~4884 ; Stuck at GND due to stuck port data_in ;
; background_engine:background|tilemap_memory:tilemap|memory~4892 ; Stuck at GND due to stuck port data_in ;
; background_engine:background|tilemap_memory:tilemap|memory~4900 ; Stuck at GND due to stuck port data_in ;
; background_engine:background|tilemap_memory:tilemap|memory~4908 ; Stuck at GND due to stuck port data_in ;
; background_engine:background|tilemap_memory:tilemap|memory~4916 ; Stuck at GND due to stuck port data_in ;
; background_engine:background|tilemap_memory:tilemap|memory~4924 ; Stuck at GND due to stuck port data_in ;
; background_engine:background|tilemap_memory:tilemap|memory~4932 ; Stuck at GND due to stuck port data_in ;
; background_engine:background|tilemap_memory:tilemap|memory~4940 ; Stuck at GND due to stuck port data_in ;
; background_engine:background|tilemap_memory:tilemap|memory~4980 ; Stuck at GND due to stuck port data_in ;
; background_engine:background|tilemap_memory:tilemap|memory~4988 ; Stuck at GND due to stuck port data_in ;
; background_engine:background|tilemap_memory:tilemap|memory~4996 ; Stuck at GND due to stuck port data_in ;
; background_engine:background|tilemap_memory:tilemap|memory~5004 ; Stuck at GND due to stuck port data_in ;
; background_engine:background|tilemap_memory:tilemap|memory~5012 ; Stuck at GND due to stuck port data_in ;
; background_engine:background|tilemap_memory:tilemap|memory~5020 ; Stuck at GND due to stuck port data_in ;
; background_engine:background|tilemap_memory:tilemap|memory~5028 ; Stuck at GND due to stuck port data_in ;
; background_engine:background|tilemap_memory:tilemap|memory~5036 ; Stuck at GND due to stuck port data_in ;
; background_engine:background|tilemap_memory:tilemap|memory~5044 ; Stuck at GND due to stuck port data_in ;
; background_engine:background|tilemap_memory:tilemap|memory~5052 ; Stuck at GND due to stuck port data_in ;
; background_engine:background|tilemap_memory:tilemap|memory~5068 ; Stuck at GND due to stuck port data_in ;
; background_engine:background|tilemap_memory:tilemap|memory~5076 ; Stuck at GND due to stuck port data_in ;
; background_engine:background|tilemap_memory:tilemap|memory~5084 ; Stuck at GND due to stuck port data_in ;
; background_engine:background|tilemap_memory:tilemap|memory~5092 ; Stuck at GND due to stuck port data_in ;
; background_engine:background|tilemap_memory:tilemap|memory~5100 ; Stuck at GND due to stuck port data_in ;
; background_engine:background|tilemap_memory:tilemap|memory~5108 ; Stuck at GND due to stuck port data_in ;
; background_engine:background|tilemap_memory:tilemap|memory~5116 ; Stuck at GND due to stuck port data_in ;
; background_engine:background|tilemap_memory:tilemap|memory~5124 ; Stuck at GND due to stuck port data_in ;
; background_engine:background|tilemap_memory:tilemap|memory~5132 ; Stuck at GND due to stuck port data_in ;
; background_engine:background|tilemap_memory:tilemap|memory~5140 ; Stuck at GND due to stuck port data_in ;
; background_engine:background|tilemap_memory:tilemap|memory~5148 ; Stuck at GND due to stuck port data_in ;
; background_engine:background|tilemap_memory:tilemap|memory~5156 ; Stuck at GND due to stuck port data_in ;
; background_engine:background|tilemap_memory:tilemap|memory~5164 ; Stuck at GND due to stuck port data_in ;
; background_engine:background|tilemap_memory:tilemap|memory~5172 ; Stuck at GND due to stuck port data_in ;
; background_engine:background|tilemap_memory:tilemap|memory~5180 ; Stuck at GND due to stuck port data_in ;
; background_engine:background|tilemap_memory:tilemap|memory~5188 ; Stuck at GND due to stuck port data_in ;
; background_engine:background|tilemap_memory:tilemap|memory~5196 ; Stuck at GND due to stuck port data_in ;
; background_engine:background|tilemap_memory:tilemap|memory~5204 ; Stuck at GND due to stuck port data_in ;
; background_engine:background|tilemap_memory:tilemap|memory~5212 ; Stuck at GND due to stuck port data_in ;
; background_engine:background|tilemap_memory:tilemap|memory~5220 ; Stuck at GND due to stuck port data_in ;
; background_engine:background|tilemap_memory:tilemap|memory~5228 ; Stuck at GND due to stuck port data_in ;
; background_engine:background|tilemap_memory:tilemap|memory~5236 ; Stuck at GND due to stuck port data_in ;
; background_engine:background|tilemap_memory:tilemap|memory~5244 ; Stuck at GND due to stuck port data_in ;
; background_engine:background|tilemap_memory:tilemap|memory~5252 ; Stuck at GND due to stuck port data_in ;
; background_engine:background|tilemap_memory:tilemap|memory~5300 ; Stuck at GND due to stuck port data_in ;
; background_engine:background|tilemap_memory:tilemap|memory~5308 ; Stuck at GND due to stuck port data_in ;
; background_engine:background|tilemap_memory:tilemap|memory~5316 ; Stuck at GND due to stuck port data_in ;
; background_engine:background|tilemap_memory:tilemap|memory~5324 ; Stuck at GND due to stuck port data_in ;
; background_engine:background|tilemap_memory:tilemap|memory~5332 ; Stuck at GND due to stuck port data_in ;
; background_engine:background|tilemap_memory:tilemap|memory~5340 ; Stuck at GND due to stuck port data_in ;
; background_engine:background|tilemap_memory:tilemap|memory~5348 ; Stuck at GND due to stuck port data_in ;
; background_engine:background|tilemap_memory:tilemap|memory~5356 ; Stuck at GND due to stuck port data_in ;
; background_engine:background|tilemap_memory:tilemap|memory~5364 ; Stuck at GND due to stuck port data_in ;
; background_engine:background|tilemap_memory:tilemap|memory~5372 ; Stuck at GND due to stuck port data_in ;
; background_engine:background|tilemap_memory:tilemap|memory~5380 ; Stuck at GND due to stuck port data_in ;
; background_engine:background|tilemap_memory:tilemap|memory~5388 ; Stuck at GND due to stuck port data_in ;
; background_engine:background|tilemap_memory:tilemap|memory~5396 ; Stuck at GND due to stuck port data_in ;
; background_engine:background|tilemap_memory:tilemap|memory~5404 ; Stuck at GND due to stuck port data_in ;
; background_engine:background|tilemap_memory:tilemap|memory~5412 ; Stuck at GND due to stuck port data_in ;
; background_engine:background|tilemap_memory:tilemap|memory~5420 ; Stuck at GND due to stuck port data_in ;
; background_engine:background|tilemap_memory:tilemap|memory~5428 ; Stuck at GND due to stuck port data_in ;
; background_engine:background|tilemap_memory:tilemap|memory~5436 ; Stuck at GND due to stuck port data_in ;
; background_engine:background|tilemap_memory:tilemap|memory~5444 ; Stuck at GND due to stuck port data_in ;
; background_engine:background|tilemap_memory:tilemap|memory~5452 ; Stuck at GND due to stuck port data_in ;
; background_engine:background|tilemap_memory:tilemap|memory~5460 ; Stuck at GND due to stuck port data_in ;
; background_engine:background|tilemap_memory:tilemap|memory~5468 ; Stuck at GND due to stuck port data_in ;
; background_engine:background|tilemap_memory:tilemap|memory~5476 ; Stuck at GND due to stuck port data_in ;
; background_engine:background|tilemap_memory:tilemap|memory~5484 ; Stuck at GND due to stuck port data_in ;
; background_engine:background|tilemap_memory:tilemap|memory~5492 ; Stuck at GND due to stuck port data_in ;
; background_engine:background|tilemap_memory:tilemap|memory~5500 ; Stuck at GND due to stuck port data_in ;
; background_engine:background|tilemap_memory:tilemap|memory~5508 ; Stuck at GND due to stuck port data_in ;
; background_engine:background|tilemap_memory:tilemap|memory~5516 ; Stuck at GND due to stuck port data_in ;
; background_engine:background|tilemap_memory:tilemap|memory~5524 ; Stuck at GND due to stuck port data_in ;
; background_engine:background|tilemap_memory:tilemap|memory~5532 ; Stuck at GND due to stuck port data_in ;
; background_engine:background|tilemap_memory:tilemap|memory~5540 ; Stuck at GND due to stuck port data_in ;
; background_engine:background|tilemap_memory:tilemap|memory~5548 ; Stuck at GND due to stuck port data_in ;
; background_engine:background|tilemap_memory:tilemap|memory~5556 ; Stuck at GND due to stuck port data_in ;
; background_engine:background|tilemap_memory:tilemap|memory~5564 ; Stuck at GND due to stuck port data_in ;
; background_engine:background|tilemap_memory:tilemap|memory~5572 ; Stuck at GND due to stuck port data_in ;
; background_engine:background|tilemap_memory:tilemap|memory~5580 ; Stuck at GND due to stuck port data_in ;
; background_engine:background|tilemap_memory:tilemap|memory~5588 ; Stuck at GND due to stuck port data_in ;
; background_engine:background|tilemap_memory:tilemap|memory~5596 ; Stuck at GND due to stuck port data_in ;
; background_engine:background|tilemap_memory:tilemap|memory~5604 ; Stuck at GND due to stuck port data_in ;
; background_engine:background|tilemap_memory:tilemap|memory~5612 ; Stuck at GND due to stuck port data_in ;
; background_engine:background|tilemap_memory:tilemap|memory~5620 ; Stuck at GND due to stuck port data_in ;
; background_engine:background|tilemap_memory:tilemap|memory~5628 ; Stuck at GND due to stuck port data_in ;
; background_engine:background|tilemap_memory:tilemap|memory~5636 ; Stuck at GND due to stuck port data_in ;
; background_engine:background|tilemap_memory:tilemap|memory~5644 ; Stuck at GND due to stuck port data_in ;
; background_engine:background|tilemap_memory:tilemap|memory~5652 ; Stuck at GND due to stuck port data_in ;
; background_engine:background|tilemap_memory:tilemap|memory~5660 ; Stuck at GND due to stuck port data_in ;
; background_engine:background|tilemap_memory:tilemap|memory~5668 ; Stuck at GND due to stuck port data_in ;
; background_engine:background|tilemap_memory:tilemap|memory~5676 ; Stuck at GND due to stuck port data_in ;
; background_engine:background|tilemap_memory:tilemap|memory~5684 ; Stuck at GND due to stuck port data_in ;
; background_engine:background|tilemap_memory:tilemap|memory~5692 ; Stuck at GND due to stuck port data_in ;
; background_engine:background|tilemap_memory:tilemap|memory~5700 ; Stuck at GND due to stuck port data_in ;
; background_engine:background|tilemap_memory:tilemap|memory~5708 ; Stuck at GND due to stuck port data_in ;
; background_engine:background|tilemap_memory:tilemap|memory~5716 ; Stuck at GND due to stuck port data_in ;
; background_engine:background|tilemap_memory:tilemap|memory~5724 ; Stuck at GND due to stuck port data_in ;
; background_engine:background|tilemap_memory:tilemap|memory~5732 ; Stuck at GND due to stuck port data_in ;
; background_engine:background|tilemap_memory:tilemap|memory~5740 ; Stuck at GND due to stuck port data_in ;
; background_engine:background|tilemap_memory:tilemap|memory~5748 ; Stuck at GND due to stuck port data_in ;
; background_engine:background|tilemap_memory:tilemap|memory~5756 ; Stuck at GND due to stuck port data_in ;
; background_engine:background|tilemap_memory:tilemap|memory~5764 ; Stuck at GND due to stuck port data_in ;
; background_engine:background|tilemap_memory:tilemap|memory~5772 ; Stuck at GND due to stuck port data_in ;
; background_engine:background|tilemap_memory:tilemap|memory~5788 ; Stuck at GND due to stuck port data_in ;
; background_engine:background|tilemap_memory:tilemap|memory~5796 ; Stuck at GND due to stuck port data_in ;
; background_engine:background|tilemap_memory:tilemap|memory~5804 ; Stuck at GND due to stuck port data_in ;
; background_engine:background|tilemap_memory:tilemap|memory~5812 ; Stuck at GND due to stuck port data_in ;
; background_engine:background|tilemap_memory:tilemap|memory~5820 ; Stuck at GND due to stuck port data_in ;
; background_engine:background|tilemap_memory:tilemap|memory~5828 ; Stuck at GND due to stuck port data_in ;
; background_engine:background|tilemap_memory:tilemap|memory~5836 ; Stuck at GND due to stuck port data_in ;
; background_engine:background|tilemap_memory:tilemap|memory~5844 ; Stuck at GND due to stuck port data_in ;
; background_engine:background|tilemap_memory:tilemap|memory~5852 ; Stuck at GND due to stuck port data_in ;
; background_engine:background|tilemap_memory:tilemap|memory~5860 ; Stuck at GND due to stuck port data_in ;
; background_engine:background|tilemap_memory:tilemap|memory~5868 ; Stuck at GND due to stuck port data_in ;
; background_engine:background|tilemap_memory:tilemap|memory~5876 ; Stuck at GND due to stuck port data_in ;
; background_engine:background|tilemap_memory:tilemap|memory~5884 ; Stuck at GND due to stuck port data_in ;
; background_engine:background|tilemap_memory:tilemap|memory~5892 ; Stuck at GND due to stuck port data_in ;
; background_engine:background|tilemap_memory:tilemap|memory~5900 ; Stuck at GND due to stuck port data_in ;
; background_engine:background|tilemap_memory:tilemap|memory~5908 ; Stuck at GND due to stuck port data_in ;
; background_engine:background|tilemap_memory:tilemap|memory~5916 ; Stuck at GND due to stuck port data_in ;
; background_engine:background|tilemap_memory:tilemap|memory~5924 ; Stuck at GND due to stuck port data_in ;
; background_engine:background|tilemap_memory:tilemap|memory~5932 ; Stuck at GND due to stuck port data_in ;
; background_engine:background|tilemap_memory:tilemap|memory~5940 ; Stuck at GND due to stuck port data_in ;
; background_engine:background|tilemap_memory:tilemap|memory~5948 ; Stuck at GND due to stuck port data_in ;
; background_engine:background|tilemap_memory:tilemap|memory~5956 ; Stuck at GND due to stuck port data_in ;
; background_engine:background|tilemap_memory:tilemap|memory~5964 ; Stuck at GND due to stuck port data_in ;
; background_engine:background|tilemap_memory:tilemap|memory~5972 ; Stuck at GND due to stuck port data_in ;
; background_engine:background|tilemap_memory:tilemap|memory~5980 ; Stuck at GND due to stuck port data_in ;
; background_engine:background|tilemap_memory:tilemap|memory~5988 ; Stuck at GND due to stuck port data_in ;
; background_engine:background|tilemap_memory:tilemap|memory~5996 ; Stuck at GND due to stuck port data_in ;
; background_engine:background|tilemap_memory:tilemap|memory~6004 ; Stuck at GND due to stuck port data_in ;
; background_engine:background|tilemap_memory:tilemap|memory~6028 ; Stuck at GND due to stuck port data_in ;
; background_engine:background|tilemap_memory:tilemap|memory~6036 ; Stuck at GND due to stuck port data_in ;
; background_engine:background|tilemap_memory:tilemap|memory~6044 ; Stuck at GND due to stuck port data_in ;
; background_engine:background|tilemap_memory:tilemap|memory~6052 ; Stuck at GND due to stuck port data_in ;
; background_engine:background|tilemap_memory:tilemap|memory~6060 ; Stuck at GND due to stuck port data_in ;
; background_engine:background|tilemap_memory:tilemap|memory~6068 ; Stuck at GND due to stuck port data_in ;
; background_engine:background|tilemap_memory:tilemap|memory~6076 ; Stuck at GND due to stuck port data_in ;
; background_engine:background|tilemap_memory:tilemap|memory~6084 ; Stuck at GND due to stuck port data_in ;
; background_engine:background|tilemap_memory:tilemap|memory~6092 ; Stuck at GND due to stuck port data_in ;
; background_engine:background|tilemap_memory:tilemap|memory~6100 ; Stuck at GND due to stuck port data_in ;
; background_engine:background|tilemap_memory:tilemap|memory~6108 ; Stuck at GND due to stuck port data_in ;
; background_engine:background|tilemap_memory:tilemap|memory~6116 ; Stuck at GND due to stuck port data_in ;
; background_engine:background|tilemap_memory:tilemap|memory~6124 ; Stuck at GND due to stuck port data_in ;
; background_engine:background|tilemap_memory:tilemap|memory~6148 ; Stuck at GND due to stuck port data_in ;
; background_engine:background|tilemap_memory:tilemap|memory~6156 ; Stuck at GND due to stuck port data_in ;
; background_engine:background|tilemap_memory:tilemap|memory~6164 ; Stuck at GND due to stuck port data_in ;
; background_engine:background|tilemap_memory:tilemap|memory~6172 ; Stuck at GND due to stuck port data_in ;
; background_engine:background|tilemap_memory:tilemap|memory~6180 ; Stuck at GND due to stuck port data_in ;
; background_engine:background|tilemap_memory:tilemap|memory~6188 ; Stuck at GND due to stuck port data_in ;
; background_engine:background|tilemap_memory:tilemap|memory~6196 ; Stuck at GND due to stuck port data_in ;
; background_engine:background|tilemap_memory:tilemap|memory~6204 ; Stuck at GND due to stuck port data_in ;
; background_engine:background|tilemap_memory:tilemap|memory~6212 ; Stuck at GND due to stuck port data_in ;
; background_engine:background|tilemap_memory:tilemap|memory~6220 ; Stuck at GND due to stuck port data_in ;
; background_engine:background|tilemap_memory:tilemap|memory~6228 ; Stuck at GND due to stuck port data_in ;
; background_engine:background|tilemap_memory:tilemap|memory~6236 ; Stuck at GND due to stuck port data_in ;
; background_engine:background|tilemap_memory:tilemap|memory~6244 ; Stuck at GND due to stuck port data_in ;
; background_engine:background|tilemap_memory:tilemap|memory~6252 ; Stuck at GND due to stuck port data_in ;
; background_engine:background|tilemap_memory:tilemap|memory~6260 ; Stuck at GND due to stuck port data_in ;
; background_engine:background|tilemap_memory:tilemap|memory~6268 ; Stuck at GND due to stuck port data_in ;
; background_engine:background|tilemap_memory:tilemap|memory~6276 ; Stuck at GND due to stuck port data_in ;
; background_engine:background|tilemap_memory:tilemap|memory~6284 ; Stuck at GND due to stuck port data_in ;
; background_engine:background|tilemap_memory:tilemap|memory~6292 ; Stuck at GND due to stuck port data_in ;
; background_engine:background|tilemap_memory:tilemap|memory~6300 ; Stuck at GND due to stuck port data_in ;
; background_engine:background|tilemap_memory:tilemap|memory~6308 ; Stuck at GND due to stuck port data_in ;
; background_engine:background|tilemap_memory:tilemap|memory~6316 ; Stuck at GND due to stuck port data_in ;
; background_engine:background|tilemap_memory:tilemap|memory~6348 ; Stuck at GND due to stuck port data_in ;
; background_engine:background|tilemap_memory:tilemap|memory~6356 ; Stuck at GND due to stuck port data_in ;
; background_engine:background|tilemap_memory:tilemap|memory~6364 ; Stuck at GND due to stuck port data_in ;
; background_engine:background|tilemap_memory:tilemap|memory~6372 ; Stuck at GND due to stuck port data_in ;
; background_engine:background|tilemap_memory:tilemap|memory~6380 ; Stuck at GND due to stuck port data_in ;
; background_engine:background|tilemap_memory:tilemap|memory~6388 ; Stuck at GND due to stuck port data_in ;
; background_engine:background|tilemap_memory:tilemap|memory~6396 ; Stuck at GND due to stuck port data_in ;
; background_engine:background|tilemap_memory:tilemap|memory~6404 ; Stuck at GND due to stuck port data_in ;
; background_engine:background|tilemap_memory:tilemap|memory~6412 ; Stuck at GND due to stuck port data_in ;
; background_engine:background|tilemap_memory:tilemap|memory~6420 ; Stuck at GND due to stuck port data_in ;
; background_engine:background|tilemap_memory:tilemap|memory~6428 ; Stuck at GND due to stuck port data_in ;
; background_engine:background|tilemap_memory:tilemap|memory~6436 ; Stuck at GND due to stuck port data_in ;
; background_engine:background|tilemap_memory:tilemap|memory~6444 ; Stuck at GND due to stuck port data_in ;
; background_engine:background|tilemap_memory:tilemap|memory~6468 ; Stuck at GND due to stuck port data_in ;
; background_engine:background|tilemap_memory:tilemap|memory~6484 ; Stuck at GND due to stuck port data_in ;
; background_engine:background|tilemap_memory:tilemap|memory~6492 ; Stuck at GND due to stuck port data_in ;
; background_engine:background|tilemap_memory:tilemap|memory~6500 ; Stuck at GND due to stuck port data_in ;
; background_engine:background|tilemap_memory:tilemap|memory~6508 ; Stuck at GND due to stuck port data_in ;
; background_engine:background|tilemap_memory:tilemap|memory~6516 ; Stuck at GND due to stuck port data_in ;
; background_engine:background|tilemap_memory:tilemap|memory~6524 ; Stuck at GND due to stuck port data_in ;
; background_engine:background|tilemap_memory:tilemap|memory~6532 ; Stuck at GND due to stuck port data_in ;
; background_engine:background|tilemap_memory:tilemap|memory~6540 ; Stuck at GND due to stuck port data_in ;
; background_engine:background|tilemap_memory:tilemap|memory~6548 ; Stuck at GND due to stuck port data_in ;
; background_engine:background|tilemap_memory:tilemap|memory~6556 ; Stuck at GND due to stuck port data_in ;
; background_engine:background|tilemap_memory:tilemap|memory~6564 ; Stuck at GND due to stuck port data_in ;
; background_engine:background|tilemap_memory:tilemap|memory~6572 ; Stuck at GND due to stuck port data_in ;
; background_engine:background|tilemap_memory:tilemap|memory~6580 ; Stuck at GND due to stuck port data_in ;
; background_engine:background|tilemap_memory:tilemap|memory~6596 ; Stuck at GND due to stuck port data_in ;
; background_engine:background|tilemap_memory:tilemap|memory~6604 ; Stuck at GND due to stuck port data_in ;
; background_engine:background|tilemap_memory:tilemap|memory~6612 ; Stuck at GND due to stuck port data_in ;
; background_engine:background|tilemap_memory:tilemap|memory~6620 ; Stuck at GND due to stuck port data_in ;
; background_engine:background|tilemap_memory:tilemap|memory~6628 ; Stuck at GND due to stuck port data_in ;
; background_engine:background|tilemap_memory:tilemap|memory~6636 ; Stuck at GND due to stuck port data_in ;
; background_engine:background|tilemap_memory:tilemap|memory~6660 ; Stuck at GND due to stuck port data_in ;
; background_engine:background|tilemap_memory:tilemap|memory~6668 ; Stuck at GND due to stuck port data_in ;
; background_engine:background|tilemap_memory:tilemap|memory~6676 ; Stuck at GND due to stuck port data_in ;
; background_engine:background|tilemap_memory:tilemap|memory~6684 ; Stuck at GND due to stuck port data_in ;
; background_engine:background|tilemap_memory:tilemap|memory~6692 ; Stuck at GND due to stuck port data_in ;
; background_engine:background|tilemap_memory:tilemap|memory~6700 ; Stuck at GND due to stuck port data_in ;
; background_engine:background|tilemap_memory:tilemap|memory~6708 ; Stuck at GND due to stuck port data_in ;
; background_engine:background|tilemap_memory:tilemap|memory~6716 ; Stuck at GND due to stuck port data_in ;
; background_engine:background|tilemap_memory:tilemap|memory~6724 ; Stuck at GND due to stuck port data_in ;
; background_engine:background|tilemap_memory:tilemap|memory~6732 ; Stuck at GND due to stuck port data_in ;
; background_engine:background|tilemap_memory:tilemap|memory~6740 ; Stuck at GND due to stuck port data_in ;
; background_engine:background|tilemap_memory:tilemap|memory~6748 ; Stuck at GND due to stuck port data_in ;
; background_engine:background|tilemap_memory:tilemap|memory~6756 ; Stuck at GND due to stuck port data_in ;
; background_engine:background|tilemap_memory:tilemap|memory~6772 ; Stuck at GND due to stuck port data_in ;
; background_engine:background|tilemap_memory:tilemap|memory~6780 ; Stuck at GND due to stuck port data_in ;
; background_engine:background|tilemap_memory:tilemap|memory~6804 ; Stuck at GND due to stuck port data_in ;
; background_engine:background|tilemap_memory:tilemap|memory~6812 ; Stuck at GND due to stuck port data_in ;
; background_engine:background|tilemap_memory:tilemap|memory~6820 ; Stuck at GND due to stuck port data_in ;
; background_engine:background|tilemap_memory:tilemap|memory~6828 ; Stuck at GND due to stuck port data_in ;
; background_engine:background|tilemap_memory:tilemap|memory~6836 ; Stuck at GND due to stuck port data_in ;
; background_engine:background|tilemap_memory:tilemap|memory~6844 ; Stuck at GND due to stuck port data_in ;
; background_engine:background|tilemap_memory:tilemap|memory~6852 ; Stuck at GND due to stuck port data_in ;
; background_engine:background|tilemap_memory:tilemap|memory~6860 ; Stuck at GND due to stuck port data_in ;
; background_engine:background|tilemap_memory:tilemap|memory~6868 ; Stuck at GND due to stuck port data_in ;
; background_engine:background|tilemap_memory:tilemap|memory~6876 ; Stuck at GND due to stuck port data_in ;
; background_engine:background|tilemap_memory:tilemap|memory~6884 ; Stuck at GND due to stuck port data_in ;
; background_engine:background|tilemap_memory:tilemap|memory~6892 ; Stuck at GND due to stuck port data_in ;
; background_engine:background|tilemap_memory:tilemap|memory~6900 ; Stuck at GND due to stuck port data_in ;
; background_engine:background|tilemap_memory:tilemap|memory~6908 ; Stuck at GND due to stuck port data_in ;
; background_engine:background|tilemap_memory:tilemap|memory~6916 ; Stuck at GND due to stuck port data_in ;
; background_engine:background|tilemap_memory:tilemap|memory~6924 ; Stuck at GND due to stuck port data_in ;
; background_engine:background|tilemap_memory:tilemap|memory~6932 ; Stuck at GND due to stuck port data_in ;
; background_engine:background|tilemap_memory:tilemap|memory~6940 ; Stuck at GND due to stuck port data_in ;
; background_engine:background|tilemap_memory:tilemap|memory~6948 ; Stuck at GND due to stuck port data_in ;
; background_engine:background|tilemap_memory:tilemap|memory~6956 ; Stuck at GND due to stuck port data_in ;
; background_engine:background|tilemap_memory:tilemap|memory~6964 ; Stuck at GND due to stuck port data_in ;
; background_engine:background|tilemap_memory:tilemap|memory~6972 ; Stuck at GND due to stuck port data_in ;
; background_engine:background|tilemap_memory:tilemap|memory~6980 ; Stuck at GND due to stuck port data_in ;
; background_engine:background|tilemap_memory:tilemap|memory~6988 ; Stuck at GND due to stuck port data_in ;
; background_engine:background|tilemap_memory:tilemap|memory~6996 ; Stuck at GND due to stuck port data_in ;
; background_engine:background|tilemap_memory:tilemap|memory~7004 ; Stuck at GND due to stuck port data_in ;
; background_engine:background|tilemap_memory:tilemap|memory~7012 ; Stuck at GND due to stuck port data_in ;
; background_engine:background|tilemap_memory:tilemap|memory~7020 ; Stuck at GND due to stuck port data_in ;
; background_engine:background|tilemap_memory:tilemap|memory~7028 ; Stuck at GND due to stuck port data_in ;
; background_engine:background|tilemap_memory:tilemap|memory~7036 ; Stuck at GND due to stuck port data_in ;
; background_engine:background|tilemap_memory:tilemap|memory~7044 ; Stuck at GND due to stuck port data_in ;
; background_engine:background|tilemap_memory:tilemap|memory~7052 ; Stuck at GND due to stuck port data_in ;
; background_engine:background|tilemap_memory:tilemap|memory~7060 ; Stuck at GND due to stuck port data_in ;
; background_engine:background|tilemap_memory:tilemap|memory~7068 ; Stuck at GND due to stuck port data_in ;
; background_engine:background|tilemap_memory:tilemap|memory~7076 ; Stuck at GND due to stuck port data_in ;
; background_engine:background|tilemap_memory:tilemap|memory~7084 ; Stuck at GND due to stuck port data_in ;
; background_engine:background|tilemap_memory:tilemap|memory~7092 ; Stuck at GND due to stuck port data_in ;
; background_engine:background|tilemap_memory:tilemap|memory~7100 ; Stuck at GND due to stuck port data_in ;
; background_engine:background|tilemap_memory:tilemap|memory~7132 ; Stuck at GND due to stuck port data_in ;
; background_engine:background|tilemap_memory:tilemap|memory~7140 ; Stuck at GND due to stuck port data_in ;
; background_engine:background|tilemap_memory:tilemap|memory~7148 ; Stuck at GND due to stuck port data_in ;
; background_engine:background|tilemap_memory:tilemap|memory~7156 ; Stuck at GND due to stuck port data_in ;
; background_engine:background|tilemap_memory:tilemap|memory~7164 ; Stuck at GND due to stuck port data_in ;
; background_engine:background|tilemap_memory:tilemap|memory~7172 ; Stuck at GND due to stuck port data_in ;
; background_engine:background|tilemap_memory:tilemap|memory~7180 ; Stuck at GND due to stuck port data_in ;
; background_engine:background|tilemap_memory:tilemap|memory~7188 ; Stuck at GND due to stuck port data_in ;
; background_engine:background|tilemap_memory:tilemap|memory~7196 ; Stuck at GND due to stuck port data_in ;
; background_engine:background|tilemap_memory:tilemap|memory~7204 ; Stuck at GND due to stuck port data_in ;
; background_engine:background|tilemap_memory:tilemap|memory~7212 ; Stuck at GND due to stuck port data_in ;
; background_engine:background|tilemap_memory:tilemap|memory~7220 ; Stuck at GND due to stuck port data_in ;
; background_engine:background|tilemap_memory:tilemap|memory~7228 ; Stuck at GND due to stuck port data_in ;
; background_engine:background|tilemap_memory:tilemap|memory~7236 ; Stuck at GND due to stuck port data_in ;
; background_engine:background|tilemap_memory:tilemap|memory~7244 ; Stuck at GND due to stuck port data_in ;
; background_engine:background|tilemap_memory:tilemap|memory~7252 ; Stuck at GND due to stuck port data_in ;
; background_engine:background|tilemap_memory:tilemap|memory~7260 ; Stuck at GND due to stuck port data_in ;
; background_engine:background|tilemap_memory:tilemap|memory~7268 ; Stuck at GND due to stuck port data_in ;
; background_engine:background|tilemap_memory:tilemap|memory~7276 ; Stuck at GND due to stuck port data_in ;
; background_engine:background|tilemap_memory:tilemap|memory~7284 ; Stuck at GND due to stuck port data_in ;
; background_engine:background|tilemap_memory:tilemap|memory~7292 ; Stuck at GND due to stuck port data_in ;
; background_engine:background|tilemap_memory:tilemap|memory~7308 ; Stuck at GND due to stuck port data_in ;
; background_engine:background|tilemap_memory:tilemap|memory~7316 ; Stuck at GND due to stuck port data_in ;
; background_engine:background|tilemap_memory:tilemap|memory~7324 ; Stuck at GND due to stuck port data_in ;
; background_engine:background|tilemap_memory:tilemap|memory~7332 ; Stuck at GND due to stuck port data_in ;
; background_engine:background|tilemap_memory:tilemap|memory~7340 ; Stuck at GND due to stuck port data_in ;
; background_engine:background|tilemap_memory:tilemap|memory~7348 ; Stuck at GND due to stuck port data_in ;
; background_engine:background|tilemap_memory:tilemap|memory~7356 ; Stuck at GND due to stuck port data_in ;
; background_engine:background|tilemap_memory:tilemap|memory~7364 ; Stuck at GND due to stuck port data_in ;
; background_engine:background|tilemap_memory:tilemap|memory~7372 ; Stuck at GND due to stuck port data_in ;
; background_engine:background|tilemap_memory:tilemap|memory~7380 ; Stuck at GND due to stuck port data_in ;
; background_engine:background|tilemap_memory:tilemap|memory~7388 ; Stuck at GND due to stuck port data_in ;
; background_engine:background|tilemap_memory:tilemap|memory~7396 ; Stuck at GND due to stuck port data_in ;
; background_engine:background|tilemap_memory:tilemap|memory~7428 ; Stuck at GND due to stuck port data_in ;
; background_engine:background|tilemap_memory:tilemap|memory~7436 ; Stuck at GND due to stuck port data_in ;
; background_engine:background|tilemap_memory:tilemap|memory~7444 ; Stuck at GND due to stuck port data_in ;
; background_engine:background|tilemap_memory:tilemap|memory~7452 ; Stuck at GND due to stuck port data_in ;
; background_engine:background|tilemap_memory:tilemap|memory~7460 ; Stuck at GND due to stuck port data_in ;
; background_engine:background|tilemap_memory:tilemap|memory~7468 ; Stuck at GND due to stuck port data_in ;
; background_engine:background|tilemap_memory:tilemap|memory~7476 ; Stuck at GND due to stuck port data_in ;
; background_engine:background|tilemap_memory:tilemap|memory~7484 ; Stuck at GND due to stuck port data_in ;
; background_engine:background|tilemap_memory:tilemap|memory~7492 ; Stuck at GND due to stuck port data_in ;
; background_engine:background|tilemap_memory:tilemap|memory~7500 ; Stuck at GND due to stuck port data_in ;
; background_engine:background|tilemap_memory:tilemap|memory~7508 ; Stuck at GND due to stuck port data_in ;
; background_engine:background|tilemap_memory:tilemap|memory~7516 ; Stuck at GND due to stuck port data_in ;
; background_engine:background|tilemap_memory:tilemap|memory~7524 ; Stuck at GND due to stuck port data_in ;
; background_engine:background|tilemap_memory:tilemap|memory~7532 ; Stuck at GND due to stuck port data_in ;
; background_engine:background|tilemap_memory:tilemap|memory~7540 ; Stuck at GND due to stuck port data_in ;
; background_engine:background|tilemap_memory:tilemap|memory~7548 ; Stuck at GND due to stuck port data_in ;
; background_engine:background|tilemap_memory:tilemap|memory~7556 ; Stuck at GND due to stuck port data_in ;
; background_engine:background|tilemap_memory:tilemap|memory~7564 ; Stuck at GND due to stuck port data_in ;
; background_engine:background|tilemap_memory:tilemap|memory~7572 ; Stuck at GND due to stuck port data_in ;
; background_engine:background|tilemap_memory:tilemap|memory~7580 ; Stuck at GND due to stuck port data_in ;
; background_engine:background|tilemap_memory:tilemap|memory~7588 ; Stuck at GND due to stuck port data_in ;
; background_engine:background|tilemap_memory:tilemap|memory~7596 ; Stuck at GND due to stuck port data_in ;
; background_engine:background|tilemap_memory:tilemap|memory~7604 ; Stuck at GND due to stuck port data_in ;
; background_engine:background|tilemap_memory:tilemap|memory~7612 ; Stuck at GND due to stuck port data_in ;
; background_engine:background|tilemap_memory:tilemap|memory~7620 ; Stuck at GND due to stuck port data_in ;
; background_engine:background|tilemap_memory:tilemap|memory~7628 ; Stuck at GND due to stuck port data_in ;
; background_engine:background|tilemap_memory:tilemap|memory~7636 ; Stuck at GND due to stuck port data_in ;
; background_engine:background|tilemap_memory:tilemap|memory~7644 ; Stuck at GND due to stuck port data_in ;
; background_engine:background|tilemap_memory:tilemap|memory~7652 ; Stuck at GND due to stuck port data_in ;
; background_engine:background|tilemap_memory:tilemap|memory~7660 ; Stuck at GND due to stuck port data_in ;
; background_engine:background|tilemap_memory:tilemap|memory~7668 ; Stuck at GND due to stuck port data_in ;
; background_engine:background|tilemap_memory:tilemap|memory~7676 ; Stuck at GND due to stuck port data_in ;
; background_engine:background|tilemap_memory:tilemap|memory~7684 ; Stuck at GND due to stuck port data_in ;
; background_engine:background|tilemap_memory:tilemap|memory~7692 ; Stuck at GND due to stuck port data_in ;
; background_engine:background|tilemap_memory:tilemap|memory~7700 ; Stuck at GND due to stuck port data_in ;
; background_engine:background|tilemap_memory:tilemap|memory~7708 ; Stuck at GND due to stuck port data_in ;
; background_engine:background|tilemap_memory:tilemap|memory~7716 ; Stuck at GND due to stuck port data_in ;
; background_engine:background|tilemap_memory:tilemap|memory~7740 ; Stuck at GND due to stuck port data_in ;
; background_engine:background|tilemap_memory:tilemap|memory~7748 ; Stuck at GND due to stuck port data_in ;
; background_engine:background|tilemap_memory:tilemap|memory~7756 ; Stuck at GND due to stuck port data_in ;
; background_engine:background|tilemap_memory:tilemap|memory~7764 ; Stuck at GND due to stuck port data_in ;
; background_engine:background|tilemap_memory:tilemap|memory~7772 ; Stuck at GND due to stuck port data_in ;
; background_engine:background|tilemap_memory:tilemap|memory~7780 ; Stuck at GND due to stuck port data_in ;
; background_engine:background|tilemap_memory:tilemap|memory~7788 ; Stuck at GND due to stuck port data_in ;
; background_engine:background|tilemap_memory:tilemap|memory~7796 ; Stuck at GND due to stuck port data_in ;
; background_engine:background|tilemap_memory:tilemap|memory~7804 ; Stuck at GND due to stuck port data_in ;
; background_engine:background|tilemap_memory:tilemap|memory~7812 ; Stuck at GND due to stuck port data_in ;
; background_engine:background|tilemap_memory:tilemap|memory~7820 ; Stuck at GND due to stuck port data_in ;
; background_engine:background|tilemap_memory:tilemap|memory~7828 ; Stuck at GND due to stuck port data_in ;
; background_engine:background|tilemap_memory:tilemap|memory~7836 ; Stuck at GND due to stuck port data_in ;
; background_engine:background|tilemap_memory:tilemap|memory~7844 ; Stuck at GND due to stuck port data_in ;
; background_engine:background|tilemap_memory:tilemap|memory~7852 ; Stuck at GND due to stuck port data_in ;
; background_engine:background|tilemap_memory:tilemap|memory~7860 ; Stuck at GND due to stuck port data_in ;
; background_engine:background|tilemap_memory:tilemap|memory~7868 ; Stuck at GND due to stuck port data_in ;
; background_engine:background|tilemap_memory:tilemap|memory~7876 ; Stuck at GND due to stuck port data_in ;
; background_engine:background|tilemap_memory:tilemap|memory~7884 ; Stuck at GND due to stuck port data_in ;
; background_engine:background|tilemap_memory:tilemap|memory~7892 ; Stuck at GND due to stuck port data_in ;
; background_engine:background|tilemap_memory:tilemap|memory~7900 ; Stuck at GND due to stuck port data_in ;
; background_engine:background|tilemap_memory:tilemap|memory~7908 ; Stuck at GND due to stuck port data_in ;
; background_engine:background|tilemap_memory:tilemap|memory~7916 ; Stuck at GND due to stuck port data_in ;
; background_engine:background|tilemap_memory:tilemap|memory~7924 ; Stuck at GND due to stuck port data_in ;
; background_engine:background|tilemap_memory:tilemap|memory~7932 ; Stuck at GND due to stuck port data_in ;
; background_engine:background|tilemap_memory:tilemap|memory~7940 ; Stuck at GND due to stuck port data_in ;
; background_engine:background|tilemap_memory:tilemap|memory~7948 ; Stuck at GND due to stuck port data_in ;
; background_engine:background|tilemap_memory:tilemap|memory~7956 ; Stuck at GND due to stuck port data_in ;
; background_engine:background|tilemap_memory:tilemap|memory~7964 ; Stuck at GND due to stuck port data_in ;
; background_engine:background|tilemap_memory:tilemap|memory~7972 ; Stuck at GND due to stuck port data_in ;
; background_engine:background|tilemap_memory:tilemap|memory~7980 ; Stuck at GND due to stuck port data_in ;
; background_engine:background|tilemap_memory:tilemap|memory~7988 ; Stuck at GND due to stuck port data_in ;
; background_engine:background|tilemap_memory:tilemap|memory~7996 ; Stuck at GND due to stuck port data_in ;
; background_engine:background|tilemap_memory:tilemap|memory~8004 ; Stuck at GND due to stuck port data_in ;
; background_engine:background|tilemap_memory:tilemap|memory~8012 ; Stuck at GND due to stuck port data_in ;
; background_engine:background|tilemap_memory:tilemap|memory~8020 ; Stuck at GND due to stuck port data_in ;
; background_engine:background|tilemap_memory:tilemap|memory~8028 ; Stuck at GND due to stuck port data_in ;
; background_engine:background|tilemap_memory:tilemap|memory~8036 ; Stuck at GND due to stuck port data_in ;
; background_engine:background|tilemap_memory:tilemap|memory~8044 ; Stuck at GND due to stuck port data_in ;
; background_engine:background|tilemap_memory:tilemap|memory~8052 ; Stuck at GND due to stuck port data_in ;
; background_engine:background|tilemap_memory:tilemap|memory~8060 ; Stuck at GND due to stuck port data_in ;
; background_engine:background|tilemap_memory:tilemap|memory~8068 ; Stuck at GND due to stuck port data_in ;
; background_engine:background|tilemap_memory:tilemap|memory~8084 ; Stuck at GND due to stuck port data_in ;
; background_engine:background|tilemap_memory:tilemap|memory~8092 ; Stuck at GND due to stuck port data_in ;
; background_engine:background|tilemap_memory:tilemap|memory~8100 ; Stuck at GND due to stuck port data_in ;
; background_engine:background|tilemap_memory:tilemap|memory~8108 ; Stuck at GND due to stuck port data_in ;
; background_engine:background|tilemap_memory:tilemap|memory~8116 ; Stuck at GND due to stuck port data_in ;
; background_engine:background|tilemap_memory:tilemap|memory~8124 ; Stuck at GND due to stuck port data_in ;
; background_engine:background|tilemap_memory:tilemap|memory~8132 ; Stuck at GND due to stuck port data_in ;
; background_engine:background|tilemap_memory:tilemap|memory~8140 ; Stuck at GND due to stuck port data_in ;
; background_engine:background|tilemap_memory:tilemap|memory~8148 ; Stuck at GND due to stuck port data_in ;
; background_engine:background|tilemap_memory:tilemap|memory~8156 ; Stuck at GND due to stuck port data_in ;
; background_engine:background|tilemap_memory:tilemap|memory~8164 ; Stuck at GND due to stuck port data_in ;
; background_engine:background|tilemap_memory:tilemap|memory~8188 ; Stuck at GND due to stuck port data_in ;
; background_engine:background|tilemap_memory:tilemap|memory~8196 ; Stuck at GND due to stuck port data_in ;
; background_engine:background|tilemap_memory:tilemap|memory~8204 ; Stuck at GND due to stuck port data_in ;
; background_engine:background|tilemap_memory:tilemap|memory~8212 ; Stuck at GND due to stuck port data_in ;
; background_engine:background|tilemap_memory:tilemap|memory~8220 ; Stuck at GND due to stuck port data_in ;
; background_engine:background|tilemap_memory:tilemap|memory~8228 ; Stuck at GND due to stuck port data_in ;
; background_engine:background|tilemap_memory:tilemap|memory~8236 ; Stuck at GND due to stuck port data_in ;
; background_engine:background|tilemap_memory:tilemap|memory~8244 ; Stuck at GND due to stuck port data_in ;
; background_engine:background|tilemap_memory:tilemap|memory~8252 ; Stuck at GND due to stuck port data_in ;
; background_engine:background|tilemap_memory:tilemap|memory~8260 ; Stuck at GND due to stuck port data_in ;
; background_engine:background|tilemap_memory:tilemap|memory~8268 ; Stuck at GND due to stuck port data_in ;
; background_engine:background|tilemap_memory:tilemap|memory~8276 ; Stuck at GND due to stuck port data_in ;
; background_engine:background|tilemap_memory:tilemap|memory~8284 ; Stuck at GND due to stuck port data_in ;
; background_engine:background|tilemap_memory:tilemap|memory~8292 ; Stuck at GND due to stuck port data_in ;
; background_engine:background|tilemap_memory:tilemap|memory~8300 ; Stuck at GND due to stuck port data_in ;
; background_engine:background|tilemap_memory:tilemap|memory~8308 ; Stuck at GND due to stuck port data_in ;
; background_engine:background|tilemap_memory:tilemap|memory~8316 ; Stuck at GND due to stuck port data_in ;
; background_engine:background|tilemap_memory:tilemap|memory~8324 ; Stuck at GND due to stuck port data_in ;
; background_engine:background|tilemap_memory:tilemap|memory~8332 ; Stuck at GND due to stuck port data_in ;
; background_engine:background|tilemap_memory:tilemap|memory~8340 ; Stuck at GND due to stuck port data_in ;
; background_engine:background|tilemap_memory:tilemap|memory~8348 ; Stuck at GND due to stuck port data_in ;
; background_engine:background|tilemap_memory:tilemap|memory~8356 ; Stuck at GND due to stuck port data_in ;
; background_engine:background|tilemap_memory:tilemap|memory~8364 ; Stuck at GND due to stuck port data_in ;
; background_engine:background|tilemap_memory:tilemap|memory~8372 ; Stuck at GND due to stuck port data_in ;
; background_engine:background|tilemap_memory:tilemap|memory~8380 ; Stuck at GND due to stuck port data_in ;
; background_engine:background|tilemap_memory:tilemap|memory~8388 ; Stuck at GND due to stuck port data_in ;
; background_engine:background|tilemap_memory:tilemap|memory~8396 ; Stuck at GND due to stuck port data_in ;
; background_engine:background|tilemap_memory:tilemap|memory~8404 ; Stuck at GND due to stuck port data_in ;
; background_engine:background|tilemap_memory:tilemap|memory~8412 ; Stuck at GND due to stuck port data_in ;
; background_engine:background|tilemap_memory:tilemap|memory~8420 ; Stuck at GND due to stuck port data_in ;
; background_engine:background|tilemap_memory:tilemap|memory~8428 ; Stuck at GND due to stuck port data_in ;
; background_engine:background|tilemap_memory:tilemap|memory~8436 ; Stuck at GND due to stuck port data_in ;
; background_engine:background|tilemap_memory:tilemap|memory~8444 ; Stuck at GND due to stuck port data_in ;
; background_engine:background|tilemap_memory:tilemap|memory~8452 ; Stuck at GND due to stuck port data_in ;
; background_engine:background|tilemap_memory:tilemap|memory~8460 ; Stuck at GND due to stuck port data_in ;
; background_engine:background|tilemap_memory:tilemap|memory~8468 ; Stuck at GND due to stuck port data_in ;
; background_engine:background|tilemap_memory:tilemap|memory~8476 ; Stuck at GND due to stuck port data_in ;
; background_engine:background|tilemap_memory:tilemap|memory~8484 ; Stuck at GND due to stuck port data_in ;
; background_engine:background|tilemap_memory:tilemap|memory~8492 ; Stuck at GND due to stuck port data_in ;
; background_engine:background|tilemap_memory:tilemap|memory~8548 ; Stuck at GND due to stuck port data_in ;
; background_engine:background|tilemap_memory:tilemap|memory~8556 ; Stuck at GND due to stuck port data_in ;
; background_engine:background|tilemap_memory:tilemap|memory~8564 ; Stuck at GND due to stuck port data_in ;
; background_engine:background|tilemap_memory:tilemap|memory~8572 ; Stuck at GND due to stuck port data_in ;
; background_engine:background|tilemap_memory:tilemap|memory~8580 ; Stuck at GND due to stuck port data_in ;
; background_engine:background|tilemap_memory:tilemap|memory~8588 ; Stuck at GND due to stuck port data_in ;
; background_engine:background|tilemap_memory:tilemap|memory~8596 ; Stuck at GND due to stuck port data_in ;
; background_engine:background|tilemap_memory:tilemap|memory~8604 ; Stuck at GND due to stuck port data_in ;
; background_engine:background|tilemap_memory:tilemap|memory~8612 ; Stuck at GND due to stuck port data_in ;
; background_engine:background|tilemap_memory:tilemap|memory~8620 ; Stuck at GND due to stuck port data_in ;
; background_engine:background|tilemap_memory:tilemap|memory~8628 ; Stuck at GND due to stuck port data_in ;
; background_engine:background|tilemap_memory:tilemap|memory~8636 ; Stuck at GND due to stuck port data_in ;
; background_engine:background|tilemap_memory:tilemap|memory~8644 ; Stuck at GND due to stuck port data_in ;
; background_engine:background|tilemap_memory:tilemap|memory~8652 ; Stuck at GND due to stuck port data_in ;
; background_engine:background|tilemap_memory:tilemap|memory~8660 ; Stuck at GND due to stuck port data_in ;
; background_engine:background|tilemap_memory:tilemap|memory~8668 ; Stuck at GND due to stuck port data_in ;
; background_engine:background|tilemap_memory:tilemap|memory~8676 ; Stuck at GND due to stuck port data_in ;
; background_engine:background|tilemap_memory:tilemap|memory~8684 ; Stuck at GND due to stuck port data_in ;
; background_engine:background|tilemap_memory:tilemap|memory~8692 ; Stuck at GND due to stuck port data_in ;
; background_engine:background|tilemap_memory:tilemap|memory~8700 ; Stuck at GND due to stuck port data_in ;
; background_engine:background|tilemap_memory:tilemap|memory~8708 ; Stuck at GND due to stuck port data_in ;
; background_engine:background|tilemap_memory:tilemap|memory~8716 ; Stuck at GND due to stuck port data_in ;
; background_engine:background|tilemap_memory:tilemap|memory~8724 ; Stuck at GND due to stuck port data_in ;
; background_engine:background|tilemap_memory:tilemap|memory~8732 ; Stuck at GND due to stuck port data_in ;
; background_engine:background|tilemap_memory:tilemap|memory~8740 ; Stuck at GND due to stuck port data_in ;
; background_engine:background|tilemap_memory:tilemap|memory~8748 ; Stuck at GND due to stuck port data_in ;
; background_engine:background|tilemap_memory:tilemap|memory~8756 ; Stuck at GND due to stuck port data_in ;
; background_engine:background|tilemap_memory:tilemap|memory~8764 ; Stuck at GND due to stuck port data_in ;
; background_engine:background|tilemap_memory:tilemap|memory~8772 ; Stuck at GND due to stuck port data_in ;
; background_engine:background|tilemap_memory:tilemap|memory~8780 ; Stuck at GND due to stuck port data_in ;
; background_engine:background|tilemap_memory:tilemap|memory~8788 ; Stuck at GND due to stuck port data_in ;
; background_engine:background|tilemap_memory:tilemap|memory~8796 ; Stuck at GND due to stuck port data_in ;
; background_engine:background|tilemap_memory:tilemap|memory~8804 ; Stuck at GND due to stuck port data_in ;
; background_engine:background|tilemap_memory:tilemap|memory~8860 ; Stuck at GND due to stuck port data_in ;
; background_engine:background|tilemap_memory:tilemap|memory~8868 ; Stuck at GND due to stuck port data_in ;
; background_engine:background|tilemap_memory:tilemap|memory~8876 ; Stuck at GND due to stuck port data_in ;
; background_engine:background|tilemap_memory:tilemap|memory~8884 ; Stuck at GND due to stuck port data_in ;
; background_engine:background|tilemap_memory:tilemap|memory~8892 ; Stuck at GND due to stuck port data_in ;
; background_engine:background|tilemap_memory:tilemap|memory~8900 ; Stuck at GND due to stuck port data_in ;
; background_engine:background|tilemap_memory:tilemap|memory~8908 ; Stuck at GND due to stuck port data_in ;
; background_engine:background|tilemap_memory:tilemap|memory~8916 ; Stuck at GND due to stuck port data_in ;
; background_engine:background|tilemap_memory:tilemap|memory~8924 ; Stuck at GND due to stuck port data_in ;
; background_engine:background|tilemap_memory:tilemap|memory~8932 ; Stuck at GND due to stuck port data_in ;
; background_engine:background|tilemap_memory:tilemap|memory~8940 ; Stuck at GND due to stuck port data_in ;
; background_engine:background|tilemap_memory:tilemap|memory~8948 ; Stuck at GND due to stuck port data_in ;
; background_engine:background|tilemap_memory:tilemap|memory~8956 ; Stuck at GND due to stuck port data_in ;
; background_engine:background|tilemap_memory:tilemap|memory~8964 ; Stuck at GND due to stuck port data_in ;
; background_engine:background|tilemap_memory:tilemap|memory~8972 ; Stuck at GND due to stuck port data_in ;
; background_engine:background|tilemap_memory:tilemap|memory~8980 ; Stuck at GND due to stuck port data_in ;
; background_engine:background|tilemap_memory:tilemap|memory~8988 ; Stuck at GND due to stuck port data_in ;
; background_engine:background|tilemap_memory:tilemap|memory~8996 ; Stuck at GND due to stuck port data_in ;
; background_engine:background|tilemap_memory:tilemap|memory~9004 ; Stuck at GND due to stuck port data_in ;
; background_engine:background|tilemap_memory:tilemap|memory~9012 ; Stuck at GND due to stuck port data_in ;
; background_engine:background|tilemap_memory:tilemap|memory~9020 ; Stuck at GND due to stuck port data_in ;
; background_engine:background|tilemap_memory:tilemap|memory~9028 ; Stuck at GND due to stuck port data_in ;
; background_engine:background|tilemap_memory:tilemap|memory~9036 ; Stuck at GND due to stuck port data_in ;
; background_engine:background|tilemap_memory:tilemap|memory~9044 ; Stuck at GND due to stuck port data_in ;
; background_engine:background|tilemap_memory:tilemap|memory~9052 ; Stuck at GND due to stuck port data_in ;
; background_engine:background|tilemap_memory:tilemap|memory~9060 ; Stuck at GND due to stuck port data_in ;
; background_engine:background|tilemap_memory:tilemap|memory~9068 ; Stuck at GND due to stuck port data_in ;
; background_engine:background|tilemap_memory:tilemap|memory~9076 ; Stuck at GND due to stuck port data_in ;
; background_engine:background|tilemap_memory:tilemap|memory~9084 ; Stuck at GND due to stuck port data_in ;
; background_engine:background|tilemap_memory:tilemap|memory~9092 ; Stuck at GND due to stuck port data_in ;
; background_engine:background|tilemap_memory:tilemap|memory~9100 ; Stuck at GND due to stuck port data_in ;
; background_engine:background|tilemap_memory:tilemap|memory~9108 ; Stuck at GND due to stuck port data_in ;
; background_engine:background|tilemap_memory:tilemap|memory~9116 ; Stuck at GND due to stuck port data_in ;
; background_engine:background|tilemap_memory:tilemap|memory~9148 ; Stuck at GND due to stuck port data_in ;
; background_engine:background|tilemap_memory:tilemap|memory~9156 ; Stuck at GND due to stuck port data_in ;
; background_engine:background|tilemap_memory:tilemap|memory~9164 ; Stuck at GND due to stuck port data_in ;
; background_engine:background|tilemap_memory:tilemap|memory~9196 ; Stuck at GND due to stuck port data_in ;
; background_engine:background|tilemap_memory:tilemap|memory~9204 ; Stuck at GND due to stuck port data_in ;
; background_engine:background|tilemap_memory:tilemap|memory~9212 ; Stuck at GND due to stuck port data_in ;
; background_engine:background|tilemap_memory:tilemap|memory~9220 ; Stuck at GND due to stuck port data_in ;
; background_engine:background|tilemap_memory:tilemap|memory~9228 ; Stuck at GND due to stuck port data_in ;
; background_engine:background|tilemap_memory:tilemap|memory~9236 ; Stuck at GND due to stuck port data_in ;
; background_engine:background|tilemap_memory:tilemap|memory~9244 ; Stuck at GND due to stuck port data_in ;
; background_engine:background|tilemap_memory:tilemap|memory~9252 ; Stuck at GND due to stuck port data_in ;
; background_engine:background|tilemap_memory:tilemap|memory~9260 ; Stuck at GND due to stuck port data_in ;
; background_engine:background|tilemap_memory:tilemap|memory~9268 ; Stuck at GND due to stuck port data_in ;
; background_engine:background|tilemap_memory:tilemap|memory~9276 ; Stuck at GND due to stuck port data_in ;
; background_engine:background|tilemap_memory:tilemap|memory~9284 ; Stuck at GND due to stuck port data_in ;
; background_engine:background|tilemap_memory:tilemap|memory~9292 ; Stuck at GND due to stuck port data_in ;
; background_engine:background|tilemap_memory:tilemap|memory~9300 ; Stuck at GND due to stuck port data_in ;
; background_engine:background|tilemap_memory:tilemap|memory~9308 ; Stuck at GND due to stuck port data_in ;
; background_engine:background|tilemap_memory:tilemap|memory~9316 ; Stuck at GND due to stuck port data_in ;
; background_engine:background|tilemap_memory:tilemap|memory~9324 ; Stuck at GND due to stuck port data_in ;
; background_engine:background|tilemap_memory:tilemap|memory~9332 ; Stuck at GND due to stuck port data_in ;
; background_engine:background|tilemap_memory:tilemap|memory~9340 ; Stuck at GND due to stuck port data_in ;
; background_engine:background|tilemap_memory:tilemap|memory~9348 ; Stuck at GND due to stuck port data_in ;
; background_engine:background|tilemap_memory:tilemap|memory~9356 ; Stuck at GND due to stuck port data_in ;
; background_engine:background|tilemap_memory:tilemap|memory~9364 ; Stuck at GND due to stuck port data_in ;
; background_engine:background|tilemap_memory:tilemap|memory~9372 ; Stuck at GND due to stuck port data_in ;
; background_engine:background|tilemap_memory:tilemap|memory~9380 ; Stuck at GND due to stuck port data_in ;
; background_engine:background|tilemap_memory:tilemap|memory~9388 ; Stuck at GND due to stuck port data_in ;
; background_engine:background|tilemap_memory:tilemap|memory~9396 ; Stuck at GND due to stuck port data_in ;
; background_engine:background|tilemap_memory:tilemap|memory~9404 ; Stuck at GND due to stuck port data_in ;
; background_engine:background|tilemap_memory:tilemap|memory~9412 ; Stuck at GND due to stuck port data_in ;
; background_engine:background|tilemap_memory:tilemap|memory~9420 ; Stuck at GND due to stuck port data_in ;
; background_engine:background|tilemap_memory:tilemap|memory~9428 ; Stuck at GND due to stuck port data_in ;
; background_engine:background|tilemap_memory:tilemap|memory~9436 ; Stuck at GND due to stuck port data_in ;
; background_engine:background|tilemap_memory:tilemap|memory~9444 ; Stuck at GND due to stuck port data_in ;
; background_engine:background|tilemap_memory:tilemap|memory~9452 ; Stuck at GND due to stuck port data_in ;
; background_engine:background|tilemap_memory:tilemap|memory~9460 ; Stuck at GND due to stuck port data_in ;
; background_engine:background|tilemap_memory:tilemap|memory~9468 ; Stuck at GND due to stuck port data_in ;
; background_engine:background|tilemap_memory:tilemap|memory~9476 ; Stuck at GND due to stuck port data_in ;
; background_engine:background|tilemap_memory:tilemap|memory~9484 ; Stuck at GND due to stuck port data_in ;
; background_engine:background|tilemap_memory:tilemap|memory~9492 ; Stuck at GND due to stuck port data_in ;
; background_engine:background|tilemap_memory:tilemap|memory~9500 ; Stuck at GND due to stuck port data_in ;
; background_engine:background|tilemap_memory:tilemap|memory~9508 ; Stuck at GND due to stuck port data_in ;
; background_engine:background|tilemap_memory:tilemap|memory~9516 ; Stuck at GND due to stuck port data_in ;
; background_engine:background|tilemap_memory:tilemap|memory~9524 ; Stuck at GND due to stuck port data_in ;
; background_engine:background|tilemap_memory:tilemap|memory~9532 ; Stuck at GND due to stuck port data_in ;
; background_engine:background|tilemap_memory:tilemap|memory~9540 ; Stuck at GND due to stuck port data_in ;
; background_engine:background|tilemap_memory:tilemap|memory~9548 ; Stuck at GND due to stuck port data_in ;
; background_engine:background|tilemap_memory:tilemap|memory~9556 ; Stuck at GND due to stuck port data_in ;
; background_engine:background|tilemap_memory:tilemap|memory~9564 ; Stuck at GND due to stuck port data_in ;
; background_engine:background|tilemap_memory:tilemap|memory~9572 ; Stuck at GND due to stuck port data_in ;
; background_engine:background|tilemap_memory:tilemap|memory~9580 ; Stuck at GND due to stuck port data_in ;
; background_engine:background|tilemap_memory:tilemap|memory~9588 ; Stuck at GND due to stuck port data_in ;
; background_engine:background|tilemap_memory:tilemap|memory~9596 ; Stuck at GND due to stuck port data_in ;
; background_engine:background|tilemap_memory:tilemap|memory~5    ; Stuck at GND due to stuck port data_in ;
; background_engine:background|tilemap_memory:tilemap|memory~13   ; Stuck at GND due to stuck port data_in ;
; background_engine:background|tilemap_memory:tilemap|memory~21   ; Stuck at GND due to stuck port data_in ;
; background_engine:background|tilemap_memory:tilemap|memory~29   ; Stuck at GND due to stuck port data_in ;
; background_engine:background|tilemap_memory:tilemap|memory~37   ; Stuck at GND due to stuck port data_in ;
; background_engine:background|tilemap_memory:tilemap|memory~45   ; Stuck at GND due to stuck port data_in ;
; background_engine:background|tilemap_memory:tilemap|memory~53   ; Stuck at GND due to stuck port data_in ;
; background_engine:background|tilemap_memory:tilemap|memory~61   ; Stuck at GND due to stuck port data_in ;
; background_engine:background|tilemap_memory:tilemap|memory~69   ; Stuck at GND due to stuck port data_in ;
; background_engine:background|tilemap_memory:tilemap|memory~77   ; Stuck at GND due to stuck port data_in ;
; background_engine:background|tilemap_memory:tilemap|memory~85   ; Stuck at GND due to stuck port data_in ;
; background_engine:background|tilemap_memory:tilemap|memory~93   ; Stuck at GND due to stuck port data_in ;
; background_engine:background|tilemap_memory:tilemap|memory~101  ; Stuck at GND due to stuck port data_in ;
; background_engine:background|tilemap_memory:tilemap|memory~109  ; Stuck at GND due to stuck port data_in ;
; background_engine:background|tilemap_memory:tilemap|memory~117  ; Stuck at GND due to stuck port data_in ;
; background_engine:background|tilemap_memory:tilemap|memory~125  ; Stuck at GND due to stuck port data_in ;
; background_engine:background|tilemap_memory:tilemap|memory~133  ; Stuck at GND due to stuck port data_in ;
; background_engine:background|tilemap_memory:tilemap|memory~141  ; Stuck at GND due to stuck port data_in ;
; background_engine:background|tilemap_memory:tilemap|memory~149  ; Stuck at GND due to stuck port data_in ;
; background_engine:background|tilemap_memory:tilemap|memory~157  ; Stuck at GND due to stuck port data_in ;
; background_engine:background|tilemap_memory:tilemap|memory~165  ; Stuck at GND due to stuck port data_in ;
; background_engine:background|tilemap_memory:tilemap|memory~173  ; Stuck at GND due to stuck port data_in ;
; background_engine:background|tilemap_memory:tilemap|memory~181  ; Stuck at GND due to stuck port data_in ;
; background_engine:background|tilemap_memory:tilemap|memory~189  ; Stuck at GND due to stuck port data_in ;
; background_engine:background|tilemap_memory:tilemap|memory~197  ; Stuck at GND due to stuck port data_in ;
; background_engine:background|tilemap_memory:tilemap|memory~205  ; Stuck at GND due to stuck port data_in ;
; background_engine:background|tilemap_memory:tilemap|memory~213  ; Stuck at GND due to stuck port data_in ;
; background_engine:background|tilemap_memory:tilemap|memory~221  ; Stuck at GND due to stuck port data_in ;
; background_engine:background|tilemap_memory:tilemap|memory~229  ; Stuck at GND due to stuck port data_in ;
; background_engine:background|tilemap_memory:tilemap|memory~237  ; Stuck at GND due to stuck port data_in ;
; background_engine:background|tilemap_memory:tilemap|memory~245  ; Stuck at GND due to stuck port data_in ;
; background_engine:background|tilemap_memory:tilemap|memory~253  ; Stuck at GND due to stuck port data_in ;
; background_engine:background|tilemap_memory:tilemap|memory~261  ; Stuck at GND due to stuck port data_in ;
; background_engine:background|tilemap_memory:tilemap|memory~269  ; Stuck at GND due to stuck port data_in ;
; background_engine:background|tilemap_memory:tilemap|memory~277  ; Stuck at GND due to stuck port data_in ;
; background_engine:background|tilemap_memory:tilemap|memory~285  ; Stuck at GND due to stuck port data_in ;
; background_engine:background|tilemap_memory:tilemap|memory~293  ; Stuck at GND due to stuck port data_in ;
; background_engine:background|tilemap_memory:tilemap|memory~301  ; Stuck at GND due to stuck port data_in ;
; background_engine:background|tilemap_memory:tilemap|memory~309  ; Stuck at GND due to stuck port data_in ;
; background_engine:background|tilemap_memory:tilemap|memory~317  ; Stuck at GND due to stuck port data_in ;
; background_engine:background|tilemap_memory:tilemap|memory~325  ; Stuck at GND due to stuck port data_in ;
; background_engine:background|tilemap_memory:tilemap|memory~333  ; Stuck at GND due to stuck port data_in ;
; background_engine:background|tilemap_memory:tilemap|memory~341  ; Stuck at GND due to stuck port data_in ;
; background_engine:background|tilemap_memory:tilemap|memory~349  ; Stuck at GND due to stuck port data_in ;
; background_engine:background|tilemap_memory:tilemap|memory~357  ; Stuck at GND due to stuck port data_in ;
; background_engine:background|tilemap_memory:tilemap|memory~365  ; Stuck at GND due to stuck port data_in ;
; background_engine:background|tilemap_memory:tilemap|memory~373  ; Stuck at GND due to stuck port data_in ;
; background_engine:background|tilemap_memory:tilemap|memory~381  ; Stuck at GND due to stuck port data_in ;
; background_engine:background|tilemap_memory:tilemap|memory~389  ; Stuck at GND due to stuck port data_in ;
; background_engine:background|tilemap_memory:tilemap|memory~397  ; Stuck at GND due to stuck port data_in ;
; background_engine:background|tilemap_memory:tilemap|memory~405  ; Stuck at GND due to stuck port data_in ;
; background_engine:background|tilemap_memory:tilemap|memory~413  ; Stuck at GND due to stuck port data_in ;
; background_engine:background|tilemap_memory:tilemap|memory~421  ; Stuck at GND due to stuck port data_in ;
; background_engine:background|tilemap_memory:tilemap|memory~429  ; Stuck at GND due to stuck port data_in ;
; background_engine:background|tilemap_memory:tilemap|memory~437  ; Stuck at GND due to stuck port data_in ;
; background_engine:background|tilemap_memory:tilemap|memory~445  ; Stuck at GND due to stuck port data_in ;
; background_engine:background|tilemap_memory:tilemap|memory~453  ; Stuck at GND due to stuck port data_in ;
; background_engine:background|tilemap_memory:tilemap|memory~461  ; Stuck at GND due to stuck port data_in ;
; background_engine:background|tilemap_memory:tilemap|memory~469  ; Stuck at GND due to stuck port data_in ;
; background_engine:background|tilemap_memory:tilemap|memory~477  ; Stuck at GND due to stuck port data_in ;
; background_engine:background|tilemap_memory:tilemap|memory~485  ; Stuck at GND due to stuck port data_in ;
; background_engine:background|tilemap_memory:tilemap|memory~493  ; Stuck at GND due to stuck port data_in ;
; background_engine:background|tilemap_memory:tilemap|memory~501  ; Stuck at GND due to stuck port data_in ;
; background_engine:background|tilemap_memory:tilemap|memory~509  ; Stuck at GND due to stuck port data_in ;
; background_engine:background|tilemap_memory:tilemap|memory~517  ; Stuck at GND due to stuck port data_in ;
; background_engine:background|tilemap_memory:tilemap|memory~525  ; Stuck at GND due to stuck port data_in ;
; background_engine:background|tilemap_memory:tilemap|memory~533  ; Stuck at GND due to stuck port data_in ;
; background_engine:background|tilemap_memory:tilemap|memory~541  ; Stuck at GND due to stuck port data_in ;
; background_engine:background|tilemap_memory:tilemap|memory~549  ; Stuck at GND due to stuck port data_in ;
; background_engine:background|tilemap_memory:tilemap|memory~557  ; Stuck at GND due to stuck port data_in ;
; background_engine:background|tilemap_memory:tilemap|memory~565  ; Stuck at GND due to stuck port data_in ;
; background_engine:background|tilemap_memory:tilemap|memory~573  ; Stuck at GND due to stuck port data_in ;
; background_engine:background|tilemap_memory:tilemap|memory~581  ; Stuck at GND due to stuck port data_in ;
; background_engine:background|tilemap_memory:tilemap|memory~589  ; Stuck at GND due to stuck port data_in ;
; background_engine:background|tilemap_memory:tilemap|memory~597  ; Stuck at GND due to stuck port data_in ;
; background_engine:background|tilemap_memory:tilemap|memory~605  ; Stuck at GND due to stuck port data_in ;
; background_engine:background|tilemap_memory:tilemap|memory~613  ; Stuck at GND due to stuck port data_in ;
; background_engine:background|tilemap_memory:tilemap|memory~621  ; Stuck at GND due to stuck port data_in ;
; background_engine:background|tilemap_memory:tilemap|memory~629  ; Stuck at GND due to stuck port data_in ;
; background_engine:background|tilemap_memory:tilemap|memory~637  ; Stuck at GND due to stuck port data_in ;
; background_engine:background|tilemap_memory:tilemap|memory~645  ; Stuck at GND due to stuck port data_in ;
; background_engine:background|tilemap_memory:tilemap|memory~653  ; Stuck at GND due to stuck port data_in ;
; background_engine:background|tilemap_memory:tilemap|memory~661  ; Stuck at GND due to stuck port data_in ;
; background_engine:background|tilemap_memory:tilemap|memory~669  ; Stuck at GND due to stuck port data_in ;
; background_engine:background|tilemap_memory:tilemap|memory~677  ; Stuck at GND due to stuck port data_in ;
; background_engine:background|tilemap_memory:tilemap|memory~685  ; Stuck at GND due to stuck port data_in ;
; background_engine:background|tilemap_memory:tilemap|memory~693  ; Stuck at GND due to stuck port data_in ;
; background_engine:background|tilemap_memory:tilemap|memory~701  ; Stuck at GND due to stuck port data_in ;
; background_engine:background|tilemap_memory:tilemap|memory~709  ; Stuck at GND due to stuck port data_in ;
; background_engine:background|tilemap_memory:tilemap|memory~717  ; Stuck at GND due to stuck port data_in ;
; background_engine:background|tilemap_memory:tilemap|memory~725  ; Stuck at GND due to stuck port data_in ;
; background_engine:background|tilemap_memory:tilemap|memory~733  ; Stuck at GND due to stuck port data_in ;
; background_engine:background|tilemap_memory:tilemap|memory~741  ; Stuck at GND due to stuck port data_in ;
; background_engine:background|tilemap_memory:tilemap|memory~749  ; Stuck at GND due to stuck port data_in ;
; background_engine:background|tilemap_memory:tilemap|memory~757  ; Stuck at GND due to stuck port data_in ;
; background_engine:background|tilemap_memory:tilemap|memory~765  ; Stuck at GND due to stuck port data_in ;
; background_engine:background|tilemap_memory:tilemap|memory~773  ; Stuck at GND due to stuck port data_in ;
; background_engine:background|tilemap_memory:tilemap|memory~781  ; Stuck at GND due to stuck port data_in ;
; background_engine:background|tilemap_memory:tilemap|memory~789  ; Stuck at GND due to stuck port data_in ;
; background_engine:background|tilemap_memory:tilemap|memory~797  ; Stuck at GND due to stuck port data_in ;
; background_engine:background|tilemap_memory:tilemap|memory~805  ; Stuck at GND due to stuck port data_in ;
; background_engine:background|tilemap_memory:tilemap|memory~813  ; Stuck at GND due to stuck port data_in ;
; background_engine:background|tilemap_memory:tilemap|memory~821  ; Stuck at GND due to stuck port data_in ;
; background_engine:background|tilemap_memory:tilemap|memory~829  ; Stuck at GND due to stuck port data_in ;
; background_engine:background|tilemap_memory:tilemap|memory~837  ; Stuck at GND due to stuck port data_in ;
; background_engine:background|tilemap_memory:tilemap|memory~845  ; Stuck at GND due to stuck port data_in ;
; background_engine:background|tilemap_memory:tilemap|memory~853  ; Stuck at GND due to stuck port data_in ;
; background_engine:background|tilemap_memory:tilemap|memory~861  ; Stuck at GND due to stuck port data_in ;
; background_engine:background|tilemap_memory:tilemap|memory~869  ; Stuck at GND due to stuck port data_in ;
; background_engine:background|tilemap_memory:tilemap|memory~877  ; Stuck at GND due to stuck port data_in ;
; background_engine:background|tilemap_memory:tilemap|memory~885  ; Stuck at GND due to stuck port data_in ;
; background_engine:background|tilemap_memory:tilemap|memory~893  ; Stuck at GND due to stuck port data_in ;
; background_engine:background|tilemap_memory:tilemap|memory~901  ; Stuck at GND due to stuck port data_in ;
; background_engine:background|tilemap_memory:tilemap|memory~909  ; Stuck at GND due to stuck port data_in ;
; background_engine:background|tilemap_memory:tilemap|memory~917  ; Stuck at GND due to stuck port data_in ;
; background_engine:background|tilemap_memory:tilemap|memory~925  ; Stuck at GND due to stuck port data_in ;
; background_engine:background|tilemap_memory:tilemap|memory~933  ; Stuck at GND due to stuck port data_in ;
; background_engine:background|tilemap_memory:tilemap|memory~941  ; Stuck at GND due to stuck port data_in ;
; background_engine:background|tilemap_memory:tilemap|memory~949  ; Stuck at GND due to stuck port data_in ;
; background_engine:background|tilemap_memory:tilemap|memory~957  ; Stuck at GND due to stuck port data_in ;
; background_engine:background|tilemap_memory:tilemap|memory~965  ; Stuck at GND due to stuck port data_in ;
; background_engine:background|tilemap_memory:tilemap|memory~973  ; Stuck at GND due to stuck port data_in ;
; background_engine:background|tilemap_memory:tilemap|memory~981  ; Stuck at GND due to stuck port data_in ;
; background_engine:background|tilemap_memory:tilemap|memory~989  ; Stuck at GND due to stuck port data_in ;
; background_engine:background|tilemap_memory:tilemap|memory~997  ; Stuck at GND due to stuck port data_in ;
; background_engine:background|tilemap_memory:tilemap|memory~1005 ; Stuck at GND due to stuck port data_in ;
; background_engine:background|tilemap_memory:tilemap|memory~1013 ; Stuck at GND due to stuck port data_in ;
; background_engine:background|tilemap_memory:tilemap|memory~1021 ; Stuck at GND due to stuck port data_in ;
; background_engine:background|tilemap_memory:tilemap|memory~1029 ; Stuck at GND due to stuck port data_in ;
; background_engine:background|tilemap_memory:tilemap|memory~1037 ; Stuck at GND due to stuck port data_in ;
; background_engine:background|tilemap_memory:tilemap|memory~1045 ; Stuck at GND due to stuck port data_in ;
; background_engine:background|tilemap_memory:tilemap|memory~1053 ; Stuck at GND due to stuck port data_in ;
; background_engine:background|tilemap_memory:tilemap|memory~1061 ; Stuck at GND due to stuck port data_in ;
; background_engine:background|tilemap_memory:tilemap|memory~1069 ; Stuck at GND due to stuck port data_in ;
; background_engine:background|tilemap_memory:tilemap|memory~1077 ; Stuck at GND due to stuck port data_in ;
; background_engine:background|tilemap_memory:tilemap|memory~1085 ; Stuck at GND due to stuck port data_in ;
; background_engine:background|tilemap_memory:tilemap|memory~1093 ; Stuck at GND due to stuck port data_in ;
; background_engine:background|tilemap_memory:tilemap|memory~1101 ; Stuck at GND due to stuck port data_in ;
; background_engine:background|tilemap_memory:tilemap|memory~1109 ; Stuck at GND due to stuck port data_in ;
; background_engine:background|tilemap_memory:tilemap|memory~1117 ; Stuck at GND due to stuck port data_in ;
; background_engine:background|tilemap_memory:tilemap|memory~1125 ; Stuck at GND due to stuck port data_in ;
; background_engine:background|tilemap_memory:tilemap|memory~1133 ; Stuck at GND due to stuck port data_in ;
; background_engine:background|tilemap_memory:tilemap|memory~1141 ; Stuck at GND due to stuck port data_in ;
; background_engine:background|tilemap_memory:tilemap|memory~1149 ; Stuck at GND due to stuck port data_in ;
; background_engine:background|tilemap_memory:tilemap|memory~1157 ; Stuck at GND due to stuck port data_in ;
; background_engine:background|tilemap_memory:tilemap|memory~1165 ; Stuck at GND due to stuck port data_in ;
; background_engine:background|tilemap_memory:tilemap|memory~1173 ; Stuck at GND due to stuck port data_in ;
; background_engine:background|tilemap_memory:tilemap|memory~1181 ; Stuck at GND due to stuck port data_in ;
; background_engine:background|tilemap_memory:tilemap|memory~1189 ; Stuck at GND due to stuck port data_in ;
; background_engine:background|tilemap_memory:tilemap|memory~1197 ; Stuck at GND due to stuck port data_in ;
; background_engine:background|tilemap_memory:tilemap|memory~1205 ; Stuck at GND due to stuck port data_in ;
; background_engine:background|tilemap_memory:tilemap|memory~1213 ; Stuck at GND due to stuck port data_in ;
; background_engine:background|tilemap_memory:tilemap|memory~1221 ; Stuck at GND due to stuck port data_in ;
; background_engine:background|tilemap_memory:tilemap|memory~1229 ; Stuck at GND due to stuck port data_in ;
; background_engine:background|tilemap_memory:tilemap|memory~1237 ; Stuck at GND due to stuck port data_in ;
; background_engine:background|tilemap_memory:tilemap|memory~1245 ; Stuck at GND due to stuck port data_in ;
; background_engine:background|tilemap_memory:tilemap|memory~1253 ; Stuck at GND due to stuck port data_in ;
; background_engine:background|tilemap_memory:tilemap|memory~1261 ; Stuck at GND due to stuck port data_in ;
; background_engine:background|tilemap_memory:tilemap|memory~1269 ; Stuck at GND due to stuck port data_in ;
; background_engine:background|tilemap_memory:tilemap|memory~1277 ; Stuck at GND due to stuck port data_in ;
; background_engine:background|tilemap_memory:tilemap|memory~1285 ; Stuck at GND due to stuck port data_in ;
; background_engine:background|tilemap_memory:tilemap|memory~1293 ; Stuck at GND due to stuck port data_in ;
; background_engine:background|tilemap_memory:tilemap|memory~1301 ; Stuck at GND due to stuck port data_in ;
; background_engine:background|tilemap_memory:tilemap|memory~1309 ; Stuck at GND due to stuck port data_in ;
; background_engine:background|tilemap_memory:tilemap|memory~1317 ; Stuck at GND due to stuck port data_in ;
; background_engine:background|tilemap_memory:tilemap|memory~1325 ; Stuck at GND due to stuck port data_in ;
; background_engine:background|tilemap_memory:tilemap|memory~1333 ; Stuck at GND due to stuck port data_in ;
; background_engine:background|tilemap_memory:tilemap|memory~1341 ; Stuck at GND due to stuck port data_in ;
; background_engine:background|tilemap_memory:tilemap|memory~1349 ; Stuck at GND due to stuck port data_in ;
; background_engine:background|tilemap_memory:tilemap|memory~1357 ; Stuck at GND due to stuck port data_in ;
; background_engine:background|tilemap_memory:tilemap|memory~1365 ; Stuck at GND due to stuck port data_in ;
; background_engine:background|tilemap_memory:tilemap|memory~1373 ; Stuck at GND due to stuck port data_in ;
; background_engine:background|tilemap_memory:tilemap|memory~1381 ; Stuck at GND due to stuck port data_in ;
; background_engine:background|tilemap_memory:tilemap|memory~1389 ; Stuck at GND due to stuck port data_in ;
; background_engine:background|tilemap_memory:tilemap|memory~1397 ; Stuck at GND due to stuck port data_in ;
; background_engine:background|tilemap_memory:tilemap|memory~1405 ; Stuck at GND due to stuck port data_in ;
; background_engine:background|tilemap_memory:tilemap|memory~1413 ; Stuck at GND due to stuck port data_in ;
; background_engine:background|tilemap_memory:tilemap|memory~1421 ; Stuck at GND due to stuck port data_in ;
; background_engine:background|tilemap_memory:tilemap|memory~1429 ; Stuck at GND due to stuck port data_in ;
; background_engine:background|tilemap_memory:tilemap|memory~1437 ; Stuck at GND due to stuck port data_in ;
; background_engine:background|tilemap_memory:tilemap|memory~1445 ; Stuck at GND due to stuck port data_in ;
; background_engine:background|tilemap_memory:tilemap|memory~1453 ; Stuck at GND due to stuck port data_in ;
; background_engine:background|tilemap_memory:tilemap|memory~1461 ; Stuck at GND due to stuck port data_in ;
; background_engine:background|tilemap_memory:tilemap|memory~1469 ; Stuck at GND due to stuck port data_in ;
; background_engine:background|tilemap_memory:tilemap|memory~1477 ; Stuck at GND due to stuck port data_in ;
; background_engine:background|tilemap_memory:tilemap|memory~1485 ; Stuck at GND due to stuck port data_in ;
; background_engine:background|tilemap_memory:tilemap|memory~1493 ; Stuck at GND due to stuck port data_in ;
; background_engine:background|tilemap_memory:tilemap|memory~1501 ; Stuck at GND due to stuck port data_in ;
; background_engine:background|tilemap_memory:tilemap|memory~1509 ; Stuck at GND due to stuck port data_in ;
; background_engine:background|tilemap_memory:tilemap|memory~1517 ; Stuck at GND due to stuck port data_in ;
; background_engine:background|tilemap_memory:tilemap|memory~1525 ; Stuck at GND due to stuck port data_in ;
; background_engine:background|tilemap_memory:tilemap|memory~1533 ; Stuck at GND due to stuck port data_in ;
; background_engine:background|tilemap_memory:tilemap|memory~1541 ; Stuck at GND due to stuck port data_in ;
; background_engine:background|tilemap_memory:tilemap|memory~1549 ; Stuck at GND due to stuck port data_in ;
; background_engine:background|tilemap_memory:tilemap|memory~1557 ; Stuck at GND due to stuck port data_in ;
; background_engine:background|tilemap_memory:tilemap|memory~1565 ; Stuck at GND due to stuck port data_in ;
; background_engine:background|tilemap_memory:tilemap|memory~1573 ; Stuck at GND due to stuck port data_in ;
; background_engine:background|tilemap_memory:tilemap|memory~1581 ; Stuck at GND due to stuck port data_in ;
; background_engine:background|tilemap_memory:tilemap|memory~1589 ; Stuck at GND due to stuck port data_in ;
; background_engine:background|tilemap_memory:tilemap|memory~1597 ; Stuck at GND due to stuck port data_in ;
; background_engine:background|tilemap_memory:tilemap|memory~1605 ; Stuck at GND due to stuck port data_in ;
; background_engine:background|tilemap_memory:tilemap|memory~1613 ; Stuck at GND due to stuck port data_in ;
; background_engine:background|tilemap_memory:tilemap|memory~1621 ; Stuck at GND due to stuck port data_in ;
; background_engine:background|tilemap_memory:tilemap|memory~1629 ; Stuck at GND due to stuck port data_in ;
; background_engine:background|tilemap_memory:tilemap|memory~1637 ; Stuck at GND due to stuck port data_in ;
; background_engine:background|tilemap_memory:tilemap|memory~1645 ; Stuck at GND due to stuck port data_in ;
; background_engine:background|tilemap_memory:tilemap|memory~1653 ; Stuck at GND due to stuck port data_in ;
; background_engine:background|tilemap_memory:tilemap|memory~1661 ; Stuck at GND due to stuck port data_in ;
; background_engine:background|tilemap_memory:tilemap|memory~1669 ; Stuck at GND due to stuck port data_in ;
; background_engine:background|tilemap_memory:tilemap|memory~1677 ; Stuck at GND due to stuck port data_in ;
; background_engine:background|tilemap_memory:tilemap|memory~1685 ; Stuck at GND due to stuck port data_in ;
; background_engine:background|tilemap_memory:tilemap|memory~1693 ; Stuck at GND due to stuck port data_in ;
; background_engine:background|tilemap_memory:tilemap|memory~1701 ; Stuck at GND due to stuck port data_in ;
; background_engine:background|tilemap_memory:tilemap|memory~1709 ; Stuck at GND due to stuck port data_in ;
; background_engine:background|tilemap_memory:tilemap|memory~1717 ; Stuck at GND due to stuck port data_in ;
; background_engine:background|tilemap_memory:tilemap|memory~1725 ; Stuck at GND due to stuck port data_in ;
; background_engine:background|tilemap_memory:tilemap|memory~1733 ; Stuck at GND due to stuck port data_in ;
; background_engine:background|tilemap_memory:tilemap|memory~1741 ; Stuck at GND due to stuck port data_in ;
; background_engine:background|tilemap_memory:tilemap|memory~1749 ; Stuck at GND due to stuck port data_in ;
; background_engine:background|tilemap_memory:tilemap|memory~1757 ; Stuck at GND due to stuck port data_in ;
; background_engine:background|tilemap_memory:tilemap|memory~1765 ; Stuck at GND due to stuck port data_in ;
; background_engine:background|tilemap_memory:tilemap|memory~1773 ; Stuck at GND due to stuck port data_in ;
; background_engine:background|tilemap_memory:tilemap|memory~1781 ; Stuck at GND due to stuck port data_in ;
; background_engine:background|tilemap_memory:tilemap|memory~1789 ; Stuck at GND due to stuck port data_in ;
; background_engine:background|tilemap_memory:tilemap|memory~1797 ; Stuck at GND due to stuck port data_in ;
; background_engine:background|tilemap_memory:tilemap|memory~1805 ; Stuck at GND due to stuck port data_in ;
; background_engine:background|tilemap_memory:tilemap|memory~1813 ; Stuck at GND due to stuck port data_in ;
; background_engine:background|tilemap_memory:tilemap|memory~1821 ; Stuck at GND due to stuck port data_in ;
; background_engine:background|tilemap_memory:tilemap|memory~1829 ; Stuck at GND due to stuck port data_in ;
; background_engine:background|tilemap_memory:tilemap|memory~1837 ; Stuck at GND due to stuck port data_in ;
; background_engine:background|tilemap_memory:tilemap|memory~1845 ; Stuck at GND due to stuck port data_in ;
; background_engine:background|tilemap_memory:tilemap|memory~1853 ; Stuck at GND due to stuck port data_in ;
; background_engine:background|tilemap_memory:tilemap|memory~1861 ; Stuck at GND due to stuck port data_in ;
; background_engine:background|tilemap_memory:tilemap|memory~1869 ; Stuck at GND due to stuck port data_in ;
; background_engine:background|tilemap_memory:tilemap|memory~1877 ; Stuck at GND due to stuck port data_in ;
; background_engine:background|tilemap_memory:tilemap|memory~1885 ; Stuck at GND due to stuck port data_in ;
; background_engine:background|tilemap_memory:tilemap|memory~1893 ; Stuck at GND due to stuck port data_in ;
; background_engine:background|tilemap_memory:tilemap|memory~1901 ; Stuck at GND due to stuck port data_in ;
; background_engine:background|tilemap_memory:tilemap|memory~1909 ; Stuck at GND due to stuck port data_in ;
; background_engine:background|tilemap_memory:tilemap|memory~1917 ; Stuck at GND due to stuck port data_in ;
; background_engine:background|tilemap_memory:tilemap|memory~1925 ; Stuck at GND due to stuck port data_in ;
; background_engine:background|tilemap_memory:tilemap|memory~1933 ; Stuck at GND due to stuck port data_in ;
; background_engine:background|tilemap_memory:tilemap|memory~1941 ; Stuck at GND due to stuck port data_in ;
; background_engine:background|tilemap_memory:tilemap|memory~1949 ; Stuck at GND due to stuck port data_in ;
; background_engine:background|tilemap_memory:tilemap|memory~1957 ; Stuck at GND due to stuck port data_in ;
; background_engine:background|tilemap_memory:tilemap|memory~1965 ; Stuck at GND due to stuck port data_in ;
; background_engine:background|tilemap_memory:tilemap|memory~1973 ; Stuck at GND due to stuck port data_in ;
; background_engine:background|tilemap_memory:tilemap|memory~1981 ; Stuck at GND due to stuck port data_in ;
; background_engine:background|tilemap_memory:tilemap|memory~1989 ; Stuck at GND due to stuck port data_in ;
; background_engine:background|tilemap_memory:tilemap|memory~1997 ; Stuck at GND due to stuck port data_in ;
; background_engine:background|tilemap_memory:tilemap|memory~2005 ; Stuck at GND due to stuck port data_in ;
; background_engine:background|tilemap_memory:tilemap|memory~2013 ; Stuck at GND due to stuck port data_in ;
; background_engine:background|tilemap_memory:tilemap|memory~2021 ; Stuck at GND due to stuck port data_in ;
; background_engine:background|tilemap_memory:tilemap|memory~2029 ; Stuck at GND due to stuck port data_in ;
; background_engine:background|tilemap_memory:tilemap|memory~2037 ; Stuck at GND due to stuck port data_in ;
; background_engine:background|tilemap_memory:tilemap|memory~2045 ; Stuck at GND due to stuck port data_in ;
; background_engine:background|tilemap_memory:tilemap|memory~2053 ; Stuck at GND due to stuck port data_in ;
; background_engine:background|tilemap_memory:tilemap|memory~2061 ; Stuck at GND due to stuck port data_in ;
; background_engine:background|tilemap_memory:tilemap|memory~2069 ; Stuck at GND due to stuck port data_in ;
; background_engine:background|tilemap_memory:tilemap|memory~2077 ; Stuck at GND due to stuck port data_in ;
; background_engine:background|tilemap_memory:tilemap|memory~2085 ; Stuck at GND due to stuck port data_in ;
; background_engine:background|tilemap_memory:tilemap|memory~2093 ; Stuck at GND due to stuck port data_in ;
; background_engine:background|tilemap_memory:tilemap|memory~2101 ; Stuck at GND due to stuck port data_in ;
; background_engine:background|tilemap_memory:tilemap|memory~2109 ; Stuck at GND due to stuck port data_in ;
; background_engine:background|tilemap_memory:tilemap|memory~2117 ; Stuck at GND due to stuck port data_in ;
; background_engine:background|tilemap_memory:tilemap|memory~2125 ; Stuck at GND due to stuck port data_in ;
; background_engine:background|tilemap_memory:tilemap|memory~2133 ; Stuck at GND due to stuck port data_in ;
; background_engine:background|tilemap_memory:tilemap|memory~2141 ; Stuck at GND due to stuck port data_in ;
; background_engine:background|tilemap_memory:tilemap|memory~2149 ; Stuck at GND due to stuck port data_in ;
; background_engine:background|tilemap_memory:tilemap|memory~2157 ; Stuck at GND due to stuck port data_in ;
; background_engine:background|tilemap_memory:tilemap|memory~2165 ; Stuck at GND due to stuck port data_in ;
; background_engine:background|tilemap_memory:tilemap|memory~2173 ; Stuck at GND due to stuck port data_in ;
; background_engine:background|tilemap_memory:tilemap|memory~2181 ; Stuck at GND due to stuck port data_in ;
; background_engine:background|tilemap_memory:tilemap|memory~2189 ; Stuck at GND due to stuck port data_in ;
; background_engine:background|tilemap_memory:tilemap|memory~2197 ; Stuck at GND due to stuck port data_in ;
; background_engine:background|tilemap_memory:tilemap|memory~2205 ; Stuck at GND due to stuck port data_in ;
; background_engine:background|tilemap_memory:tilemap|memory~2213 ; Stuck at GND due to stuck port data_in ;
; background_engine:background|tilemap_memory:tilemap|memory~2221 ; Stuck at GND due to stuck port data_in ;
; background_engine:background|tilemap_memory:tilemap|memory~2229 ; Stuck at GND due to stuck port data_in ;
; background_engine:background|tilemap_memory:tilemap|memory~2237 ; Stuck at GND due to stuck port data_in ;
; background_engine:background|tilemap_memory:tilemap|memory~2245 ; Stuck at GND due to stuck port data_in ;
; background_engine:background|tilemap_memory:tilemap|memory~2253 ; Stuck at GND due to stuck port data_in ;
; background_engine:background|tilemap_memory:tilemap|memory~2261 ; Stuck at GND due to stuck port data_in ;
; background_engine:background|tilemap_memory:tilemap|memory~2269 ; Stuck at GND due to stuck port data_in ;
; background_engine:background|tilemap_memory:tilemap|memory~2277 ; Stuck at GND due to stuck port data_in ;
; background_engine:background|tilemap_memory:tilemap|memory~2301 ; Stuck at GND due to stuck port data_in ;
; background_engine:background|tilemap_memory:tilemap|memory~2309 ; Stuck at GND due to stuck port data_in ;
; background_engine:background|tilemap_memory:tilemap|memory~2317 ; Stuck at GND due to stuck port data_in ;
; background_engine:background|tilemap_memory:tilemap|memory~2325 ; Stuck at GND due to stuck port data_in ;
; background_engine:background|tilemap_memory:tilemap|memory~2333 ; Stuck at GND due to stuck port data_in ;
; background_engine:background|tilemap_memory:tilemap|memory~2341 ; Stuck at GND due to stuck port data_in ;
; background_engine:background|tilemap_memory:tilemap|memory~2349 ; Stuck at GND due to stuck port data_in ;
; background_engine:background|tilemap_memory:tilemap|memory~2357 ; Stuck at GND due to stuck port data_in ;
; background_engine:background|tilemap_memory:tilemap|memory~2365 ; Stuck at GND due to stuck port data_in ;
; background_engine:background|tilemap_memory:tilemap|memory~2373 ; Stuck at GND due to stuck port data_in ;
; background_engine:background|tilemap_memory:tilemap|memory~2381 ; Stuck at GND due to stuck port data_in ;
; background_engine:background|tilemap_memory:tilemap|memory~2389 ; Stuck at GND due to stuck port data_in ;
; background_engine:background|tilemap_memory:tilemap|memory~2397 ; Stuck at GND due to stuck port data_in ;
; background_engine:background|tilemap_memory:tilemap|memory~2405 ; Stuck at GND due to stuck port data_in ;
; background_engine:background|tilemap_memory:tilemap|memory~2413 ; Stuck at GND due to stuck port data_in ;
; background_engine:background|tilemap_memory:tilemap|memory~2421 ; Stuck at GND due to stuck port data_in ;
; background_engine:background|tilemap_memory:tilemap|memory~2429 ; Stuck at GND due to stuck port data_in ;
; background_engine:background|tilemap_memory:tilemap|memory~2437 ; Stuck at GND due to stuck port data_in ;
; background_engine:background|tilemap_memory:tilemap|memory~2445 ; Stuck at GND due to stuck port data_in ;
; background_engine:background|tilemap_memory:tilemap|memory~2453 ; Stuck at GND due to stuck port data_in ;
; background_engine:background|tilemap_memory:tilemap|memory~2461 ; Stuck at GND due to stuck port data_in ;
; background_engine:background|tilemap_memory:tilemap|memory~2485 ; Stuck at GND due to stuck port data_in ;
; background_engine:background|tilemap_memory:tilemap|memory~2493 ; Stuck at GND due to stuck port data_in ;
; background_engine:background|tilemap_memory:tilemap|memory~2501 ; Stuck at GND due to stuck port data_in ;
; background_engine:background|tilemap_memory:tilemap|memory~2509 ; Stuck at GND due to stuck port data_in ;
; background_engine:background|tilemap_memory:tilemap|memory~2517 ; Stuck at GND due to stuck port data_in ;
; background_engine:background|tilemap_memory:tilemap|memory~2525 ; Stuck at GND due to stuck port data_in ;
; background_engine:background|tilemap_memory:tilemap|memory~2533 ; Stuck at GND due to stuck port data_in ;
; background_engine:background|tilemap_memory:tilemap|memory~2541 ; Stuck at GND due to stuck port data_in ;
; background_engine:background|tilemap_memory:tilemap|memory~2549 ; Stuck at GND due to stuck port data_in ;
; background_engine:background|tilemap_memory:tilemap|memory~2557 ; Stuck at GND due to stuck port data_in ;
; background_engine:background|tilemap_memory:tilemap|memory~2565 ; Stuck at GND due to stuck port data_in ;
; background_engine:background|tilemap_memory:tilemap|memory~2573 ; Stuck at GND due to stuck port data_in ;
; background_engine:background|tilemap_memory:tilemap|memory~2581 ; Stuck at GND due to stuck port data_in ;
; background_engine:background|tilemap_memory:tilemap|memory~2597 ; Stuck at GND due to stuck port data_in ;
; background_engine:background|tilemap_memory:tilemap|memory~2605 ; Stuck at GND due to stuck port data_in ;
; background_engine:background|tilemap_memory:tilemap|memory~2613 ; Stuck at GND due to stuck port data_in ;
; background_engine:background|tilemap_memory:tilemap|memory~2621 ; Stuck at GND due to stuck port data_in ;
; background_engine:background|tilemap_memory:tilemap|memory~2629 ; Stuck at GND due to stuck port data_in ;
; background_engine:background|tilemap_memory:tilemap|memory~2637 ; Stuck at GND due to stuck port data_in ;
; background_engine:background|tilemap_memory:tilemap|memory~2645 ; Stuck at GND due to stuck port data_in ;
; background_engine:background|tilemap_memory:tilemap|memory~2653 ; Stuck at GND due to stuck port data_in ;
; background_engine:background|tilemap_memory:tilemap|memory~2661 ; Stuck at GND due to stuck port data_in ;
; background_engine:background|tilemap_memory:tilemap|memory~2669 ; Stuck at GND due to stuck port data_in ;
; background_engine:background|tilemap_memory:tilemap|memory~2677 ; Stuck at GND due to stuck port data_in ;
; background_engine:background|tilemap_memory:tilemap|memory~2685 ; Stuck at GND due to stuck port data_in ;
; background_engine:background|tilemap_memory:tilemap|memory~2693 ; Stuck at GND due to stuck port data_in ;
; background_engine:background|tilemap_memory:tilemap|memory~2701 ; Stuck at GND due to stuck port data_in ;
; background_engine:background|tilemap_memory:tilemap|memory~2709 ; Stuck at GND due to stuck port data_in ;
; background_engine:background|tilemap_memory:tilemap|memory~2717 ; Stuck at GND due to stuck port data_in ;
; background_engine:background|tilemap_memory:tilemap|memory~2725 ; Stuck at GND due to stuck port data_in ;
; background_engine:background|tilemap_memory:tilemap|memory~2733 ; Stuck at GND due to stuck port data_in ;
; background_engine:background|tilemap_memory:tilemap|memory~2741 ; Stuck at GND due to stuck port data_in ;
; background_engine:background|tilemap_memory:tilemap|memory~2749 ; Stuck at GND due to stuck port data_in ;
; background_engine:background|tilemap_memory:tilemap|memory~2757 ; Stuck at GND due to stuck port data_in ;
; background_engine:background|tilemap_memory:tilemap|memory~2765 ; Stuck at GND due to stuck port data_in ;
; background_engine:background|tilemap_memory:tilemap|memory~2773 ; Stuck at GND due to stuck port data_in ;
; background_engine:background|tilemap_memory:tilemap|memory~2781 ; Stuck at GND due to stuck port data_in ;
; background_engine:background|tilemap_memory:tilemap|memory~2805 ; Stuck at GND due to stuck port data_in ;
; background_engine:background|tilemap_memory:tilemap|memory~2813 ; Stuck at GND due to stuck port data_in ;
; background_engine:background|tilemap_memory:tilemap|memory~2821 ; Stuck at GND due to stuck port data_in ;
; background_engine:background|tilemap_memory:tilemap|memory~2829 ; Stuck at GND due to stuck port data_in ;
; background_engine:background|tilemap_memory:tilemap|memory~2845 ; Stuck at GND due to stuck port data_in ;
; background_engine:background|tilemap_memory:tilemap|memory~2853 ; Stuck at GND due to stuck port data_in ;
; background_engine:background|tilemap_memory:tilemap|memory~2869 ; Stuck at GND due to stuck port data_in ;
; background_engine:background|tilemap_memory:tilemap|memory~2877 ; Stuck at GND due to stuck port data_in ;
; background_engine:background|tilemap_memory:tilemap|memory~2885 ; Stuck at GND due to stuck port data_in ;
; background_engine:background|tilemap_memory:tilemap|memory~2893 ; Stuck at GND due to stuck port data_in ;
; background_engine:background|tilemap_memory:tilemap|memory~2901 ; Stuck at GND due to stuck port data_in ;
; background_engine:background|tilemap_memory:tilemap|memory~2909 ; Stuck at GND due to stuck port data_in ;
; background_engine:background|tilemap_memory:tilemap|memory~2917 ; Stuck at GND due to stuck port data_in ;
; background_engine:background|tilemap_memory:tilemap|memory~2925 ; Stuck at GND due to stuck port data_in ;
; background_engine:background|tilemap_memory:tilemap|memory~2933 ; Stuck at GND due to stuck port data_in ;
; background_engine:background|tilemap_memory:tilemap|memory~2949 ; Stuck at GND due to stuck port data_in ;
; background_engine:background|tilemap_memory:tilemap|memory~2957 ; Stuck at GND due to stuck port data_in ;
; background_engine:background|tilemap_memory:tilemap|memory~2965 ; Stuck at GND due to stuck port data_in ;
; background_engine:background|tilemap_memory:tilemap|memory~2973 ; Stuck at GND due to stuck port data_in ;
; background_engine:background|tilemap_memory:tilemap|memory~2981 ; Stuck at GND due to stuck port data_in ;
; background_engine:background|tilemap_memory:tilemap|memory~2989 ; Stuck at GND due to stuck port data_in ;
; background_engine:background|tilemap_memory:tilemap|memory~2997 ; Stuck at GND due to stuck port data_in ;
; background_engine:background|tilemap_memory:tilemap|memory~3005 ; Stuck at GND due to stuck port data_in ;
; background_engine:background|tilemap_memory:tilemap|memory~3013 ; Stuck at GND due to stuck port data_in ;
; background_engine:background|tilemap_memory:tilemap|memory~3021 ; Stuck at GND due to stuck port data_in ;
; background_engine:background|tilemap_memory:tilemap|memory~3029 ; Stuck at GND due to stuck port data_in ;
; background_engine:background|tilemap_memory:tilemap|memory~3037 ; Stuck at GND due to stuck port data_in ;
; background_engine:background|tilemap_memory:tilemap|memory~3045 ; Stuck at GND due to stuck port data_in ;
; background_engine:background|tilemap_memory:tilemap|memory~3053 ; Stuck at GND due to stuck port data_in ;
; background_engine:background|tilemap_memory:tilemap|memory~3061 ; Stuck at GND due to stuck port data_in ;
; background_engine:background|tilemap_memory:tilemap|memory~3069 ; Stuck at GND due to stuck port data_in ;
; background_engine:background|tilemap_memory:tilemap|memory~3077 ; Stuck at GND due to stuck port data_in ;
; background_engine:background|tilemap_memory:tilemap|memory~3085 ; Stuck at GND due to stuck port data_in ;
; background_engine:background|tilemap_memory:tilemap|memory~3093 ; Stuck at GND due to stuck port data_in ;
; background_engine:background|tilemap_memory:tilemap|memory~3101 ; Stuck at GND due to stuck port data_in ;
; background_engine:background|tilemap_memory:tilemap|memory~3109 ; Stuck at GND due to stuck port data_in ;
; background_engine:background|tilemap_memory:tilemap|memory~3117 ; Stuck at GND due to stuck port data_in ;
; background_engine:background|tilemap_memory:tilemap|memory~3125 ; Stuck at GND due to stuck port data_in ;
; background_engine:background|tilemap_memory:tilemap|memory~3133 ; Stuck at GND due to stuck port data_in ;
; background_engine:background|tilemap_memory:tilemap|memory~3141 ; Stuck at GND due to stuck port data_in ;
; background_engine:background|tilemap_memory:tilemap|memory~3157 ; Stuck at GND due to stuck port data_in ;
; background_engine:background|tilemap_memory:tilemap|memory~3165 ; Stuck at GND due to stuck port data_in ;
; background_engine:background|tilemap_memory:tilemap|memory~3173 ; Stuck at GND due to stuck port data_in ;
; background_engine:background|tilemap_memory:tilemap|memory~3181 ; Stuck at GND due to stuck port data_in ;
; background_engine:background|tilemap_memory:tilemap|memory~3189 ; Stuck at GND due to stuck port data_in ;
; background_engine:background|tilemap_memory:tilemap|memory~3197 ; Stuck at GND due to stuck port data_in ;
; background_engine:background|tilemap_memory:tilemap|memory~3205 ; Stuck at GND due to stuck port data_in ;
; background_engine:background|tilemap_memory:tilemap|memory~3213 ; Stuck at GND due to stuck port data_in ;
; background_engine:background|tilemap_memory:tilemap|memory~3221 ; Stuck at GND due to stuck port data_in ;
; background_engine:background|tilemap_memory:tilemap|memory~3229 ; Stuck at GND due to stuck port data_in ;
; background_engine:background|tilemap_memory:tilemap|memory~3237 ; Stuck at GND due to stuck port data_in ;
; background_engine:background|tilemap_memory:tilemap|memory~3245 ; Stuck at GND due to stuck port data_in ;
; background_engine:background|tilemap_memory:tilemap|memory~3253 ; Stuck at GND due to stuck port data_in ;
; background_engine:background|tilemap_memory:tilemap|memory~3261 ; Stuck at GND due to stuck port data_in ;
; background_engine:background|tilemap_memory:tilemap|memory~3269 ; Stuck at GND due to stuck port data_in ;
; background_engine:background|tilemap_memory:tilemap|memory~3277 ; Stuck at GND due to stuck port data_in ;
; background_engine:background|tilemap_memory:tilemap|memory~3285 ; Stuck at GND due to stuck port data_in ;
; background_engine:background|tilemap_memory:tilemap|memory~3293 ; Stuck at GND due to stuck port data_in ;
; background_engine:background|tilemap_memory:tilemap|memory~3301 ; Stuck at GND due to stuck port data_in ;
; background_engine:background|tilemap_memory:tilemap|memory~3309 ; Stuck at GND due to stuck port data_in ;
; background_engine:background|tilemap_memory:tilemap|memory~3317 ; Stuck at GND due to stuck port data_in ;
; background_engine:background|tilemap_memory:tilemap|memory~3325 ; Stuck at GND due to stuck port data_in ;
; background_engine:background|tilemap_memory:tilemap|memory~3333 ; Stuck at GND due to stuck port data_in ;
; background_engine:background|tilemap_memory:tilemap|memory~3341 ; Stuck at GND due to stuck port data_in ;
; background_engine:background|tilemap_memory:tilemap|memory~3349 ; Stuck at GND due to stuck port data_in ;
; background_engine:background|tilemap_memory:tilemap|memory~3357 ; Stuck at GND due to stuck port data_in ;
; background_engine:background|tilemap_memory:tilemap|memory~3365 ; Stuck at GND due to stuck port data_in ;
; background_engine:background|tilemap_memory:tilemap|memory~3373 ; Stuck at GND due to stuck port data_in ;
; background_engine:background|tilemap_memory:tilemap|memory~3381 ; Stuck at GND due to stuck port data_in ;
; background_engine:background|tilemap_memory:tilemap|memory~3389 ; Stuck at GND due to stuck port data_in ;
; background_engine:background|tilemap_memory:tilemap|memory~3397 ; Stuck at GND due to stuck port data_in ;
; background_engine:background|tilemap_memory:tilemap|memory~3405 ; Stuck at GND due to stuck port data_in ;
; background_engine:background|tilemap_memory:tilemap|memory~3413 ; Stuck at GND due to stuck port data_in ;
; background_engine:background|tilemap_memory:tilemap|memory~3421 ; Stuck at GND due to stuck port data_in ;
; background_engine:background|tilemap_memory:tilemap|memory~3429 ; Stuck at GND due to stuck port data_in ;
; background_engine:background|tilemap_memory:tilemap|memory~3437 ; Stuck at GND due to stuck port data_in ;
; background_engine:background|tilemap_memory:tilemap|memory~3445 ; Stuck at GND due to stuck port data_in ;
; background_engine:background|tilemap_memory:tilemap|memory~3453 ; Stuck at GND due to stuck port data_in ;
; background_engine:background|tilemap_memory:tilemap|memory~3461 ; Stuck at GND due to stuck port data_in ;
; background_engine:background|tilemap_memory:tilemap|memory~3485 ; Stuck at GND due to stuck port data_in ;
; background_engine:background|tilemap_memory:tilemap|memory~3493 ; Stuck at GND due to stuck port data_in ;
; background_engine:background|tilemap_memory:tilemap|memory~3509 ; Stuck at GND due to stuck port data_in ;
; background_engine:background|tilemap_memory:tilemap|memory~3517 ; Stuck at GND due to stuck port data_in ;
; background_engine:background|tilemap_memory:tilemap|memory~3525 ; Stuck at GND due to stuck port data_in ;
; background_engine:background|tilemap_memory:tilemap|memory~3533 ; Stuck at GND due to stuck port data_in ;
; background_engine:background|tilemap_memory:tilemap|memory~3541 ; Stuck at GND due to stuck port data_in ;
; background_engine:background|tilemap_memory:tilemap|memory~3549 ; Stuck at GND due to stuck port data_in ;
; background_engine:background|tilemap_memory:tilemap|memory~3557 ; Stuck at GND due to stuck port data_in ;
; background_engine:background|tilemap_memory:tilemap|memory~3565 ; Stuck at GND due to stuck port data_in ;
; background_engine:background|tilemap_memory:tilemap|memory~3573 ; Stuck at GND due to stuck port data_in ;
; background_engine:background|tilemap_memory:tilemap|memory~3581 ; Stuck at GND due to stuck port data_in ;
; background_engine:background|tilemap_memory:tilemap|memory~3589 ; Stuck at GND due to stuck port data_in ;
; background_engine:background|tilemap_memory:tilemap|memory~3597 ; Stuck at GND due to stuck port data_in ;
; background_engine:background|tilemap_memory:tilemap|memory~3605 ; Stuck at GND due to stuck port data_in ;
; background_engine:background|tilemap_memory:tilemap|memory~3613 ; Stuck at GND due to stuck port data_in ;
; background_engine:background|tilemap_memory:tilemap|memory~3621 ; Stuck at GND due to stuck port data_in ;
; background_engine:background|tilemap_memory:tilemap|memory~3629 ; Stuck at GND due to stuck port data_in ;
; background_engine:background|tilemap_memory:tilemap|memory~3637 ; Stuck at GND due to stuck port data_in ;
; background_engine:background|tilemap_memory:tilemap|memory~3645 ; Stuck at GND due to stuck port data_in ;
; background_engine:background|tilemap_memory:tilemap|memory~3653 ; Stuck at GND due to stuck port data_in ;
; background_engine:background|tilemap_memory:tilemap|memory~3661 ; Stuck at GND due to stuck port data_in ;
; background_engine:background|tilemap_memory:tilemap|memory~3669 ; Stuck at GND due to stuck port data_in ;
; background_engine:background|tilemap_memory:tilemap|memory~3677 ; Stuck at GND due to stuck port data_in ;
; background_engine:background|tilemap_memory:tilemap|memory~3685 ; Stuck at GND due to stuck port data_in ;
; background_engine:background|tilemap_memory:tilemap|memory~3693 ; Stuck at GND due to stuck port data_in ;
; background_engine:background|tilemap_memory:tilemap|memory~3701 ; Stuck at GND due to stuck port data_in ;
; background_engine:background|tilemap_memory:tilemap|memory~3709 ; Stuck at GND due to stuck port data_in ;
; background_engine:background|tilemap_memory:tilemap|memory~3717 ; Stuck at GND due to stuck port data_in ;
; background_engine:background|tilemap_memory:tilemap|memory~3725 ; Stuck at GND due to stuck port data_in ;
; background_engine:background|tilemap_memory:tilemap|memory~3733 ; Stuck at GND due to stuck port data_in ;
; background_engine:background|tilemap_memory:tilemap|memory~3741 ; Stuck at GND due to stuck port data_in ;
; background_engine:background|tilemap_memory:tilemap|memory~3749 ; Stuck at GND due to stuck port data_in ;
; background_engine:background|tilemap_memory:tilemap|memory~3757 ; Stuck at GND due to stuck port data_in ;
; background_engine:background|tilemap_memory:tilemap|memory~3765 ; Stuck at GND due to stuck port data_in ;
; background_engine:background|tilemap_memory:tilemap|memory~3773 ; Stuck at GND due to stuck port data_in ;
; background_engine:background|tilemap_memory:tilemap|memory~3781 ; Stuck at GND due to stuck port data_in ;
; background_engine:background|tilemap_memory:tilemap|memory~3797 ; Stuck at GND due to stuck port data_in ;
; background_engine:background|tilemap_memory:tilemap|memory~3821 ; Stuck at GND due to stuck port data_in ;
; background_engine:background|tilemap_memory:tilemap|memory~3829 ; Stuck at GND due to stuck port data_in ;
; background_engine:background|tilemap_memory:tilemap|memory~3837 ; Stuck at GND due to stuck port data_in ;
; background_engine:background|tilemap_memory:tilemap|memory~3845 ; Stuck at GND due to stuck port data_in ;
; background_engine:background|tilemap_memory:tilemap|memory~3853 ; Stuck at GND due to stuck port data_in ;
; background_engine:background|tilemap_memory:tilemap|memory~3861 ; Stuck at GND due to stuck port data_in ;
; background_engine:background|tilemap_memory:tilemap|memory~3869 ; Stuck at GND due to stuck port data_in ;
; background_engine:background|tilemap_memory:tilemap|memory~3877 ; Stuck at GND due to stuck port data_in ;
; background_engine:background|tilemap_memory:tilemap|memory~3885 ; Stuck at GND due to stuck port data_in ;
; background_engine:background|tilemap_memory:tilemap|memory~3893 ; Stuck at GND due to stuck port data_in ;
; background_engine:background|tilemap_memory:tilemap|memory~3901 ; Stuck at GND due to stuck port data_in ;
; background_engine:background|tilemap_memory:tilemap|memory~3909 ; Stuck at GND due to stuck port data_in ;
; background_engine:background|tilemap_memory:tilemap|memory~3917 ; Stuck at GND due to stuck port data_in ;
; background_engine:background|tilemap_memory:tilemap|memory~3925 ; Stuck at GND due to stuck port data_in ;
; background_engine:background|tilemap_memory:tilemap|memory~3933 ; Stuck at GND due to stuck port data_in ;
; background_engine:background|tilemap_memory:tilemap|memory~3941 ; Stuck at GND due to stuck port data_in ;
; background_engine:background|tilemap_memory:tilemap|memory~3949 ; Stuck at GND due to stuck port data_in ;
; background_engine:background|tilemap_memory:tilemap|memory~3957 ; Stuck at GND due to stuck port data_in ;
; background_engine:background|tilemap_memory:tilemap|memory~3965 ; Stuck at GND due to stuck port data_in ;
; background_engine:background|tilemap_memory:tilemap|memory~3973 ; Stuck at GND due to stuck port data_in ;
; background_engine:background|tilemap_memory:tilemap|memory~3981 ; Stuck at GND due to stuck port data_in ;
; background_engine:background|tilemap_memory:tilemap|memory~3989 ; Stuck at GND due to stuck port data_in ;
; background_engine:background|tilemap_memory:tilemap|memory~3997 ; Stuck at GND due to stuck port data_in ;
; background_engine:background|tilemap_memory:tilemap|memory~4005 ; Stuck at GND due to stuck port data_in ;
; background_engine:background|tilemap_memory:tilemap|memory~4013 ; Stuck at GND due to stuck port data_in ;
; background_engine:background|tilemap_memory:tilemap|memory~4021 ; Stuck at GND due to stuck port data_in ;
; background_engine:background|tilemap_memory:tilemap|memory~4029 ; Stuck at GND due to stuck port data_in ;
; background_engine:background|tilemap_memory:tilemap|memory~4037 ; Stuck at GND due to stuck port data_in ;
; background_engine:background|tilemap_memory:tilemap|memory~4045 ; Stuck at GND due to stuck port data_in ;
; background_engine:background|tilemap_memory:tilemap|memory~4053 ; Stuck at GND due to stuck port data_in ;
; background_engine:background|tilemap_memory:tilemap|memory~4061 ; Stuck at GND due to stuck port data_in ;
; background_engine:background|tilemap_memory:tilemap|memory~4069 ; Stuck at GND due to stuck port data_in ;
; background_engine:background|tilemap_memory:tilemap|memory~4077 ; Stuck at GND due to stuck port data_in ;
; background_engine:background|tilemap_memory:tilemap|memory~4085 ; Stuck at GND due to stuck port data_in ;
; background_engine:background|tilemap_memory:tilemap|memory~4093 ; Stuck at GND due to stuck port data_in ;
; background_engine:background|tilemap_memory:tilemap|memory~4101 ; Stuck at GND due to stuck port data_in ;
; background_engine:background|tilemap_memory:tilemap|memory~4109 ; Stuck at GND due to stuck port data_in ;
; background_engine:background|tilemap_memory:tilemap|memory~4117 ; Stuck at GND due to stuck port data_in ;
; background_engine:background|tilemap_memory:tilemap|memory~4133 ; Stuck at GND due to stuck port data_in ;
; background_engine:background|tilemap_memory:tilemap|memory~4141 ; Stuck at GND due to stuck port data_in ;
; background_engine:background|tilemap_memory:tilemap|memory~4149 ; Stuck at GND due to stuck port data_in ;
; background_engine:background|tilemap_memory:tilemap|memory~4157 ; Stuck at GND due to stuck port data_in ;
; background_engine:background|tilemap_memory:tilemap|memory~4165 ; Stuck at GND due to stuck port data_in ;
; background_engine:background|tilemap_memory:tilemap|memory~4173 ; Stuck at GND due to stuck port data_in ;
; background_engine:background|tilemap_memory:tilemap|memory~4181 ; Stuck at GND due to stuck port data_in ;
; background_engine:background|tilemap_memory:tilemap|memory~4189 ; Stuck at GND due to stuck port data_in ;
; background_engine:background|tilemap_memory:tilemap|memory~4197 ; Stuck at GND due to stuck port data_in ;
; background_engine:background|tilemap_memory:tilemap|memory~4205 ; Stuck at GND due to stuck port data_in ;
; background_engine:background|tilemap_memory:tilemap|memory~4213 ; Stuck at GND due to stuck port data_in ;
; background_engine:background|tilemap_memory:tilemap|memory~4221 ; Stuck at GND due to stuck port data_in ;
; background_engine:background|tilemap_memory:tilemap|memory~4229 ; Stuck at GND due to stuck port data_in ;
; background_engine:background|tilemap_memory:tilemap|memory~4237 ; Stuck at GND due to stuck port data_in ;
; background_engine:background|tilemap_memory:tilemap|memory~4245 ; Stuck at GND due to stuck port data_in ;
; background_engine:background|tilemap_memory:tilemap|memory~4253 ; Stuck at GND due to stuck port data_in ;
; background_engine:background|tilemap_memory:tilemap|memory~4261 ; Stuck at GND due to stuck port data_in ;
; background_engine:background|tilemap_memory:tilemap|memory~4269 ; Stuck at GND due to stuck port data_in ;
; background_engine:background|tilemap_memory:tilemap|memory~4277 ; Stuck at GND due to stuck port data_in ;
; background_engine:background|tilemap_memory:tilemap|memory~4285 ; Stuck at GND due to stuck port data_in ;
; background_engine:background|tilemap_memory:tilemap|memory~4293 ; Stuck at GND due to stuck port data_in ;
; background_engine:background|tilemap_memory:tilemap|memory~4317 ; Stuck at GND due to stuck port data_in ;
; background_engine:background|tilemap_memory:tilemap|memory~4325 ; Stuck at GND due to stuck port data_in ;
; background_engine:background|tilemap_memory:tilemap|memory~4333 ; Stuck at GND due to stuck port data_in ;
; background_engine:background|tilemap_memory:tilemap|memory~4341 ; Stuck at GND due to stuck port data_in ;
; background_engine:background|tilemap_memory:tilemap|memory~4349 ; Stuck at GND due to stuck port data_in ;
; background_engine:background|tilemap_memory:tilemap|memory~4357 ; Stuck at GND due to stuck port data_in ;
; background_engine:background|tilemap_memory:tilemap|memory~4365 ; Stuck at GND due to stuck port data_in ;
; background_engine:background|tilemap_memory:tilemap|memory~4373 ; Stuck at GND due to stuck port data_in ;
; background_engine:background|tilemap_memory:tilemap|memory~4381 ; Stuck at GND due to stuck port data_in ;
; background_engine:background|tilemap_memory:tilemap|memory~4389 ; Stuck at GND due to stuck port data_in ;
; background_engine:background|tilemap_memory:tilemap|memory~4397 ; Stuck at GND due to stuck port data_in ;
; background_engine:background|tilemap_memory:tilemap|memory~4405 ; Stuck at GND due to stuck port data_in ;
; background_engine:background|tilemap_memory:tilemap|memory~4413 ; Stuck at GND due to stuck port data_in ;
; background_engine:background|tilemap_memory:tilemap|memory~4421 ; Stuck at GND due to stuck port data_in ;
; background_engine:background|tilemap_memory:tilemap|memory~4429 ; Stuck at GND due to stuck port data_in ;
; background_engine:background|tilemap_memory:tilemap|memory~4437 ; Stuck at GND due to stuck port data_in ;
; background_engine:background|tilemap_memory:tilemap|memory~4469 ; Stuck at GND due to stuck port data_in ;
; background_engine:background|tilemap_memory:tilemap|memory~4477 ; Stuck at GND due to stuck port data_in ;
; background_engine:background|tilemap_memory:tilemap|memory~4485 ; Stuck at GND due to stuck port data_in ;
; background_engine:background|tilemap_memory:tilemap|memory~4493 ; Stuck at GND due to stuck port data_in ;
; background_engine:background|tilemap_memory:tilemap|memory~4501 ; Stuck at GND due to stuck port data_in ;
; background_engine:background|tilemap_memory:tilemap|memory~4509 ; Stuck at GND due to stuck port data_in ;
; background_engine:background|tilemap_memory:tilemap|memory~4517 ; Stuck at GND due to stuck port data_in ;
; background_engine:background|tilemap_memory:tilemap|memory~4525 ; Stuck at GND due to stuck port data_in ;
; background_engine:background|tilemap_memory:tilemap|memory~4533 ; Stuck at GND due to stuck port data_in ;
; background_engine:background|tilemap_memory:tilemap|memory~4541 ; Stuck at GND due to stuck port data_in ;
; background_engine:background|tilemap_memory:tilemap|memory~4549 ; Stuck at GND due to stuck port data_in ;
; background_engine:background|tilemap_memory:tilemap|memory~4557 ; Stuck at GND due to stuck port data_in ;
; background_engine:background|tilemap_memory:tilemap|memory~4565 ; Stuck at GND due to stuck port data_in ;
; background_engine:background|tilemap_memory:tilemap|memory~4573 ; Stuck at GND due to stuck port data_in ;
; background_engine:background|tilemap_memory:tilemap|memory~4581 ; Stuck at GND due to stuck port data_in ;
; background_engine:background|tilemap_memory:tilemap|memory~4589 ; Stuck at GND due to stuck port data_in ;
; background_engine:background|tilemap_memory:tilemap|memory~4597 ; Stuck at GND due to stuck port data_in ;
; background_engine:background|tilemap_memory:tilemap|memory~4605 ; Stuck at GND due to stuck port data_in ;
; background_engine:background|tilemap_memory:tilemap|memory~4613 ; Stuck at GND due to stuck port data_in ;
; background_engine:background|tilemap_memory:tilemap|memory~4661 ; Stuck at GND due to stuck port data_in ;
; background_engine:background|tilemap_memory:tilemap|memory~4669 ; Stuck at GND due to stuck port data_in ;
; background_engine:background|tilemap_memory:tilemap|memory~4677 ; Stuck at GND due to stuck port data_in ;
; background_engine:background|tilemap_memory:tilemap|memory~4685 ; Stuck at GND due to stuck port data_in ;
; background_engine:background|tilemap_memory:tilemap|memory~4693 ; Stuck at GND due to stuck port data_in ;
; background_engine:background|tilemap_memory:tilemap|memory~4701 ; Stuck at GND due to stuck port data_in ;
; background_engine:background|tilemap_memory:tilemap|memory~4709 ; Stuck at GND due to stuck port data_in ;
; background_engine:background|tilemap_memory:tilemap|memory~4717 ; Stuck at GND due to stuck port data_in ;
; background_engine:background|tilemap_memory:tilemap|memory~4725 ; Stuck at GND due to stuck port data_in ;
; background_engine:background|tilemap_memory:tilemap|memory~4733 ; Stuck at GND due to stuck port data_in ;
; background_engine:background|tilemap_memory:tilemap|memory~4741 ; Stuck at GND due to stuck port data_in ;
; background_engine:background|tilemap_memory:tilemap|memory~4749 ; Stuck at GND due to stuck port data_in ;
; background_engine:background|tilemap_memory:tilemap|memory~4757 ; Stuck at GND due to stuck port data_in ;
; background_engine:background|tilemap_memory:tilemap|memory~4765 ; Stuck at GND due to stuck port data_in ;
; background_engine:background|tilemap_memory:tilemap|memory~4773 ; Stuck at GND due to stuck port data_in ;
; background_engine:background|tilemap_memory:tilemap|memory~4781 ; Stuck at GND due to stuck port data_in ;
; background_engine:background|tilemap_memory:tilemap|memory~4789 ; Stuck at GND due to stuck port data_in ;
; background_engine:background|tilemap_memory:tilemap|memory~4797 ; Stuck at GND due to stuck port data_in ;
; background_engine:background|tilemap_memory:tilemap|memory~4805 ; Stuck at GND due to stuck port data_in ;
; background_engine:background|tilemap_memory:tilemap|memory~4813 ; Stuck at GND due to stuck port data_in ;
; background_engine:background|tilemap_memory:tilemap|memory~4821 ; Stuck at GND due to stuck port data_in ;
; background_engine:background|tilemap_memory:tilemap|memory~4829 ; Stuck at GND due to stuck port data_in ;
; background_engine:background|tilemap_memory:tilemap|memory~4837 ; Stuck at GND due to stuck port data_in ;
; background_engine:background|tilemap_memory:tilemap|memory~4845 ; Stuck at GND due to stuck port data_in ;
; background_engine:background|tilemap_memory:tilemap|memory~4853 ; Stuck at GND due to stuck port data_in ;
; background_engine:background|tilemap_memory:tilemap|memory~4861 ; Stuck at GND due to stuck port data_in ;
; background_engine:background|tilemap_memory:tilemap|memory~4869 ; Stuck at GND due to stuck port data_in ;
; background_engine:background|tilemap_memory:tilemap|memory~4877 ; Stuck at GND due to stuck port data_in ;
; background_engine:background|tilemap_memory:tilemap|memory~4885 ; Stuck at GND due to stuck port data_in ;
; background_engine:background|tilemap_memory:tilemap|memory~4893 ; Stuck at GND due to stuck port data_in ;
; background_engine:background|tilemap_memory:tilemap|memory~4901 ; Stuck at GND due to stuck port data_in ;
; background_engine:background|tilemap_memory:tilemap|memory~4909 ; Stuck at GND due to stuck port data_in ;
; background_engine:background|tilemap_memory:tilemap|memory~4917 ; Stuck at GND due to stuck port data_in ;
; background_engine:background|tilemap_memory:tilemap|memory~4925 ; Stuck at GND due to stuck port data_in ;
; background_engine:background|tilemap_memory:tilemap|memory~4933 ; Stuck at GND due to stuck port data_in ;
; background_engine:background|tilemap_memory:tilemap|memory~4941 ; Stuck at GND due to stuck port data_in ;
; background_engine:background|tilemap_memory:tilemap|memory~4981 ; Stuck at GND due to stuck port data_in ;
; background_engine:background|tilemap_memory:tilemap|memory~4989 ; Stuck at GND due to stuck port data_in ;
; background_engine:background|tilemap_memory:tilemap|memory~4997 ; Stuck at GND due to stuck port data_in ;
; background_engine:background|tilemap_memory:tilemap|memory~5005 ; Stuck at GND due to stuck port data_in ;
; background_engine:background|tilemap_memory:tilemap|memory~5013 ; Stuck at GND due to stuck port data_in ;
; background_engine:background|tilemap_memory:tilemap|memory~5021 ; Stuck at GND due to stuck port data_in ;
; background_engine:background|tilemap_memory:tilemap|memory~5029 ; Stuck at GND due to stuck port data_in ;
; background_engine:background|tilemap_memory:tilemap|memory~5037 ; Stuck at GND due to stuck port data_in ;
; background_engine:background|tilemap_memory:tilemap|memory~5045 ; Stuck at GND due to stuck port data_in ;
; background_engine:background|tilemap_memory:tilemap|memory~5053 ; Stuck at GND due to stuck port data_in ;
; background_engine:background|tilemap_memory:tilemap|memory~5061 ; Stuck at GND due to stuck port data_in ;
; background_engine:background|tilemap_memory:tilemap|memory~5069 ; Stuck at GND due to stuck port data_in ;
; background_engine:background|tilemap_memory:tilemap|memory~5077 ; Stuck at GND due to stuck port data_in ;
; background_engine:background|tilemap_memory:tilemap|memory~5085 ; Stuck at GND due to stuck port data_in ;
; background_engine:background|tilemap_memory:tilemap|memory~5093 ; Stuck at GND due to stuck port data_in ;
; background_engine:background|tilemap_memory:tilemap|memory~5101 ; Stuck at GND due to stuck port data_in ;
; background_engine:background|tilemap_memory:tilemap|memory~5109 ; Stuck at GND due to stuck port data_in ;
; background_engine:background|tilemap_memory:tilemap|memory~5117 ; Stuck at GND due to stuck port data_in ;
; background_engine:background|tilemap_memory:tilemap|memory~5125 ; Stuck at GND due to stuck port data_in ;
; background_engine:background|tilemap_memory:tilemap|memory~5133 ; Stuck at GND due to stuck port data_in ;
; background_engine:background|tilemap_memory:tilemap|memory~5141 ; Stuck at GND due to stuck port data_in ;
; background_engine:background|tilemap_memory:tilemap|memory~5149 ; Stuck at GND due to stuck port data_in ;
; background_engine:background|tilemap_memory:tilemap|memory~5157 ; Stuck at GND due to stuck port data_in ;
; background_engine:background|tilemap_memory:tilemap|memory~5165 ; Stuck at GND due to stuck port data_in ;
; background_engine:background|tilemap_memory:tilemap|memory~5173 ; Stuck at GND due to stuck port data_in ;
; background_engine:background|tilemap_memory:tilemap|memory~5181 ; Stuck at GND due to stuck port data_in ;
; background_engine:background|tilemap_memory:tilemap|memory~5189 ; Stuck at GND due to stuck port data_in ;
; background_engine:background|tilemap_memory:tilemap|memory~5197 ; Stuck at GND due to stuck port data_in ;
; background_engine:background|tilemap_memory:tilemap|memory~5205 ; Stuck at GND due to stuck port data_in ;
; background_engine:background|tilemap_memory:tilemap|memory~5213 ; Stuck at GND due to stuck port data_in ;
; background_engine:background|tilemap_memory:tilemap|memory~5221 ; Stuck at GND due to stuck port data_in ;
; background_engine:background|tilemap_memory:tilemap|memory~5229 ; Stuck at GND due to stuck port data_in ;
; background_engine:background|tilemap_memory:tilemap|memory~5237 ; Stuck at GND due to stuck port data_in ;
; background_engine:background|tilemap_memory:tilemap|memory~5245 ; Stuck at GND due to stuck port data_in ;
; background_engine:background|tilemap_memory:tilemap|memory~5253 ; Stuck at GND due to stuck port data_in ;
; background_engine:background|tilemap_memory:tilemap|memory~5309 ; Stuck at GND due to stuck port data_in ;
; background_engine:background|tilemap_memory:tilemap|memory~5317 ; Stuck at GND due to stuck port data_in ;
; background_engine:background|tilemap_memory:tilemap|memory~5325 ; Stuck at GND due to stuck port data_in ;
; background_engine:background|tilemap_memory:tilemap|memory~5333 ; Stuck at GND due to stuck port data_in ;
; background_engine:background|tilemap_memory:tilemap|memory~5341 ; Stuck at GND due to stuck port data_in ;
; background_engine:background|tilemap_memory:tilemap|memory~5349 ; Stuck at GND due to stuck port data_in ;
; background_engine:background|tilemap_memory:tilemap|memory~5357 ; Stuck at GND due to stuck port data_in ;
; background_engine:background|tilemap_memory:tilemap|memory~5365 ; Stuck at GND due to stuck port data_in ;
; background_engine:background|tilemap_memory:tilemap|memory~5373 ; Stuck at GND due to stuck port data_in ;
; background_engine:background|tilemap_memory:tilemap|memory~5381 ; Stuck at GND due to stuck port data_in ;
; background_engine:background|tilemap_memory:tilemap|memory~5389 ; Stuck at GND due to stuck port data_in ;
; background_engine:background|tilemap_memory:tilemap|memory~5397 ; Stuck at GND due to stuck port data_in ;
; background_engine:background|tilemap_memory:tilemap|memory~5405 ; Stuck at GND due to stuck port data_in ;
; background_engine:background|tilemap_memory:tilemap|memory~5413 ; Stuck at GND due to stuck port data_in ;
; background_engine:background|tilemap_memory:tilemap|memory~5421 ; Stuck at GND due to stuck port data_in ;
; background_engine:background|tilemap_memory:tilemap|memory~5429 ; Stuck at GND due to stuck port data_in ;
; background_engine:background|tilemap_memory:tilemap|memory~5437 ; Stuck at GND due to stuck port data_in ;
; background_engine:background|tilemap_memory:tilemap|memory~5445 ; Stuck at GND due to stuck port data_in ;
; background_engine:background|tilemap_memory:tilemap|memory~5453 ; Stuck at GND due to stuck port data_in ;
; background_engine:background|tilemap_memory:tilemap|memory~5461 ; Stuck at GND due to stuck port data_in ;
; background_engine:background|tilemap_memory:tilemap|memory~5469 ; Stuck at GND due to stuck port data_in ;
; background_engine:background|tilemap_memory:tilemap|memory~5477 ; Stuck at GND due to stuck port data_in ;
; background_engine:background|tilemap_memory:tilemap|memory~5485 ; Stuck at GND due to stuck port data_in ;
; background_engine:background|tilemap_memory:tilemap|memory~5493 ; Stuck at GND due to stuck port data_in ;
; background_engine:background|tilemap_memory:tilemap|memory~5501 ; Stuck at GND due to stuck port data_in ;
; background_engine:background|tilemap_memory:tilemap|memory~5509 ; Stuck at GND due to stuck port data_in ;
; background_engine:background|tilemap_memory:tilemap|memory~5517 ; Stuck at GND due to stuck port data_in ;
; background_engine:background|tilemap_memory:tilemap|memory~5525 ; Stuck at GND due to stuck port data_in ;
; background_engine:background|tilemap_memory:tilemap|memory~5533 ; Stuck at GND due to stuck port data_in ;
; background_engine:background|tilemap_memory:tilemap|memory~5541 ; Stuck at GND due to stuck port data_in ;
; background_engine:background|tilemap_memory:tilemap|memory~5549 ; Stuck at GND due to stuck port data_in ;
; background_engine:background|tilemap_memory:tilemap|memory~5557 ; Stuck at GND due to stuck port data_in ;
; background_engine:background|tilemap_memory:tilemap|memory~5565 ; Stuck at GND due to stuck port data_in ;
; background_engine:background|tilemap_memory:tilemap|memory~5573 ; Stuck at GND due to stuck port data_in ;
; background_engine:background|tilemap_memory:tilemap|memory~5581 ; Stuck at GND due to stuck port data_in ;
; background_engine:background|tilemap_memory:tilemap|memory~5629 ; Stuck at GND due to stuck port data_in ;
; background_engine:background|tilemap_memory:tilemap|memory~5637 ; Stuck at GND due to stuck port data_in ;
; background_engine:background|tilemap_memory:tilemap|memory~5645 ; Stuck at GND due to stuck port data_in ;
; background_engine:background|tilemap_memory:tilemap|memory~5653 ; Stuck at GND due to stuck port data_in ;
; background_engine:background|tilemap_memory:tilemap|memory~5661 ; Stuck at GND due to stuck port data_in ;
; background_engine:background|tilemap_memory:tilemap|memory~5669 ; Stuck at GND due to stuck port data_in ;
; background_engine:background|tilemap_memory:tilemap|memory~5677 ; Stuck at GND due to stuck port data_in ;
; background_engine:background|tilemap_memory:tilemap|memory~5685 ; Stuck at GND due to stuck port data_in ;
; background_engine:background|tilemap_memory:tilemap|memory~5693 ; Stuck at GND due to stuck port data_in ;
; background_engine:background|tilemap_memory:tilemap|memory~5701 ; Stuck at GND due to stuck port data_in ;
; background_engine:background|tilemap_memory:tilemap|memory~5709 ; Stuck at GND due to stuck port data_in ;
; background_engine:background|tilemap_memory:tilemap|memory~5717 ; Stuck at GND due to stuck port data_in ;
; background_engine:background|tilemap_memory:tilemap|memory~5725 ; Stuck at GND due to stuck port data_in ;
; background_engine:background|tilemap_memory:tilemap|memory~5733 ; Stuck at GND due to stuck port data_in ;
; background_engine:background|tilemap_memory:tilemap|memory~5741 ; Stuck at GND due to stuck port data_in ;
; background_engine:background|tilemap_memory:tilemap|memory~5749 ; Stuck at GND due to stuck port data_in ;
; background_engine:background|tilemap_memory:tilemap|memory~5757 ; Stuck at GND due to stuck port data_in ;
; background_engine:background|tilemap_memory:tilemap|memory~5765 ; Stuck at GND due to stuck port data_in ;
; background_engine:background|tilemap_memory:tilemap|memory~5773 ; Stuck at GND due to stuck port data_in ;
; background_engine:background|tilemap_memory:tilemap|memory~5781 ; Stuck at GND due to stuck port data_in ;
; background_engine:background|tilemap_memory:tilemap|memory~5789 ; Stuck at GND due to stuck port data_in ;
; background_engine:background|tilemap_memory:tilemap|memory~5797 ; Stuck at GND due to stuck port data_in ;
; background_engine:background|tilemap_memory:tilemap|memory~5805 ; Stuck at GND due to stuck port data_in ;
; background_engine:background|tilemap_memory:tilemap|memory~5813 ; Stuck at GND due to stuck port data_in ;
; background_engine:background|tilemap_memory:tilemap|memory~5821 ; Stuck at GND due to stuck port data_in ;
; background_engine:background|tilemap_memory:tilemap|memory~5829 ; Stuck at GND due to stuck port data_in ;
; background_engine:background|tilemap_memory:tilemap|memory~5837 ; Stuck at GND due to stuck port data_in ;
; background_engine:background|tilemap_memory:tilemap|memory~5845 ; Stuck at GND due to stuck port data_in ;
; background_engine:background|tilemap_memory:tilemap|memory~5853 ; Stuck at GND due to stuck port data_in ;
; background_engine:background|tilemap_memory:tilemap|memory~5861 ; Stuck at GND due to stuck port data_in ;
; background_engine:background|tilemap_memory:tilemap|memory~5869 ; Stuck at GND due to stuck port data_in ;
; background_engine:background|tilemap_memory:tilemap|memory~5877 ; Stuck at GND due to stuck port data_in ;
; background_engine:background|tilemap_memory:tilemap|memory~5885 ; Stuck at GND due to stuck port data_in ;
; background_engine:background|tilemap_memory:tilemap|memory~5893 ; Stuck at GND due to stuck port data_in ;
; background_engine:background|tilemap_memory:tilemap|memory~5901 ; Stuck at GND due to stuck port data_in ;
; background_engine:background|tilemap_memory:tilemap|memory~5909 ; Stuck at GND due to stuck port data_in ;
; background_engine:background|tilemap_memory:tilemap|memory~5917 ; Stuck at GND due to stuck port data_in ;
; background_engine:background|tilemap_memory:tilemap|memory~5925 ; Stuck at GND due to stuck port data_in ;
; background_engine:background|tilemap_memory:tilemap|memory~5933 ; Stuck at GND due to stuck port data_in ;
; background_engine:background|tilemap_memory:tilemap|memory~5941 ; Stuck at GND due to stuck port data_in ;
; background_engine:background|tilemap_memory:tilemap|memory~5949 ; Stuck at GND due to stuck port data_in ;
; background_engine:background|tilemap_memory:tilemap|memory~5957 ; Stuck at GND due to stuck port data_in ;
; background_engine:background|tilemap_memory:tilemap|memory~5965 ; Stuck at GND due to stuck port data_in ;
; background_engine:background|tilemap_memory:tilemap|memory~5973 ; Stuck at GND due to stuck port data_in ;
; background_engine:background|tilemap_memory:tilemap|memory~5981 ; Stuck at GND due to stuck port data_in ;
; background_engine:background|tilemap_memory:tilemap|memory~5989 ; Stuck at GND due to stuck port data_in ;
; background_engine:background|tilemap_memory:tilemap|memory~5997 ; Stuck at GND due to stuck port data_in ;
; background_engine:background|tilemap_memory:tilemap|memory~6005 ; Stuck at GND due to stuck port data_in ;
; background_engine:background|tilemap_memory:tilemap|memory~6013 ; Stuck at GND due to stuck port data_in ;
; background_engine:background|tilemap_memory:tilemap|memory~6021 ; Stuck at GND due to stuck port data_in ;
; background_engine:background|tilemap_memory:tilemap|memory~6029 ; Stuck at GND due to stuck port data_in ;
; background_engine:background|tilemap_memory:tilemap|memory~6037 ; Stuck at GND due to stuck port data_in ;
; background_engine:background|tilemap_memory:tilemap|memory~6045 ; Stuck at GND due to stuck port data_in ;
; background_engine:background|tilemap_memory:tilemap|memory~6053 ; Stuck at GND due to stuck port data_in ;
; background_engine:background|tilemap_memory:tilemap|memory~6061 ; Stuck at GND due to stuck port data_in ;
; background_engine:background|tilemap_memory:tilemap|memory~6069 ; Stuck at GND due to stuck port data_in ;
; background_engine:background|tilemap_memory:tilemap|memory~6077 ; Stuck at GND due to stuck port data_in ;
; background_engine:background|tilemap_memory:tilemap|memory~6085 ; Stuck at GND due to stuck port data_in ;
; background_engine:background|tilemap_memory:tilemap|memory~6093 ; Stuck at GND due to stuck port data_in ;
; background_engine:background|tilemap_memory:tilemap|memory~6101 ; Stuck at GND due to stuck port data_in ;
; background_engine:background|tilemap_memory:tilemap|memory~6109 ; Stuck at GND due to stuck port data_in ;
; background_engine:background|tilemap_memory:tilemap|memory~6117 ; Stuck at GND due to stuck port data_in ;
; background_engine:background|tilemap_memory:tilemap|memory~6125 ; Stuck at GND due to stuck port data_in ;
; background_engine:background|tilemap_memory:tilemap|memory~6133 ; Stuck at GND due to stuck port data_in ;
; background_engine:background|tilemap_memory:tilemap|memory~6141 ; Stuck at GND due to stuck port data_in ;
; background_engine:background|tilemap_memory:tilemap|memory~6149 ; Stuck at GND due to stuck port data_in ;
; background_engine:background|tilemap_memory:tilemap|memory~6157 ; Stuck at GND due to stuck port data_in ;
; background_engine:background|tilemap_memory:tilemap|memory~6165 ; Stuck at GND due to stuck port data_in ;
; background_engine:background|tilemap_memory:tilemap|memory~6173 ; Stuck at GND due to stuck port data_in ;
; background_engine:background|tilemap_memory:tilemap|memory~6181 ; Stuck at GND due to stuck port data_in ;
; background_engine:background|tilemap_memory:tilemap|memory~6189 ; Stuck at GND due to stuck port data_in ;
; background_engine:background|tilemap_memory:tilemap|memory~6197 ; Stuck at GND due to stuck port data_in ;
; background_engine:background|tilemap_memory:tilemap|memory~6205 ; Stuck at GND due to stuck port data_in ;
; background_engine:background|tilemap_memory:tilemap|memory~6213 ; Stuck at GND due to stuck port data_in ;
; background_engine:background|tilemap_memory:tilemap|memory~6221 ; Stuck at GND due to stuck port data_in ;
; background_engine:background|tilemap_memory:tilemap|memory~6229 ; Stuck at GND due to stuck port data_in ;
; background_engine:background|tilemap_memory:tilemap|memory~6237 ; Stuck at GND due to stuck port data_in ;
; background_engine:background|tilemap_memory:tilemap|memory~6245 ; Stuck at GND due to stuck port data_in ;
; background_engine:background|tilemap_memory:tilemap|memory~6253 ; Stuck at GND due to stuck port data_in ;
; background_engine:background|tilemap_memory:tilemap|memory~6261 ; Stuck at GND due to stuck port data_in ;
; background_engine:background|tilemap_memory:tilemap|memory~6269 ; Stuck at GND due to stuck port data_in ;
; background_engine:background|tilemap_memory:tilemap|memory~6277 ; Stuck at GND due to stuck port data_in ;
; background_engine:background|tilemap_memory:tilemap|memory~6285 ; Stuck at GND due to stuck port data_in ;
; background_engine:background|tilemap_memory:tilemap|memory~6293 ; Stuck at GND due to stuck port data_in ;
; background_engine:background|tilemap_memory:tilemap|memory~6301 ; Stuck at GND due to stuck port data_in ;
; background_engine:background|tilemap_memory:tilemap|memory~6309 ; Stuck at GND due to stuck port data_in ;
; background_engine:background|tilemap_memory:tilemap|memory~6317 ; Stuck at GND due to stuck port data_in ;
; background_engine:background|tilemap_memory:tilemap|memory~6325 ; Stuck at GND due to stuck port data_in ;
; background_engine:background|tilemap_memory:tilemap|memory~6333 ; Stuck at GND due to stuck port data_in ;
; background_engine:background|tilemap_memory:tilemap|memory~6341 ; Stuck at GND due to stuck port data_in ;
; background_engine:background|tilemap_memory:tilemap|memory~6349 ; Stuck at GND due to stuck port data_in ;
; background_engine:background|tilemap_memory:tilemap|memory~6357 ; Stuck at GND due to stuck port data_in ;
; background_engine:background|tilemap_memory:tilemap|memory~6365 ; Stuck at GND due to stuck port data_in ;
; background_engine:background|tilemap_memory:tilemap|memory~6373 ; Stuck at GND due to stuck port data_in ;
; background_engine:background|tilemap_memory:tilemap|memory~6381 ; Stuck at GND due to stuck port data_in ;
; background_engine:background|tilemap_memory:tilemap|memory~6389 ; Stuck at GND due to stuck port data_in ;
; background_engine:background|tilemap_memory:tilemap|memory~6397 ; Stuck at GND due to stuck port data_in ;
; background_engine:background|tilemap_memory:tilemap|memory~6405 ; Stuck at GND due to stuck port data_in ;
; background_engine:background|tilemap_memory:tilemap|memory~6413 ; Stuck at GND due to stuck port data_in ;
; background_engine:background|tilemap_memory:tilemap|memory~6421 ; Stuck at GND due to stuck port data_in ;
; background_engine:background|tilemap_memory:tilemap|memory~6429 ; Stuck at GND due to stuck port data_in ;
; background_engine:background|tilemap_memory:tilemap|memory~6437 ; Stuck at GND due to stuck port data_in ;
; background_engine:background|tilemap_memory:tilemap|memory~6445 ; Stuck at GND due to stuck port data_in ;
; background_engine:background|tilemap_memory:tilemap|memory~6469 ; Stuck at GND due to stuck port data_in ;
; background_engine:background|tilemap_memory:tilemap|memory~6477 ; Stuck at GND due to stuck port data_in ;
; background_engine:background|tilemap_memory:tilemap|memory~6485 ; Stuck at GND due to stuck port data_in ;
; background_engine:background|tilemap_memory:tilemap|memory~6493 ; Stuck at GND due to stuck port data_in ;
; background_engine:background|tilemap_memory:tilemap|memory~6501 ; Stuck at GND due to stuck port data_in ;
; background_engine:background|tilemap_memory:tilemap|memory~6509 ; Stuck at GND due to stuck port data_in ;
; background_engine:background|tilemap_memory:tilemap|memory~6517 ; Stuck at GND due to stuck port data_in ;
; background_engine:background|tilemap_memory:tilemap|memory~6525 ; Stuck at GND due to stuck port data_in ;
; background_engine:background|tilemap_memory:tilemap|memory~6533 ; Stuck at GND due to stuck port data_in ;
; background_engine:background|tilemap_memory:tilemap|memory~6541 ; Stuck at GND due to stuck port data_in ;
; background_engine:background|tilemap_memory:tilemap|memory~6549 ; Stuck at GND due to stuck port data_in ;
; background_engine:background|tilemap_memory:tilemap|memory~6557 ; Stuck at GND due to stuck port data_in ;
; background_engine:background|tilemap_memory:tilemap|memory~6565 ; Stuck at GND due to stuck port data_in ;
; background_engine:background|tilemap_memory:tilemap|memory~6573 ; Stuck at GND due to stuck port data_in ;
; background_engine:background|tilemap_memory:tilemap|memory~6581 ; Stuck at GND due to stuck port data_in ;
; background_engine:background|tilemap_memory:tilemap|memory~6589 ; Stuck at GND due to stuck port data_in ;
; background_engine:background|tilemap_memory:tilemap|memory~6597 ; Stuck at GND due to stuck port data_in ;
; background_engine:background|tilemap_memory:tilemap|memory~6605 ; Stuck at GND due to stuck port data_in ;
; background_engine:background|tilemap_memory:tilemap|memory~6613 ; Stuck at GND due to stuck port data_in ;
; background_engine:background|tilemap_memory:tilemap|memory~6621 ; Stuck at GND due to stuck port data_in ;
; background_engine:background|tilemap_memory:tilemap|memory~6629 ; Stuck at GND due to stuck port data_in ;
; background_engine:background|tilemap_memory:tilemap|memory~6637 ; Stuck at GND due to stuck port data_in ;
; background_engine:background|tilemap_memory:tilemap|memory~6645 ; Stuck at GND due to stuck port data_in ;
; background_engine:background|tilemap_memory:tilemap|memory~6653 ; Stuck at GND due to stuck port data_in ;
; background_engine:background|tilemap_memory:tilemap|memory~6661 ; Stuck at GND due to stuck port data_in ;
; background_engine:background|tilemap_memory:tilemap|memory~6669 ; Stuck at GND due to stuck port data_in ;
; background_engine:background|tilemap_memory:tilemap|memory~6677 ; Stuck at GND due to stuck port data_in ;
; background_engine:background|tilemap_memory:tilemap|memory~6685 ; Stuck at GND due to stuck port data_in ;
; background_engine:background|tilemap_memory:tilemap|memory~6693 ; Stuck at GND due to stuck port data_in ;
; background_engine:background|tilemap_memory:tilemap|memory~6701 ; Stuck at GND due to stuck port data_in ;
; background_engine:background|tilemap_memory:tilemap|memory~6709 ; Stuck at GND due to stuck port data_in ;
; background_engine:background|tilemap_memory:tilemap|memory~6717 ; Stuck at GND due to stuck port data_in ;
; background_engine:background|tilemap_memory:tilemap|memory~6725 ; Stuck at GND due to stuck port data_in ;
; background_engine:background|tilemap_memory:tilemap|memory~6733 ; Stuck at GND due to stuck port data_in ;
; background_engine:background|tilemap_memory:tilemap|memory~6741 ; Stuck at GND due to stuck port data_in ;
; background_engine:background|tilemap_memory:tilemap|memory~6749 ; Stuck at GND due to stuck port data_in ;
; background_engine:background|tilemap_memory:tilemap|memory~6757 ; Stuck at GND due to stuck port data_in ;
; background_engine:background|tilemap_memory:tilemap|memory~6765 ; Stuck at GND due to stuck port data_in ;
; background_engine:background|tilemap_memory:tilemap|memory~6789 ; Stuck at GND due to stuck port data_in ;
; background_engine:background|tilemap_memory:tilemap|memory~6797 ; Stuck at GND due to stuck port data_in ;
; background_engine:background|tilemap_memory:tilemap|memory~6805 ; Stuck at GND due to stuck port data_in ;
; background_engine:background|tilemap_memory:tilemap|memory~6813 ; Stuck at GND due to stuck port data_in ;
; background_engine:background|tilemap_memory:tilemap|memory~6821 ; Stuck at GND due to stuck port data_in ;
; background_engine:background|tilemap_memory:tilemap|memory~6829 ; Stuck at GND due to stuck port data_in ;
; background_engine:background|tilemap_memory:tilemap|memory~6837 ; Stuck at GND due to stuck port data_in ;
; background_engine:background|tilemap_memory:tilemap|memory~6845 ; Stuck at GND due to stuck port data_in ;
; background_engine:background|tilemap_memory:tilemap|memory~6853 ; Stuck at GND due to stuck port data_in ;
; background_engine:background|tilemap_memory:tilemap|memory~6861 ; Stuck at GND due to stuck port data_in ;
; background_engine:background|tilemap_memory:tilemap|memory~6869 ; Stuck at GND due to stuck port data_in ;
; background_engine:background|tilemap_memory:tilemap|memory~6877 ; Stuck at GND due to stuck port data_in ;
; background_engine:background|tilemap_memory:tilemap|memory~6885 ; Stuck at GND due to stuck port data_in ;
; background_engine:background|tilemap_memory:tilemap|memory~6893 ; Stuck at GND due to stuck port data_in ;
; background_engine:background|tilemap_memory:tilemap|memory~6901 ; Stuck at GND due to stuck port data_in ;
; background_engine:background|tilemap_memory:tilemap|memory~6909 ; Stuck at GND due to stuck port data_in ;
; background_engine:background|tilemap_memory:tilemap|memory~6917 ; Stuck at GND due to stuck port data_in ;
; background_engine:background|tilemap_memory:tilemap|memory~6925 ; Stuck at GND due to stuck port data_in ;
; background_engine:background|tilemap_memory:tilemap|memory~6933 ; Stuck at GND due to stuck port data_in ;
; background_engine:background|tilemap_memory:tilemap|memory~6941 ; Stuck at GND due to stuck port data_in ;
; background_engine:background|tilemap_memory:tilemap|memory~6949 ; Stuck at GND due to stuck port data_in ;
; background_engine:background|tilemap_memory:tilemap|memory~6957 ; Stuck at GND due to stuck port data_in ;
; background_engine:background|tilemap_memory:tilemap|memory~6965 ; Stuck at GND due to stuck port data_in ;
; background_engine:background|tilemap_memory:tilemap|memory~6973 ; Stuck at GND due to stuck port data_in ;
; background_engine:background|tilemap_memory:tilemap|memory~6981 ; Stuck at GND due to stuck port data_in ;
; background_engine:background|tilemap_memory:tilemap|memory~6989 ; Stuck at GND due to stuck port data_in ;
; background_engine:background|tilemap_memory:tilemap|memory~6997 ; Stuck at GND due to stuck port data_in ;
; background_engine:background|tilemap_memory:tilemap|memory~7005 ; Stuck at GND due to stuck port data_in ;
; background_engine:background|tilemap_memory:tilemap|memory~7013 ; Stuck at GND due to stuck port data_in ;
; background_engine:background|tilemap_memory:tilemap|memory~7021 ; Stuck at GND due to stuck port data_in ;
; background_engine:background|tilemap_memory:tilemap|memory~7029 ; Stuck at GND due to stuck port data_in ;
; background_engine:background|tilemap_memory:tilemap|memory~7037 ; Stuck at GND due to stuck port data_in ;
; background_engine:background|tilemap_memory:tilemap|memory~7045 ; Stuck at GND due to stuck port data_in ;
; background_engine:background|tilemap_memory:tilemap|memory~7053 ; Stuck at GND due to stuck port data_in ;
; background_engine:background|tilemap_memory:tilemap|memory~7061 ; Stuck at GND due to stuck port data_in ;
; background_engine:background|tilemap_memory:tilemap|memory~7069 ; Stuck at GND due to stuck port data_in ;
; background_engine:background|tilemap_memory:tilemap|memory~7077 ; Stuck at GND due to stuck port data_in ;
; background_engine:background|tilemap_memory:tilemap|memory~7085 ; Stuck at GND due to stuck port data_in ;
; background_engine:background|tilemap_memory:tilemap|memory~7109 ; Stuck at GND due to stuck port data_in ;
; background_engine:background|tilemap_memory:tilemap|memory~7117 ; Stuck at GND due to stuck port data_in ;
; background_engine:background|tilemap_memory:tilemap|memory~7125 ; Stuck at GND due to stuck port data_in ;
; background_engine:background|tilemap_memory:tilemap|memory~7133 ; Stuck at GND due to stuck port data_in ;
; background_engine:background|tilemap_memory:tilemap|memory~7141 ; Stuck at GND due to stuck port data_in ;
; background_engine:background|tilemap_memory:tilemap|memory~7149 ; Stuck at GND due to stuck port data_in ;
; background_engine:background|tilemap_memory:tilemap|memory~7157 ; Stuck at GND due to stuck port data_in ;
; background_engine:background|tilemap_memory:tilemap|memory~7165 ; Stuck at GND due to stuck port data_in ;
; background_engine:background|tilemap_memory:tilemap|memory~7173 ; Stuck at GND due to stuck port data_in ;
; background_engine:background|tilemap_memory:tilemap|memory~7181 ; Stuck at GND due to stuck port data_in ;
; background_engine:background|tilemap_memory:tilemap|memory~7189 ; Stuck at GND due to stuck port data_in ;
; background_engine:background|tilemap_memory:tilemap|memory~7197 ; Stuck at GND due to stuck port data_in ;
; background_engine:background|tilemap_memory:tilemap|memory~7205 ; Stuck at GND due to stuck port data_in ;
; background_engine:background|tilemap_memory:tilemap|memory~7213 ; Stuck at GND due to stuck port data_in ;
; background_engine:background|tilemap_memory:tilemap|memory~7221 ; Stuck at GND due to stuck port data_in ;
; background_engine:background|tilemap_memory:tilemap|memory~7229 ; Stuck at GND due to stuck port data_in ;
; background_engine:background|tilemap_memory:tilemap|memory~7237 ; Stuck at GND due to stuck port data_in ;
; background_engine:background|tilemap_memory:tilemap|memory~7245 ; Stuck at GND due to stuck port data_in ;
; background_engine:background|tilemap_memory:tilemap|memory~7253 ; Stuck at GND due to stuck port data_in ;
; background_engine:background|tilemap_memory:tilemap|memory~7261 ; Stuck at GND due to stuck port data_in ;
; background_engine:background|tilemap_memory:tilemap|memory~7269 ; Stuck at GND due to stuck port data_in ;
; background_engine:background|tilemap_memory:tilemap|memory~7277 ; Stuck at GND due to stuck port data_in ;
; background_engine:background|tilemap_memory:tilemap|memory~7285 ; Stuck at GND due to stuck port data_in ;
; background_engine:background|tilemap_memory:tilemap|memory~7293 ; Stuck at GND due to stuck port data_in ;
; background_engine:background|tilemap_memory:tilemap|memory~7301 ; Stuck at GND due to stuck port data_in ;
; background_engine:background|tilemap_memory:tilemap|memory~7309 ; Stuck at GND due to stuck port data_in ;
; background_engine:background|tilemap_memory:tilemap|memory~7317 ; Stuck at GND due to stuck port data_in ;
; background_engine:background|tilemap_memory:tilemap|memory~7325 ; Stuck at GND due to stuck port data_in ;
; background_engine:background|tilemap_memory:tilemap|memory~7333 ; Stuck at GND due to stuck port data_in ;
; background_engine:background|tilemap_memory:tilemap|memory~7341 ; Stuck at GND due to stuck port data_in ;
; background_engine:background|tilemap_memory:tilemap|memory~7349 ; Stuck at GND due to stuck port data_in ;
; background_engine:background|tilemap_memory:tilemap|memory~7357 ; Stuck at GND due to stuck port data_in ;
; background_engine:background|tilemap_memory:tilemap|memory~7365 ; Stuck at GND due to stuck port data_in ;
; background_engine:background|tilemap_memory:tilemap|memory~7373 ; Stuck at GND due to stuck port data_in ;
; background_engine:background|tilemap_memory:tilemap|memory~7381 ; Stuck at GND due to stuck port data_in ;
; background_engine:background|tilemap_memory:tilemap|memory~7389 ; Stuck at GND due to stuck port data_in ;
; background_engine:background|tilemap_memory:tilemap|memory~7397 ; Stuck at GND due to stuck port data_in ;
; background_engine:background|tilemap_memory:tilemap|memory~7405 ; Stuck at GND due to stuck port data_in ;
; background_engine:background|tilemap_memory:tilemap|memory~7413 ; Stuck at GND due to stuck port data_in ;
; background_engine:background|tilemap_memory:tilemap|memory~7421 ; Stuck at GND due to stuck port data_in ;
; background_engine:background|tilemap_memory:tilemap|memory~7429 ; Stuck at GND due to stuck port data_in ;
; background_engine:background|tilemap_memory:tilemap|memory~7437 ; Stuck at GND due to stuck port data_in ;
; background_engine:background|tilemap_memory:tilemap|memory~7445 ; Stuck at GND due to stuck port data_in ;
; background_engine:background|tilemap_memory:tilemap|memory~7453 ; Stuck at GND due to stuck port data_in ;
; background_engine:background|tilemap_memory:tilemap|memory~7461 ; Stuck at GND due to stuck port data_in ;
; background_engine:background|tilemap_memory:tilemap|memory~7469 ; Stuck at GND due to stuck port data_in ;
; background_engine:background|tilemap_memory:tilemap|memory~7477 ; Stuck at GND due to stuck port data_in ;
; background_engine:background|tilemap_memory:tilemap|memory~7485 ; Stuck at GND due to stuck port data_in ;
; background_engine:background|tilemap_memory:tilemap|memory~7493 ; Stuck at GND due to stuck port data_in ;
; background_engine:background|tilemap_memory:tilemap|memory~7501 ; Stuck at GND due to stuck port data_in ;
; background_engine:background|tilemap_memory:tilemap|memory~7509 ; Stuck at GND due to stuck port data_in ;
; background_engine:background|tilemap_memory:tilemap|memory~7517 ; Stuck at GND due to stuck port data_in ;
; background_engine:background|tilemap_memory:tilemap|memory~7525 ; Stuck at GND due to stuck port data_in ;
; background_engine:background|tilemap_memory:tilemap|memory~7533 ; Stuck at GND due to stuck port data_in ;
; background_engine:background|tilemap_memory:tilemap|memory~7541 ; Stuck at GND due to stuck port data_in ;
; background_engine:background|tilemap_memory:tilemap|memory~7549 ; Stuck at GND due to stuck port data_in ;
; background_engine:background|tilemap_memory:tilemap|memory~7557 ; Stuck at GND due to stuck port data_in ;
; background_engine:background|tilemap_memory:tilemap|memory~7565 ; Stuck at GND due to stuck port data_in ;
; background_engine:background|tilemap_memory:tilemap|memory~7573 ; Stuck at GND due to stuck port data_in ;
; background_engine:background|tilemap_memory:tilemap|memory~7581 ; Stuck at GND due to stuck port data_in ;
; background_engine:background|tilemap_memory:tilemap|memory~7589 ; Stuck at GND due to stuck port data_in ;
; background_engine:background|tilemap_memory:tilemap|memory~7597 ; Stuck at GND due to stuck port data_in ;
; background_engine:background|tilemap_memory:tilemap|memory~7605 ; Stuck at GND due to stuck port data_in ;
; background_engine:background|tilemap_memory:tilemap|memory~7613 ; Stuck at GND due to stuck port data_in ;
; background_engine:background|tilemap_memory:tilemap|memory~7621 ; Stuck at GND due to stuck port data_in ;
; background_engine:background|tilemap_memory:tilemap|memory~7629 ; Stuck at GND due to stuck port data_in ;
; background_engine:background|tilemap_memory:tilemap|memory~7637 ; Stuck at GND due to stuck port data_in ;
; background_engine:background|tilemap_memory:tilemap|memory~7645 ; Stuck at GND due to stuck port data_in ;
; background_engine:background|tilemap_memory:tilemap|memory~7653 ; Stuck at GND due to stuck port data_in ;
; background_engine:background|tilemap_memory:tilemap|memory~7661 ; Stuck at GND due to stuck port data_in ;
; background_engine:background|tilemap_memory:tilemap|memory~7669 ; Stuck at GND due to stuck port data_in ;
; background_engine:background|tilemap_memory:tilemap|memory~7677 ; Stuck at GND due to stuck port data_in ;
; background_engine:background|tilemap_memory:tilemap|memory~7685 ; Stuck at GND due to stuck port data_in ;
; background_engine:background|tilemap_memory:tilemap|memory~7693 ; Stuck at GND due to stuck port data_in ;
; background_engine:background|tilemap_memory:tilemap|memory~7701 ; Stuck at GND due to stuck port data_in ;
; background_engine:background|tilemap_memory:tilemap|memory~7709 ; Stuck at GND due to stuck port data_in ;
; background_engine:background|tilemap_memory:tilemap|memory~7717 ; Stuck at GND due to stuck port data_in ;
; background_engine:background|tilemap_memory:tilemap|memory~7725 ; Stuck at GND due to stuck port data_in ;
; background_engine:background|tilemap_memory:tilemap|memory~7733 ; Stuck at GND due to stuck port data_in ;
; background_engine:background|tilemap_memory:tilemap|memory~7741 ; Stuck at GND due to stuck port data_in ;
; background_engine:background|tilemap_memory:tilemap|memory~7749 ; Stuck at GND due to stuck port data_in ;
; background_engine:background|tilemap_memory:tilemap|memory~7757 ; Stuck at GND due to stuck port data_in ;
; background_engine:background|tilemap_memory:tilemap|memory~7765 ; Stuck at GND due to stuck port data_in ;
; background_engine:background|tilemap_memory:tilemap|memory~7773 ; Stuck at GND due to stuck port data_in ;
; background_engine:background|tilemap_memory:tilemap|memory~7781 ; Stuck at GND due to stuck port data_in ;
; background_engine:background|tilemap_memory:tilemap|memory~7789 ; Stuck at GND due to stuck port data_in ;
; background_engine:background|tilemap_memory:tilemap|memory~7797 ; Stuck at GND due to stuck port data_in ;
; background_engine:background|tilemap_memory:tilemap|memory~7805 ; Stuck at GND due to stuck port data_in ;
; background_engine:background|tilemap_memory:tilemap|memory~7813 ; Stuck at GND due to stuck port data_in ;
; background_engine:background|tilemap_memory:tilemap|memory~7821 ; Stuck at GND due to stuck port data_in ;
; background_engine:background|tilemap_memory:tilemap|memory~7829 ; Stuck at GND due to stuck port data_in ;
; background_engine:background|tilemap_memory:tilemap|memory~7837 ; Stuck at GND due to stuck port data_in ;
; background_engine:background|tilemap_memory:tilemap|memory~7845 ; Stuck at GND due to stuck port data_in ;
; background_engine:background|tilemap_memory:tilemap|memory~7853 ; Stuck at GND due to stuck port data_in ;
; background_engine:background|tilemap_memory:tilemap|memory~7861 ; Stuck at GND due to stuck port data_in ;
; background_engine:background|tilemap_memory:tilemap|memory~7869 ; Stuck at GND due to stuck port data_in ;
; background_engine:background|tilemap_memory:tilemap|memory~7877 ; Stuck at GND due to stuck port data_in ;
; background_engine:background|tilemap_memory:tilemap|memory~7885 ; Stuck at GND due to stuck port data_in ;
; background_engine:background|tilemap_memory:tilemap|memory~7893 ; Stuck at GND due to stuck port data_in ;
; background_engine:background|tilemap_memory:tilemap|memory~7901 ; Stuck at GND due to stuck port data_in ;
; background_engine:background|tilemap_memory:tilemap|memory~7909 ; Stuck at GND due to stuck port data_in ;
; background_engine:background|tilemap_memory:tilemap|memory~7917 ; Stuck at GND due to stuck port data_in ;
; background_engine:background|tilemap_memory:tilemap|memory~7925 ; Stuck at GND due to stuck port data_in ;
; background_engine:background|tilemap_memory:tilemap|memory~7933 ; Stuck at GND due to stuck port data_in ;
; background_engine:background|tilemap_memory:tilemap|memory~7941 ; Stuck at GND due to stuck port data_in ;
; background_engine:background|tilemap_memory:tilemap|memory~7949 ; Stuck at GND due to stuck port data_in ;
; background_engine:background|tilemap_memory:tilemap|memory~7957 ; Stuck at GND due to stuck port data_in ;
; background_engine:background|tilemap_memory:tilemap|memory~7965 ; Stuck at GND due to stuck port data_in ;
; background_engine:background|tilemap_memory:tilemap|memory~7973 ; Stuck at GND due to stuck port data_in ;
; background_engine:background|tilemap_memory:tilemap|memory~7981 ; Stuck at GND due to stuck port data_in ;
; background_engine:background|tilemap_memory:tilemap|memory~7989 ; Stuck at GND due to stuck port data_in ;
; background_engine:background|tilemap_memory:tilemap|memory~7997 ; Stuck at GND due to stuck port data_in ;
; background_engine:background|tilemap_memory:tilemap|memory~8005 ; Stuck at GND due to stuck port data_in ;
; background_engine:background|tilemap_memory:tilemap|memory~8013 ; Stuck at GND due to stuck port data_in ;
; background_engine:background|tilemap_memory:tilemap|memory~8021 ; Stuck at GND due to stuck port data_in ;
; background_engine:background|tilemap_memory:tilemap|memory~8029 ; Stuck at GND due to stuck port data_in ;
; background_engine:background|tilemap_memory:tilemap|memory~8037 ; Stuck at GND due to stuck port data_in ;
; background_engine:background|tilemap_memory:tilemap|memory~8045 ; Stuck at GND due to stuck port data_in ;
; background_engine:background|tilemap_memory:tilemap|memory~8053 ; Stuck at GND due to stuck port data_in ;
; background_engine:background|tilemap_memory:tilemap|memory~8061 ; Stuck at GND due to stuck port data_in ;
; background_engine:background|tilemap_memory:tilemap|memory~8069 ; Stuck at GND due to stuck port data_in ;
; background_engine:background|tilemap_memory:tilemap|memory~8077 ; Stuck at GND due to stuck port data_in ;
; background_engine:background|tilemap_memory:tilemap|memory~8085 ; Stuck at GND due to stuck port data_in ;
; background_engine:background|tilemap_memory:tilemap|memory~8093 ; Stuck at GND due to stuck port data_in ;
; background_engine:background|tilemap_memory:tilemap|memory~8101 ; Stuck at GND due to stuck port data_in ;
; background_engine:background|tilemap_memory:tilemap|memory~8109 ; Stuck at GND due to stuck port data_in ;
; background_engine:background|tilemap_memory:tilemap|memory~8117 ; Stuck at GND due to stuck port data_in ;
; background_engine:background|tilemap_memory:tilemap|memory~8125 ; Stuck at GND due to stuck port data_in ;
; background_engine:background|tilemap_memory:tilemap|memory~8133 ; Stuck at GND due to stuck port data_in ;
; background_engine:background|tilemap_memory:tilemap|memory~8141 ; Stuck at GND due to stuck port data_in ;
; background_engine:background|tilemap_memory:tilemap|memory~8149 ; Stuck at GND due to stuck port data_in ;
; background_engine:background|tilemap_memory:tilemap|memory~8157 ; Stuck at GND due to stuck port data_in ;
; background_engine:background|tilemap_memory:tilemap|memory~8165 ; Stuck at GND due to stuck port data_in ;
; background_engine:background|tilemap_memory:tilemap|memory~8173 ; Stuck at GND due to stuck port data_in ;
; background_engine:background|tilemap_memory:tilemap|memory~8189 ; Stuck at GND due to stuck port data_in ;
; background_engine:background|tilemap_memory:tilemap|memory~8197 ; Stuck at GND due to stuck port data_in ;
; background_engine:background|tilemap_memory:tilemap|memory~8205 ; Stuck at GND due to stuck port data_in ;
; background_engine:background|tilemap_memory:tilemap|memory~8213 ; Stuck at GND due to stuck port data_in ;
; background_engine:background|tilemap_memory:tilemap|memory~8221 ; Stuck at GND due to stuck port data_in ;
; background_engine:background|tilemap_memory:tilemap|memory~8229 ; Stuck at GND due to stuck port data_in ;
; background_engine:background|tilemap_memory:tilemap|memory~8237 ; Stuck at GND due to stuck port data_in ;
; background_engine:background|tilemap_memory:tilemap|memory~8245 ; Stuck at GND due to stuck port data_in ;
; background_engine:background|tilemap_memory:tilemap|memory~8253 ; Stuck at GND due to stuck port data_in ;
; background_engine:background|tilemap_memory:tilemap|memory~8261 ; Stuck at GND due to stuck port data_in ;
; background_engine:background|tilemap_memory:tilemap|memory~8269 ; Stuck at GND due to stuck port data_in ;
; background_engine:background|tilemap_memory:tilemap|memory~8277 ; Stuck at GND due to stuck port data_in ;
; background_engine:background|tilemap_memory:tilemap|memory~8285 ; Stuck at GND due to stuck port data_in ;
; background_engine:background|tilemap_memory:tilemap|memory~8293 ; Stuck at GND due to stuck port data_in ;
; background_engine:background|tilemap_memory:tilemap|memory~8301 ; Stuck at GND due to stuck port data_in ;
; background_engine:background|tilemap_memory:tilemap|memory~8309 ; Stuck at GND due to stuck port data_in ;
; background_engine:background|tilemap_memory:tilemap|memory~8317 ; Stuck at GND due to stuck port data_in ;
; background_engine:background|tilemap_memory:tilemap|memory~8325 ; Stuck at GND due to stuck port data_in ;
; background_engine:background|tilemap_memory:tilemap|memory~8333 ; Stuck at GND due to stuck port data_in ;
; background_engine:background|tilemap_memory:tilemap|memory~8341 ; Stuck at GND due to stuck port data_in ;
; background_engine:background|tilemap_memory:tilemap|memory~8349 ; Stuck at GND due to stuck port data_in ;
; background_engine:background|tilemap_memory:tilemap|memory~8357 ; Stuck at GND due to stuck port data_in ;
; background_engine:background|tilemap_memory:tilemap|memory~8365 ; Stuck at GND due to stuck port data_in ;
; background_engine:background|tilemap_memory:tilemap|memory~8373 ; Stuck at GND due to stuck port data_in ;
; background_engine:background|tilemap_memory:tilemap|memory~8381 ; Stuck at GND due to stuck port data_in ;
; background_engine:background|tilemap_memory:tilemap|memory~8389 ; Stuck at GND due to stuck port data_in ;
; background_engine:background|tilemap_memory:tilemap|memory~8397 ; Stuck at GND due to stuck port data_in ;
; background_engine:background|tilemap_memory:tilemap|memory~8405 ; Stuck at GND due to stuck port data_in ;
; background_engine:background|tilemap_memory:tilemap|memory~8413 ; Stuck at GND due to stuck port data_in ;
; background_engine:background|tilemap_memory:tilemap|memory~8421 ; Stuck at GND due to stuck port data_in ;
; background_engine:background|tilemap_memory:tilemap|memory~8429 ; Stuck at GND due to stuck port data_in ;
; background_engine:background|tilemap_memory:tilemap|memory~8437 ; Stuck at GND due to stuck port data_in ;
; background_engine:background|tilemap_memory:tilemap|memory~8445 ; Stuck at GND due to stuck port data_in ;
; background_engine:background|tilemap_memory:tilemap|memory~8453 ; Stuck at GND due to stuck port data_in ;
; background_engine:background|tilemap_memory:tilemap|memory~8461 ; Stuck at GND due to stuck port data_in ;
; background_engine:background|tilemap_memory:tilemap|memory~8469 ; Stuck at GND due to stuck port data_in ;
; background_engine:background|tilemap_memory:tilemap|memory~8477 ; Stuck at GND due to stuck port data_in ;
; background_engine:background|tilemap_memory:tilemap|memory~8485 ; Stuck at GND due to stuck port data_in ;
; background_engine:background|tilemap_memory:tilemap|memory~8493 ; Stuck at GND due to stuck port data_in ;
; background_engine:background|tilemap_memory:tilemap|memory~8501 ; Stuck at GND due to stuck port data_in ;
; background_engine:background|tilemap_memory:tilemap|memory~8509 ; Stuck at GND due to stuck port data_in ;
; background_engine:background|tilemap_memory:tilemap|memory~8517 ; Stuck at GND due to stuck port data_in ;
; background_engine:background|tilemap_memory:tilemap|memory~8525 ; Stuck at GND due to stuck port data_in ;
; background_engine:background|tilemap_memory:tilemap|memory~8533 ; Stuck at GND due to stuck port data_in ;
; background_engine:background|tilemap_memory:tilemap|memory~8541 ; Stuck at GND due to stuck port data_in ;
; background_engine:background|tilemap_memory:tilemap|memory~8549 ; Stuck at GND due to stuck port data_in ;
; background_engine:background|tilemap_memory:tilemap|memory~8557 ; Stuck at GND due to stuck port data_in ;
; background_engine:background|tilemap_memory:tilemap|memory~8565 ; Stuck at GND due to stuck port data_in ;
; background_engine:background|tilemap_memory:tilemap|memory~8573 ; Stuck at GND due to stuck port data_in ;
; background_engine:background|tilemap_memory:tilemap|memory~8581 ; Stuck at GND due to stuck port data_in ;
; background_engine:background|tilemap_memory:tilemap|memory~8589 ; Stuck at GND due to stuck port data_in ;
; background_engine:background|tilemap_memory:tilemap|memory~8597 ; Stuck at GND due to stuck port data_in ;
; background_engine:background|tilemap_memory:tilemap|memory~8605 ; Stuck at GND due to stuck port data_in ;
; background_engine:background|tilemap_memory:tilemap|memory~8613 ; Stuck at GND due to stuck port data_in ;
; background_engine:background|tilemap_memory:tilemap|memory~8621 ; Stuck at GND due to stuck port data_in ;
; background_engine:background|tilemap_memory:tilemap|memory~8629 ; Stuck at GND due to stuck port data_in ;
; background_engine:background|tilemap_memory:tilemap|memory~8637 ; Stuck at GND due to stuck port data_in ;
; background_engine:background|tilemap_memory:tilemap|memory~8645 ; Stuck at GND due to stuck port data_in ;
; background_engine:background|tilemap_memory:tilemap|memory~8653 ; Stuck at GND due to stuck port data_in ;
; background_engine:background|tilemap_memory:tilemap|memory~8661 ; Stuck at GND due to stuck port data_in ;
; background_engine:background|tilemap_memory:tilemap|memory~8669 ; Stuck at GND due to stuck port data_in ;
; background_engine:background|tilemap_memory:tilemap|memory~8677 ; Stuck at GND due to stuck port data_in ;
; background_engine:background|tilemap_memory:tilemap|memory~8685 ; Stuck at GND due to stuck port data_in ;
; background_engine:background|tilemap_memory:tilemap|memory~8693 ; Stuck at GND due to stuck port data_in ;
; background_engine:background|tilemap_memory:tilemap|memory~8701 ; Stuck at GND due to stuck port data_in ;
; background_engine:background|tilemap_memory:tilemap|memory~8709 ; Stuck at GND due to stuck port data_in ;
; background_engine:background|tilemap_memory:tilemap|memory~8717 ; Stuck at GND due to stuck port data_in ;
; background_engine:background|tilemap_memory:tilemap|memory~8725 ; Stuck at GND due to stuck port data_in ;
; background_engine:background|tilemap_memory:tilemap|memory~8733 ; Stuck at GND due to stuck port data_in ;
; background_engine:background|tilemap_memory:tilemap|memory~8741 ; Stuck at GND due to stuck port data_in ;
; background_engine:background|tilemap_memory:tilemap|memory~8749 ; Stuck at GND due to stuck port data_in ;
; background_engine:background|tilemap_memory:tilemap|memory~8757 ; Stuck at GND due to stuck port data_in ;
; background_engine:background|tilemap_memory:tilemap|memory~8765 ; Stuck at GND due to stuck port data_in ;
; background_engine:background|tilemap_memory:tilemap|memory~8773 ; Stuck at GND due to stuck port data_in ;
; background_engine:background|tilemap_memory:tilemap|memory~8781 ; Stuck at GND due to stuck port data_in ;
; background_engine:background|tilemap_memory:tilemap|memory~8789 ; Stuck at GND due to stuck port data_in ;
; background_engine:background|tilemap_memory:tilemap|memory~8797 ; Stuck at GND due to stuck port data_in ;
; background_engine:background|tilemap_memory:tilemap|memory~8805 ; Stuck at GND due to stuck port data_in ;
; background_engine:background|tilemap_memory:tilemap|memory~8813 ; Stuck at GND due to stuck port data_in ;
; background_engine:background|tilemap_memory:tilemap|memory~8821 ; Stuck at GND due to stuck port data_in ;
; background_engine:background|tilemap_memory:tilemap|memory~8829 ; Stuck at GND due to stuck port data_in ;
; background_engine:background|tilemap_memory:tilemap|memory~8837 ; Stuck at GND due to stuck port data_in ;
; background_engine:background|tilemap_memory:tilemap|memory~8845 ; Stuck at GND due to stuck port data_in ;
; background_engine:background|tilemap_memory:tilemap|memory~8853 ; Stuck at GND due to stuck port data_in ;
; background_engine:background|tilemap_memory:tilemap|memory~8861 ; Stuck at GND due to stuck port data_in ;
; background_engine:background|tilemap_memory:tilemap|memory~8869 ; Stuck at GND due to stuck port data_in ;
; background_engine:background|tilemap_memory:tilemap|memory~8877 ; Stuck at GND due to stuck port data_in ;
; background_engine:background|tilemap_memory:tilemap|memory~8885 ; Stuck at GND due to stuck port data_in ;
; background_engine:background|tilemap_memory:tilemap|memory~8893 ; Stuck at GND due to stuck port data_in ;
; background_engine:background|tilemap_memory:tilemap|memory~8901 ; Stuck at GND due to stuck port data_in ;
; background_engine:background|tilemap_memory:tilemap|memory~8909 ; Stuck at GND due to stuck port data_in ;
; background_engine:background|tilemap_memory:tilemap|memory~8917 ; Stuck at GND due to stuck port data_in ;
; background_engine:background|tilemap_memory:tilemap|memory~8925 ; Stuck at GND due to stuck port data_in ;
; background_engine:background|tilemap_memory:tilemap|memory~8933 ; Stuck at GND due to stuck port data_in ;
; background_engine:background|tilemap_memory:tilemap|memory~8941 ; Stuck at GND due to stuck port data_in ;
; background_engine:background|tilemap_memory:tilemap|memory~8949 ; Stuck at GND due to stuck port data_in ;
; background_engine:background|tilemap_memory:tilemap|memory~8957 ; Stuck at GND due to stuck port data_in ;
; background_engine:background|tilemap_memory:tilemap|memory~8965 ; Stuck at GND due to stuck port data_in ;
; background_engine:background|tilemap_memory:tilemap|memory~8973 ; Stuck at GND due to stuck port data_in ;
; background_engine:background|tilemap_memory:tilemap|memory~8981 ; Stuck at GND due to stuck port data_in ;
; background_engine:background|tilemap_memory:tilemap|memory~8989 ; Stuck at GND due to stuck port data_in ;
; background_engine:background|tilemap_memory:tilemap|memory~8997 ; Stuck at GND due to stuck port data_in ;
; background_engine:background|tilemap_memory:tilemap|memory~9005 ; Stuck at GND due to stuck port data_in ;
; background_engine:background|tilemap_memory:tilemap|memory~9013 ; Stuck at GND due to stuck port data_in ;
; background_engine:background|tilemap_memory:tilemap|memory~9021 ; Stuck at GND due to stuck port data_in ;
; background_engine:background|tilemap_memory:tilemap|memory~9029 ; Stuck at GND due to stuck port data_in ;
; background_engine:background|tilemap_memory:tilemap|memory~9037 ; Stuck at GND due to stuck port data_in ;
; background_engine:background|tilemap_memory:tilemap|memory~9045 ; Stuck at GND due to stuck port data_in ;
; background_engine:background|tilemap_memory:tilemap|memory~9053 ; Stuck at GND due to stuck port data_in ;
; background_engine:background|tilemap_memory:tilemap|memory~9061 ; Stuck at GND due to stuck port data_in ;
; background_engine:background|tilemap_memory:tilemap|memory~9069 ; Stuck at GND due to stuck port data_in ;
; background_engine:background|tilemap_memory:tilemap|memory~9077 ; Stuck at GND due to stuck port data_in ;
; background_engine:background|tilemap_memory:tilemap|memory~9085 ; Stuck at GND due to stuck port data_in ;
; background_engine:background|tilemap_memory:tilemap|memory~9093 ; Stuck at GND due to stuck port data_in ;
; background_engine:background|tilemap_memory:tilemap|memory~9101 ; Stuck at GND due to stuck port data_in ;
; background_engine:background|tilemap_memory:tilemap|memory~9109 ; Stuck at GND due to stuck port data_in ;
; background_engine:background|tilemap_memory:tilemap|memory~9117 ; Stuck at GND due to stuck port data_in ;
; background_engine:background|tilemap_memory:tilemap|memory~9125 ; Stuck at GND due to stuck port data_in ;
; background_engine:background|tilemap_memory:tilemap|memory~9133 ; Stuck at GND due to stuck port data_in ;
; background_engine:background|tilemap_memory:tilemap|memory~9165 ; Stuck at GND due to stuck port data_in ;
; background_engine:background|tilemap_memory:tilemap|memory~9173 ; Stuck at GND due to stuck port data_in ;
; background_engine:background|tilemap_memory:tilemap|memory~9181 ; Stuck at GND due to stuck port data_in ;
; background_engine:background|tilemap_memory:tilemap|memory~9189 ; Stuck at GND due to stuck port data_in ;
; background_engine:background|tilemap_memory:tilemap|memory~9197 ; Stuck at GND due to stuck port data_in ;
; background_engine:background|tilemap_memory:tilemap|memory~9205 ; Stuck at GND due to stuck port data_in ;
; background_engine:background|tilemap_memory:tilemap|memory~9213 ; Stuck at GND due to stuck port data_in ;
; background_engine:background|tilemap_memory:tilemap|memory~9221 ; Stuck at GND due to stuck port data_in ;
; background_engine:background|tilemap_memory:tilemap|memory~9229 ; Stuck at GND due to stuck port data_in ;
; background_engine:background|tilemap_memory:tilemap|memory~9237 ; Stuck at GND due to stuck port data_in ;
; background_engine:background|tilemap_memory:tilemap|memory~9245 ; Stuck at GND due to stuck port data_in ;
; background_engine:background|tilemap_memory:tilemap|memory~9253 ; Stuck at GND due to stuck port data_in ;
; background_engine:background|tilemap_memory:tilemap|memory~9261 ; Stuck at GND due to stuck port data_in ;
; background_engine:background|tilemap_memory:tilemap|memory~9269 ; Stuck at GND due to stuck port data_in ;
; background_engine:background|tilemap_memory:tilemap|memory~9277 ; Stuck at GND due to stuck port data_in ;
; background_engine:background|tilemap_memory:tilemap|memory~9285 ; Stuck at GND due to stuck port data_in ;
; background_engine:background|tilemap_memory:tilemap|memory~9293 ; Stuck at GND due to stuck port data_in ;
; background_engine:background|tilemap_memory:tilemap|memory~9301 ; Stuck at GND due to stuck port data_in ;
; background_engine:background|tilemap_memory:tilemap|memory~9309 ; Stuck at GND due to stuck port data_in ;
; background_engine:background|tilemap_memory:tilemap|memory~9317 ; Stuck at GND due to stuck port data_in ;
; background_engine:background|tilemap_memory:tilemap|memory~9325 ; Stuck at GND due to stuck port data_in ;
; background_engine:background|tilemap_memory:tilemap|memory~9333 ; Stuck at GND due to stuck port data_in ;
; background_engine:background|tilemap_memory:tilemap|memory~9341 ; Stuck at GND due to stuck port data_in ;
; background_engine:background|tilemap_memory:tilemap|memory~9349 ; Stuck at GND due to stuck port data_in ;
; background_engine:background|tilemap_memory:tilemap|memory~9357 ; Stuck at GND due to stuck port data_in ;
; background_engine:background|tilemap_memory:tilemap|memory~9365 ; Stuck at GND due to stuck port data_in ;
; background_engine:background|tilemap_memory:tilemap|memory~9373 ; Stuck at GND due to stuck port data_in ;
; background_engine:background|tilemap_memory:tilemap|memory~9381 ; Stuck at GND due to stuck port data_in ;
; background_engine:background|tilemap_memory:tilemap|memory~9389 ; Stuck at GND due to stuck port data_in ;
; background_engine:background|tilemap_memory:tilemap|memory~9397 ; Stuck at GND due to stuck port data_in ;
; background_engine:background|tilemap_memory:tilemap|memory~9405 ; Stuck at GND due to stuck port data_in ;
; background_engine:background|tilemap_memory:tilemap|memory~9413 ; Stuck at GND due to stuck port data_in ;
; background_engine:background|tilemap_memory:tilemap|memory~9421 ; Stuck at GND due to stuck port data_in ;
; background_engine:background|tilemap_memory:tilemap|memory~9429 ; Stuck at GND due to stuck port data_in ;
; background_engine:background|tilemap_memory:tilemap|memory~9437 ; Stuck at GND due to stuck port data_in ;
; background_engine:background|tilemap_memory:tilemap|memory~9445 ; Stuck at GND due to stuck port data_in ;
; background_engine:background|tilemap_memory:tilemap|memory~9453 ; Stuck at GND due to stuck port data_in ;
; background_engine:background|tilemap_memory:tilemap|memory~9461 ; Stuck at GND due to stuck port data_in ;
; background_engine:background|tilemap_memory:tilemap|memory~9469 ; Stuck at GND due to stuck port data_in ;
; background_engine:background|tilemap_memory:tilemap|memory~9477 ; Stuck at GND due to stuck port data_in ;
; background_engine:background|tilemap_memory:tilemap|memory~9485 ; Stuck at GND due to stuck port data_in ;
; background_engine:background|tilemap_memory:tilemap|memory~9493 ; Stuck at GND due to stuck port data_in ;
; background_engine:background|tilemap_memory:tilemap|memory~9501 ; Stuck at GND due to stuck port data_in ;
; background_engine:background|tilemap_memory:tilemap|memory~9509 ; Stuck at GND due to stuck port data_in ;
; background_engine:background|tilemap_memory:tilemap|memory~9517 ; Stuck at GND due to stuck port data_in ;
; background_engine:background|tilemap_memory:tilemap|memory~9525 ; Stuck at GND due to stuck port data_in ;
; background_engine:background|tilemap_memory:tilemap|memory~9533 ; Stuck at GND due to stuck port data_in ;
; background_engine:background|tilemap_memory:tilemap|memory~9541 ; Stuck at GND due to stuck port data_in ;
; background_engine:background|tilemap_memory:tilemap|memory~9549 ; Stuck at GND due to stuck port data_in ;
; background_engine:background|tilemap_memory:tilemap|memory~9557 ; Stuck at GND due to stuck port data_in ;
; background_engine:background|tilemap_memory:tilemap|memory~9565 ; Stuck at GND due to stuck port data_in ;
; background_engine:background|tilemap_memory:tilemap|memory~9573 ; Stuck at GND due to stuck port data_in ;
; background_engine:background|tilemap_memory:tilemap|memory~9581 ; Stuck at GND due to stuck port data_in ;
; background_engine:background|tilemap_memory:tilemap|memory~9589 ; Stuck at GND due to stuck port data_in ;
; background_engine:background|tilemap_memory:tilemap|memory~9597 ; Stuck at GND due to stuck port data_in ;
; background_engine:background|tilemap_memory:tilemap|memory~6    ; Stuck at GND due to stuck port data_in ;
; background_engine:background|tilemap_memory:tilemap|memory~14   ; Stuck at GND due to stuck port data_in ;
; background_engine:background|tilemap_memory:tilemap|memory~22   ; Stuck at GND due to stuck port data_in ;
; background_engine:background|tilemap_memory:tilemap|memory~30   ; Stuck at GND due to stuck port data_in ;
; background_engine:background|tilemap_memory:tilemap|memory~38   ; Stuck at GND due to stuck port data_in ;
; background_engine:background|tilemap_memory:tilemap|memory~46   ; Stuck at GND due to stuck port data_in ;
; background_engine:background|tilemap_memory:tilemap|memory~54   ; Stuck at GND due to stuck port data_in ;
; background_engine:background|tilemap_memory:tilemap|memory~62   ; Stuck at GND due to stuck port data_in ;
; background_engine:background|tilemap_memory:tilemap|memory~70   ; Stuck at GND due to stuck port data_in ;
; background_engine:background|tilemap_memory:tilemap|memory~78   ; Stuck at GND due to stuck port data_in ;
; background_engine:background|tilemap_memory:tilemap|memory~86   ; Stuck at GND due to stuck port data_in ;
; background_engine:background|tilemap_memory:tilemap|memory~94   ; Stuck at GND due to stuck port data_in ;
; background_engine:background|tilemap_memory:tilemap|memory~102  ; Stuck at GND due to stuck port data_in ;
; background_engine:background|tilemap_memory:tilemap|memory~110  ; Stuck at GND due to stuck port data_in ;
; background_engine:background|tilemap_memory:tilemap|memory~118  ; Stuck at GND due to stuck port data_in ;
; background_engine:background|tilemap_memory:tilemap|memory~126  ; Stuck at GND due to stuck port data_in ;
; background_engine:background|tilemap_memory:tilemap|memory~134  ; Stuck at GND due to stuck port data_in ;
; background_engine:background|tilemap_memory:tilemap|memory~142  ; Stuck at GND due to stuck port data_in ;
; background_engine:background|tilemap_memory:tilemap|memory~150  ; Stuck at GND due to stuck port data_in ;
; background_engine:background|tilemap_memory:tilemap|memory~158  ; Stuck at GND due to stuck port data_in ;
; background_engine:background|tilemap_memory:tilemap|memory~166  ; Stuck at GND due to stuck port data_in ;
; background_engine:background|tilemap_memory:tilemap|memory~174  ; Stuck at GND due to stuck port data_in ;
; background_engine:background|tilemap_memory:tilemap|memory~182  ; Stuck at GND due to stuck port data_in ;
; background_engine:background|tilemap_memory:tilemap|memory~190  ; Stuck at GND due to stuck port data_in ;
; background_engine:background|tilemap_memory:tilemap|memory~198  ; Stuck at GND due to stuck port data_in ;
; background_engine:background|tilemap_memory:tilemap|memory~206  ; Stuck at GND due to stuck port data_in ;
; background_engine:background|tilemap_memory:tilemap|memory~214  ; Stuck at GND due to stuck port data_in ;
; background_engine:background|tilemap_memory:tilemap|memory~222  ; Stuck at GND due to stuck port data_in ;
; background_engine:background|tilemap_memory:tilemap|memory~230  ; Stuck at GND due to stuck port data_in ;
; background_engine:background|tilemap_memory:tilemap|memory~238  ; Stuck at GND due to stuck port data_in ;
; background_engine:background|tilemap_memory:tilemap|memory~246  ; Stuck at GND due to stuck port data_in ;
; background_engine:background|tilemap_memory:tilemap|memory~254  ; Stuck at GND due to stuck port data_in ;
; background_engine:background|tilemap_memory:tilemap|memory~262  ; Stuck at GND due to stuck port data_in ;
; background_engine:background|tilemap_memory:tilemap|memory~270  ; Stuck at GND due to stuck port data_in ;
; background_engine:background|tilemap_memory:tilemap|memory~278  ; Stuck at GND due to stuck port data_in ;
; background_engine:background|tilemap_memory:tilemap|memory~286  ; Stuck at GND due to stuck port data_in ;
; background_engine:background|tilemap_memory:tilemap|memory~294  ; Stuck at GND due to stuck port data_in ;
; background_engine:background|tilemap_memory:tilemap|memory~302  ; Stuck at GND due to stuck port data_in ;
; background_engine:background|tilemap_memory:tilemap|memory~310  ; Stuck at GND due to stuck port data_in ;
; background_engine:background|tilemap_memory:tilemap|memory~318  ; Stuck at GND due to stuck port data_in ;
; background_engine:background|tilemap_memory:tilemap|memory~326  ; Stuck at GND due to stuck port data_in ;
; background_engine:background|tilemap_memory:tilemap|memory~334  ; Stuck at GND due to stuck port data_in ;
; background_engine:background|tilemap_memory:tilemap|memory~342  ; Stuck at GND due to stuck port data_in ;
; background_engine:background|tilemap_memory:tilemap|memory~350  ; Stuck at GND due to stuck port data_in ;
; background_engine:background|tilemap_memory:tilemap|memory~358  ; Stuck at GND due to stuck port data_in ;
; background_engine:background|tilemap_memory:tilemap|memory~366  ; Stuck at GND due to stuck port data_in ;
; background_engine:background|tilemap_memory:tilemap|memory~374  ; Stuck at GND due to stuck port data_in ;
; background_engine:background|tilemap_memory:tilemap|memory~382  ; Stuck at GND due to stuck port data_in ;
; background_engine:background|tilemap_memory:tilemap|memory~390  ; Stuck at GND due to stuck port data_in ;
; background_engine:background|tilemap_memory:tilemap|memory~398  ; Stuck at GND due to stuck port data_in ;
; background_engine:background|tilemap_memory:tilemap|memory~406  ; Stuck at GND due to stuck port data_in ;
; background_engine:background|tilemap_memory:tilemap|memory~414  ; Stuck at GND due to stuck port data_in ;
; background_engine:background|tilemap_memory:tilemap|memory~422  ; Stuck at GND due to stuck port data_in ;
; background_engine:background|tilemap_memory:tilemap|memory~430  ; Stuck at GND due to stuck port data_in ;
; background_engine:background|tilemap_memory:tilemap|memory~438  ; Stuck at GND due to stuck port data_in ;
; background_engine:background|tilemap_memory:tilemap|memory~446  ; Stuck at GND due to stuck port data_in ;
; background_engine:background|tilemap_memory:tilemap|memory~454  ; Stuck at GND due to stuck port data_in ;
; background_engine:background|tilemap_memory:tilemap|memory~462  ; Stuck at GND due to stuck port data_in ;
; background_engine:background|tilemap_memory:tilemap|memory~470  ; Stuck at GND due to stuck port data_in ;
; background_engine:background|tilemap_memory:tilemap|memory~478  ; Stuck at GND due to stuck port data_in ;
; background_engine:background|tilemap_memory:tilemap|memory~486  ; Stuck at GND due to stuck port data_in ;
; background_engine:background|tilemap_memory:tilemap|memory~494  ; Stuck at GND due to stuck port data_in ;
; background_engine:background|tilemap_memory:tilemap|memory~502  ; Stuck at GND due to stuck port data_in ;
; background_engine:background|tilemap_memory:tilemap|memory~510  ; Stuck at GND due to stuck port data_in ;
; background_engine:background|tilemap_memory:tilemap|memory~518  ; Stuck at GND due to stuck port data_in ;
; background_engine:background|tilemap_memory:tilemap|memory~526  ; Stuck at GND due to stuck port data_in ;
; background_engine:background|tilemap_memory:tilemap|memory~534  ; Stuck at GND due to stuck port data_in ;
; background_engine:background|tilemap_memory:tilemap|memory~542  ; Stuck at GND due to stuck port data_in ;
; background_engine:background|tilemap_memory:tilemap|memory~550  ; Stuck at GND due to stuck port data_in ;
; background_engine:background|tilemap_memory:tilemap|memory~558  ; Stuck at GND due to stuck port data_in ;
; background_engine:background|tilemap_memory:tilemap|memory~566  ; Stuck at GND due to stuck port data_in ;
; background_engine:background|tilemap_memory:tilemap|memory~574  ; Stuck at GND due to stuck port data_in ;
; background_engine:background|tilemap_memory:tilemap|memory~582  ; Stuck at GND due to stuck port data_in ;
; background_engine:background|tilemap_memory:tilemap|memory~590  ; Stuck at GND due to stuck port data_in ;
; background_engine:background|tilemap_memory:tilemap|memory~598  ; Stuck at GND due to stuck port data_in ;
; background_engine:background|tilemap_memory:tilemap|memory~606  ; Stuck at GND due to stuck port data_in ;
; background_engine:background|tilemap_memory:tilemap|memory~614  ; Stuck at GND due to stuck port data_in ;
; background_engine:background|tilemap_memory:tilemap|memory~622  ; Stuck at GND due to stuck port data_in ;
; background_engine:background|tilemap_memory:tilemap|memory~630  ; Stuck at GND due to stuck port data_in ;
; background_engine:background|tilemap_memory:tilemap|memory~638  ; Stuck at GND due to stuck port data_in ;
; background_engine:background|tilemap_memory:tilemap|memory~646  ; Stuck at GND due to stuck port data_in ;
; background_engine:background|tilemap_memory:tilemap|memory~654  ; Stuck at GND due to stuck port data_in ;
; background_engine:background|tilemap_memory:tilemap|memory~662  ; Stuck at GND due to stuck port data_in ;
; background_engine:background|tilemap_memory:tilemap|memory~670  ; Stuck at GND due to stuck port data_in ;
; background_engine:background|tilemap_memory:tilemap|memory~678  ; Stuck at GND due to stuck port data_in ;
; background_engine:background|tilemap_memory:tilemap|memory~686  ; Stuck at GND due to stuck port data_in ;
; background_engine:background|tilemap_memory:tilemap|memory~694  ; Stuck at GND due to stuck port data_in ;
; background_engine:background|tilemap_memory:tilemap|memory~702  ; Stuck at GND due to stuck port data_in ;
; background_engine:background|tilemap_memory:tilemap|memory~710  ; Stuck at GND due to stuck port data_in ;
; background_engine:background|tilemap_memory:tilemap|memory~718  ; Stuck at GND due to stuck port data_in ;
; background_engine:background|tilemap_memory:tilemap|memory~726  ; Stuck at GND due to stuck port data_in ;
; background_engine:background|tilemap_memory:tilemap|memory~734  ; Stuck at GND due to stuck port data_in ;
; background_engine:background|tilemap_memory:tilemap|memory~742  ; Stuck at GND due to stuck port data_in ;
; background_engine:background|tilemap_memory:tilemap|memory~750  ; Stuck at GND due to stuck port data_in ;
; background_engine:background|tilemap_memory:tilemap|memory~758  ; Stuck at GND due to stuck port data_in ;
; background_engine:background|tilemap_memory:tilemap|memory~766  ; Stuck at GND due to stuck port data_in ;
; background_engine:background|tilemap_memory:tilemap|memory~774  ; Stuck at GND due to stuck port data_in ;
; background_engine:background|tilemap_memory:tilemap|memory~782  ; Stuck at GND due to stuck port data_in ;
; background_engine:background|tilemap_memory:tilemap|memory~790  ; Stuck at GND due to stuck port data_in ;
; background_engine:background|tilemap_memory:tilemap|memory~798  ; Stuck at GND due to stuck port data_in ;
; background_engine:background|tilemap_memory:tilemap|memory~806  ; Stuck at GND due to stuck port data_in ;
; background_engine:background|tilemap_memory:tilemap|memory~814  ; Stuck at GND due to stuck port data_in ;
; background_engine:background|tilemap_memory:tilemap|memory~822  ; Stuck at GND due to stuck port data_in ;
; background_engine:background|tilemap_memory:tilemap|memory~830  ; Stuck at GND due to stuck port data_in ;
; background_engine:background|tilemap_memory:tilemap|memory~838  ; Stuck at GND due to stuck port data_in ;
; background_engine:background|tilemap_memory:tilemap|memory~846  ; Stuck at GND due to stuck port data_in ;
; background_engine:background|tilemap_memory:tilemap|memory~854  ; Stuck at GND due to stuck port data_in ;
; background_engine:background|tilemap_memory:tilemap|memory~862  ; Stuck at GND due to stuck port data_in ;
; background_engine:background|tilemap_memory:tilemap|memory~870  ; Stuck at GND due to stuck port data_in ;
; background_engine:background|tilemap_memory:tilemap|memory~878  ; Stuck at GND due to stuck port data_in ;
; background_engine:background|tilemap_memory:tilemap|memory~886  ; Stuck at GND due to stuck port data_in ;
; background_engine:background|tilemap_memory:tilemap|memory~894  ; Stuck at GND due to stuck port data_in ;
; background_engine:background|tilemap_memory:tilemap|memory~902  ; Stuck at GND due to stuck port data_in ;
; background_engine:background|tilemap_memory:tilemap|memory~910  ; Stuck at GND due to stuck port data_in ;
; background_engine:background|tilemap_memory:tilemap|memory~918  ; Stuck at GND due to stuck port data_in ;
; background_engine:background|tilemap_memory:tilemap|memory~926  ; Stuck at GND due to stuck port data_in ;
; background_engine:background|tilemap_memory:tilemap|memory~934  ; Stuck at GND due to stuck port data_in ;
; background_engine:background|tilemap_memory:tilemap|memory~942  ; Stuck at GND due to stuck port data_in ;
; background_engine:background|tilemap_memory:tilemap|memory~950  ; Stuck at GND due to stuck port data_in ;
; background_engine:background|tilemap_memory:tilemap|memory~958  ; Stuck at GND due to stuck port data_in ;
; background_engine:background|tilemap_memory:tilemap|memory~966  ; Stuck at GND due to stuck port data_in ;
; background_engine:background|tilemap_memory:tilemap|memory~974  ; Stuck at GND due to stuck port data_in ;
; background_engine:background|tilemap_memory:tilemap|memory~982  ; Stuck at GND due to stuck port data_in ;
; background_engine:background|tilemap_memory:tilemap|memory~990  ; Stuck at GND due to stuck port data_in ;
; background_engine:background|tilemap_memory:tilemap|memory~998  ; Stuck at GND due to stuck port data_in ;
; background_engine:background|tilemap_memory:tilemap|memory~1006 ; Stuck at GND due to stuck port data_in ;
; background_engine:background|tilemap_memory:tilemap|memory~1014 ; Stuck at GND due to stuck port data_in ;
; background_engine:background|tilemap_memory:tilemap|memory~1022 ; Stuck at GND due to stuck port data_in ;
; background_engine:background|tilemap_memory:tilemap|memory~1030 ; Stuck at GND due to stuck port data_in ;
; background_engine:background|tilemap_memory:tilemap|memory~1038 ; Stuck at GND due to stuck port data_in ;
; background_engine:background|tilemap_memory:tilemap|memory~1046 ; Stuck at GND due to stuck port data_in ;
; background_engine:background|tilemap_memory:tilemap|memory~1054 ; Stuck at GND due to stuck port data_in ;
; background_engine:background|tilemap_memory:tilemap|memory~1062 ; Stuck at GND due to stuck port data_in ;
; background_engine:background|tilemap_memory:tilemap|memory~1070 ; Stuck at GND due to stuck port data_in ;
; background_engine:background|tilemap_memory:tilemap|memory~1078 ; Stuck at GND due to stuck port data_in ;
; background_engine:background|tilemap_memory:tilemap|memory~1086 ; Stuck at GND due to stuck port data_in ;
; background_engine:background|tilemap_memory:tilemap|memory~1094 ; Stuck at GND due to stuck port data_in ;
; background_engine:background|tilemap_memory:tilemap|memory~1102 ; Stuck at GND due to stuck port data_in ;
; background_engine:background|tilemap_memory:tilemap|memory~1110 ; Stuck at GND due to stuck port data_in ;
; background_engine:background|tilemap_memory:tilemap|memory~1118 ; Stuck at GND due to stuck port data_in ;
; background_engine:background|tilemap_memory:tilemap|memory~1126 ; Stuck at GND due to stuck port data_in ;
; background_engine:background|tilemap_memory:tilemap|memory~1134 ; Stuck at GND due to stuck port data_in ;
; background_engine:background|tilemap_memory:tilemap|memory~1142 ; Stuck at GND due to stuck port data_in ;
; background_engine:background|tilemap_memory:tilemap|memory~1150 ; Stuck at GND due to stuck port data_in ;
; background_engine:background|tilemap_memory:tilemap|memory~1158 ; Stuck at GND due to stuck port data_in ;
; background_engine:background|tilemap_memory:tilemap|memory~1166 ; Stuck at GND due to stuck port data_in ;
; background_engine:background|tilemap_memory:tilemap|memory~1174 ; Stuck at GND due to stuck port data_in ;
; background_engine:background|tilemap_memory:tilemap|memory~1182 ; Stuck at GND due to stuck port data_in ;
; background_engine:background|tilemap_memory:tilemap|memory~1190 ; Stuck at GND due to stuck port data_in ;
; background_engine:background|tilemap_memory:tilemap|memory~1198 ; Stuck at GND due to stuck port data_in ;
; background_engine:background|tilemap_memory:tilemap|memory~1206 ; Stuck at GND due to stuck port data_in ;
; background_engine:background|tilemap_memory:tilemap|memory~1214 ; Stuck at GND due to stuck port data_in ;
; background_engine:background|tilemap_memory:tilemap|memory~1222 ; Stuck at GND due to stuck port data_in ;
; background_engine:background|tilemap_memory:tilemap|memory~1230 ; Stuck at GND due to stuck port data_in ;
; background_engine:background|tilemap_memory:tilemap|memory~1238 ; Stuck at GND due to stuck port data_in ;
; background_engine:background|tilemap_memory:tilemap|memory~1246 ; Stuck at GND due to stuck port data_in ;
; background_engine:background|tilemap_memory:tilemap|memory~1254 ; Stuck at GND due to stuck port data_in ;
; background_engine:background|tilemap_memory:tilemap|memory~1262 ; Stuck at GND due to stuck port data_in ;
; background_engine:background|tilemap_memory:tilemap|memory~1270 ; Stuck at GND due to stuck port data_in ;
; background_engine:background|tilemap_memory:tilemap|memory~1278 ; Stuck at GND due to stuck port data_in ;
; background_engine:background|tilemap_memory:tilemap|memory~1286 ; Stuck at GND due to stuck port data_in ;
; background_engine:background|tilemap_memory:tilemap|memory~1294 ; Stuck at GND due to stuck port data_in ;
; background_engine:background|tilemap_memory:tilemap|memory~1302 ; Stuck at GND due to stuck port data_in ;
; background_engine:background|tilemap_memory:tilemap|memory~1310 ; Stuck at GND due to stuck port data_in ;
; background_engine:background|tilemap_memory:tilemap|memory~1318 ; Stuck at GND due to stuck port data_in ;
; background_engine:background|tilemap_memory:tilemap|memory~1326 ; Stuck at GND due to stuck port data_in ;
; background_engine:background|tilemap_memory:tilemap|memory~1334 ; Stuck at GND due to stuck port data_in ;
; background_engine:background|tilemap_memory:tilemap|memory~1342 ; Stuck at GND due to stuck port data_in ;
; background_engine:background|tilemap_memory:tilemap|memory~1350 ; Stuck at GND due to stuck port data_in ;
; background_engine:background|tilemap_memory:tilemap|memory~1358 ; Stuck at GND due to stuck port data_in ;
; background_engine:background|tilemap_memory:tilemap|memory~1366 ; Stuck at GND due to stuck port data_in ;
; background_engine:background|tilemap_memory:tilemap|memory~1374 ; Stuck at GND due to stuck port data_in ;
; background_engine:background|tilemap_memory:tilemap|memory~1382 ; Stuck at GND due to stuck port data_in ;
; background_engine:background|tilemap_memory:tilemap|memory~1390 ; Stuck at GND due to stuck port data_in ;
; background_engine:background|tilemap_memory:tilemap|memory~1398 ; Stuck at GND due to stuck port data_in ;
; background_engine:background|tilemap_memory:tilemap|memory~1406 ; Stuck at GND due to stuck port data_in ;
; background_engine:background|tilemap_memory:tilemap|memory~1414 ; Stuck at GND due to stuck port data_in ;
; background_engine:background|tilemap_memory:tilemap|memory~1422 ; Stuck at GND due to stuck port data_in ;
; background_engine:background|tilemap_memory:tilemap|memory~1430 ; Stuck at GND due to stuck port data_in ;
; background_engine:background|tilemap_memory:tilemap|memory~1438 ; Stuck at GND due to stuck port data_in ;
; background_engine:background|tilemap_memory:tilemap|memory~1446 ; Stuck at GND due to stuck port data_in ;
; background_engine:background|tilemap_memory:tilemap|memory~1454 ; Stuck at GND due to stuck port data_in ;
; background_engine:background|tilemap_memory:tilemap|memory~1462 ; Stuck at GND due to stuck port data_in ;
; background_engine:background|tilemap_memory:tilemap|memory~1470 ; Stuck at GND due to stuck port data_in ;
; background_engine:background|tilemap_memory:tilemap|memory~1478 ; Stuck at GND due to stuck port data_in ;
; background_engine:background|tilemap_memory:tilemap|memory~1486 ; Stuck at GND due to stuck port data_in ;
; background_engine:background|tilemap_memory:tilemap|memory~1494 ; Stuck at GND due to stuck port data_in ;
; background_engine:background|tilemap_memory:tilemap|memory~1502 ; Stuck at GND due to stuck port data_in ;
; background_engine:background|tilemap_memory:tilemap|memory~1510 ; Stuck at GND due to stuck port data_in ;
; background_engine:background|tilemap_memory:tilemap|memory~1518 ; Stuck at GND due to stuck port data_in ;
; background_engine:background|tilemap_memory:tilemap|memory~1526 ; Stuck at GND due to stuck port data_in ;
; background_engine:background|tilemap_memory:tilemap|memory~1534 ; Stuck at GND due to stuck port data_in ;
; background_engine:background|tilemap_memory:tilemap|memory~1542 ; Stuck at GND due to stuck port data_in ;
; background_engine:background|tilemap_memory:tilemap|memory~1550 ; Stuck at GND due to stuck port data_in ;
; background_engine:background|tilemap_memory:tilemap|memory~1558 ; Stuck at GND due to stuck port data_in ;
; background_engine:background|tilemap_memory:tilemap|memory~1566 ; Stuck at GND due to stuck port data_in ;
; background_engine:background|tilemap_memory:tilemap|memory~1574 ; Stuck at GND due to stuck port data_in ;
; background_engine:background|tilemap_memory:tilemap|memory~1582 ; Stuck at GND due to stuck port data_in ;
; background_engine:background|tilemap_memory:tilemap|memory~1590 ; Stuck at GND due to stuck port data_in ;
; background_engine:background|tilemap_memory:tilemap|memory~1598 ; Stuck at GND due to stuck port data_in ;
; background_engine:background|tilemap_memory:tilemap|memory~1606 ; Stuck at GND due to stuck port data_in ;
; background_engine:background|tilemap_memory:tilemap|memory~1614 ; Stuck at GND due to stuck port data_in ;
; background_engine:background|tilemap_memory:tilemap|memory~1622 ; Stuck at GND due to stuck port data_in ;
; background_engine:background|tilemap_memory:tilemap|memory~1630 ; Stuck at GND due to stuck port data_in ;
; background_engine:background|tilemap_memory:tilemap|memory~1638 ; Stuck at GND due to stuck port data_in ;
; background_engine:background|tilemap_memory:tilemap|memory~1646 ; Stuck at GND due to stuck port data_in ;
; background_engine:background|tilemap_memory:tilemap|memory~1654 ; Stuck at GND due to stuck port data_in ;
; background_engine:background|tilemap_memory:tilemap|memory~1662 ; Stuck at GND due to stuck port data_in ;
; background_engine:background|tilemap_memory:tilemap|memory~1670 ; Stuck at GND due to stuck port data_in ;
; background_engine:background|tilemap_memory:tilemap|memory~1678 ; Stuck at GND due to stuck port data_in ;
; background_engine:background|tilemap_memory:tilemap|memory~1686 ; Stuck at GND due to stuck port data_in ;
; background_engine:background|tilemap_memory:tilemap|memory~1694 ; Stuck at GND due to stuck port data_in ;
; background_engine:background|tilemap_memory:tilemap|memory~1702 ; Stuck at GND due to stuck port data_in ;
; background_engine:background|tilemap_memory:tilemap|memory~1710 ; Stuck at GND due to stuck port data_in ;
; background_engine:background|tilemap_memory:tilemap|memory~1718 ; Stuck at GND due to stuck port data_in ;
; background_engine:background|tilemap_memory:tilemap|memory~1726 ; Stuck at GND due to stuck port data_in ;
; background_engine:background|tilemap_memory:tilemap|memory~1734 ; Stuck at GND due to stuck port data_in ;
; background_engine:background|tilemap_memory:tilemap|memory~1742 ; Stuck at GND due to stuck port data_in ;
; background_engine:background|tilemap_memory:tilemap|memory~1750 ; Stuck at GND due to stuck port data_in ;
; background_engine:background|tilemap_memory:tilemap|memory~1758 ; Stuck at GND due to stuck port data_in ;
; background_engine:background|tilemap_memory:tilemap|memory~1766 ; Stuck at GND due to stuck port data_in ;
; background_engine:background|tilemap_memory:tilemap|memory~1774 ; Stuck at GND due to stuck port data_in ;
; background_engine:background|tilemap_memory:tilemap|memory~1782 ; Stuck at GND due to stuck port data_in ;
; background_engine:background|tilemap_memory:tilemap|memory~1790 ; Stuck at GND due to stuck port data_in ;
; background_engine:background|tilemap_memory:tilemap|memory~1798 ; Stuck at GND due to stuck port data_in ;
; background_engine:background|tilemap_memory:tilemap|memory~1806 ; Stuck at GND due to stuck port data_in ;
; background_engine:background|tilemap_memory:tilemap|memory~1814 ; Stuck at GND due to stuck port data_in ;
; background_engine:background|tilemap_memory:tilemap|memory~1822 ; Stuck at GND due to stuck port data_in ;
; background_engine:background|tilemap_memory:tilemap|memory~1830 ; Stuck at GND due to stuck port data_in ;
; background_engine:background|tilemap_memory:tilemap|memory~1838 ; Stuck at GND due to stuck port data_in ;
; background_engine:background|tilemap_memory:tilemap|memory~1846 ; Stuck at GND due to stuck port data_in ;
; background_engine:background|tilemap_memory:tilemap|memory~1854 ; Stuck at GND due to stuck port data_in ;
; background_engine:background|tilemap_memory:tilemap|memory~1862 ; Stuck at GND due to stuck port data_in ;
; background_engine:background|tilemap_memory:tilemap|memory~1870 ; Stuck at GND due to stuck port data_in ;
; background_engine:background|tilemap_memory:tilemap|memory~1878 ; Stuck at GND due to stuck port data_in ;
; background_engine:background|tilemap_memory:tilemap|memory~1886 ; Stuck at GND due to stuck port data_in ;
; background_engine:background|tilemap_memory:tilemap|memory~1894 ; Stuck at GND due to stuck port data_in ;
; background_engine:background|tilemap_memory:tilemap|memory~1902 ; Stuck at GND due to stuck port data_in ;
; background_engine:background|tilemap_memory:tilemap|memory~1910 ; Stuck at GND due to stuck port data_in ;
; background_engine:background|tilemap_memory:tilemap|memory~1918 ; Stuck at GND due to stuck port data_in ;
; background_engine:background|tilemap_memory:tilemap|memory~1926 ; Stuck at GND due to stuck port data_in ;
; background_engine:background|tilemap_memory:tilemap|memory~1934 ; Stuck at GND due to stuck port data_in ;
; background_engine:background|tilemap_memory:tilemap|memory~1942 ; Stuck at GND due to stuck port data_in ;
; background_engine:background|tilemap_memory:tilemap|memory~1950 ; Stuck at GND due to stuck port data_in ;
; background_engine:background|tilemap_memory:tilemap|memory~1958 ; Stuck at GND due to stuck port data_in ;
; background_engine:background|tilemap_memory:tilemap|memory~1966 ; Stuck at GND due to stuck port data_in ;
; background_engine:background|tilemap_memory:tilemap|memory~1974 ; Stuck at GND due to stuck port data_in ;
; background_engine:background|tilemap_memory:tilemap|memory~1982 ; Stuck at GND due to stuck port data_in ;
; background_engine:background|tilemap_memory:tilemap|memory~1990 ; Stuck at GND due to stuck port data_in ;
; background_engine:background|tilemap_memory:tilemap|memory~1998 ; Stuck at GND due to stuck port data_in ;
; background_engine:background|tilemap_memory:tilemap|memory~2006 ; Stuck at GND due to stuck port data_in ;
; background_engine:background|tilemap_memory:tilemap|memory~2014 ; Stuck at GND due to stuck port data_in ;
; background_engine:background|tilemap_memory:tilemap|memory~2022 ; Stuck at GND due to stuck port data_in ;
; background_engine:background|tilemap_memory:tilemap|memory~2030 ; Stuck at GND due to stuck port data_in ;
; background_engine:background|tilemap_memory:tilemap|memory~2038 ; Stuck at GND due to stuck port data_in ;
; background_engine:background|tilemap_memory:tilemap|memory~2046 ; Stuck at GND due to stuck port data_in ;
; background_engine:background|tilemap_memory:tilemap|memory~2054 ; Stuck at GND due to stuck port data_in ;
; background_engine:background|tilemap_memory:tilemap|memory~2062 ; Stuck at GND due to stuck port data_in ;
; background_engine:background|tilemap_memory:tilemap|memory~2070 ; Stuck at GND due to stuck port data_in ;
; background_engine:background|tilemap_memory:tilemap|memory~2078 ; Stuck at GND due to stuck port data_in ;
; background_engine:background|tilemap_memory:tilemap|memory~2086 ; Stuck at GND due to stuck port data_in ;
; background_engine:background|tilemap_memory:tilemap|memory~2094 ; Stuck at GND due to stuck port data_in ;
; background_engine:background|tilemap_memory:tilemap|memory~2102 ; Stuck at GND due to stuck port data_in ;
; background_engine:background|tilemap_memory:tilemap|memory~2110 ; Stuck at GND due to stuck port data_in ;
; background_engine:background|tilemap_memory:tilemap|memory~2118 ; Stuck at GND due to stuck port data_in ;
; background_engine:background|tilemap_memory:tilemap|memory~2126 ; Stuck at GND due to stuck port data_in ;
; background_engine:background|tilemap_memory:tilemap|memory~2134 ; Stuck at GND due to stuck port data_in ;
; background_engine:background|tilemap_memory:tilemap|memory~2142 ; Stuck at GND due to stuck port data_in ;
; background_engine:background|tilemap_memory:tilemap|memory~2150 ; Stuck at GND due to stuck port data_in ;
; background_engine:background|tilemap_memory:tilemap|memory~2158 ; Stuck at GND due to stuck port data_in ;
; background_engine:background|tilemap_memory:tilemap|memory~2166 ; Stuck at GND due to stuck port data_in ;
; background_engine:background|tilemap_memory:tilemap|memory~2174 ; Stuck at GND due to stuck port data_in ;
; background_engine:background|tilemap_memory:tilemap|memory~2182 ; Stuck at GND due to stuck port data_in ;
; background_engine:background|tilemap_memory:tilemap|memory~2190 ; Stuck at GND due to stuck port data_in ;
; background_engine:background|tilemap_memory:tilemap|memory~2198 ; Stuck at GND due to stuck port data_in ;
; background_engine:background|tilemap_memory:tilemap|memory~2206 ; Stuck at GND due to stuck port data_in ;
; background_engine:background|tilemap_memory:tilemap|memory~2214 ; Stuck at GND due to stuck port data_in ;
; background_engine:background|tilemap_memory:tilemap|memory~2222 ; Stuck at GND due to stuck port data_in ;
; background_engine:background|tilemap_memory:tilemap|memory~2230 ; Stuck at GND due to stuck port data_in ;
; background_engine:background|tilemap_memory:tilemap|memory~2238 ; Stuck at GND due to stuck port data_in ;
; background_engine:background|tilemap_memory:tilemap|memory~2246 ; Stuck at GND due to stuck port data_in ;
; background_engine:background|tilemap_memory:tilemap|memory~2254 ; Stuck at GND due to stuck port data_in ;
; background_engine:background|tilemap_memory:tilemap|memory~2262 ; Stuck at GND due to stuck port data_in ;
; background_engine:background|tilemap_memory:tilemap|memory~2270 ; Stuck at GND due to stuck port data_in ;
; background_engine:background|tilemap_memory:tilemap|memory~2278 ; Stuck at GND due to stuck port data_in ;
; background_engine:background|tilemap_memory:tilemap|memory~2286 ; Stuck at GND due to stuck port data_in ;
; background_engine:background|tilemap_memory:tilemap|memory~2294 ; Stuck at GND due to stuck port data_in ;
; background_engine:background|tilemap_memory:tilemap|memory~2302 ; Stuck at GND due to stuck port data_in ;
; background_engine:background|tilemap_memory:tilemap|memory~2310 ; Stuck at GND due to stuck port data_in ;
; background_engine:background|tilemap_memory:tilemap|memory~2318 ; Stuck at GND due to stuck port data_in ;
; background_engine:background|tilemap_memory:tilemap|memory~2326 ; Stuck at GND due to stuck port data_in ;
; background_engine:background|tilemap_memory:tilemap|memory~2334 ; Stuck at GND due to stuck port data_in ;
; background_engine:background|tilemap_memory:tilemap|memory~2342 ; Stuck at GND due to stuck port data_in ;
; background_engine:background|tilemap_memory:tilemap|memory~2350 ; Stuck at GND due to stuck port data_in ;
; background_engine:background|tilemap_memory:tilemap|memory~2358 ; Stuck at GND due to stuck port data_in ;
; background_engine:background|tilemap_memory:tilemap|memory~2366 ; Stuck at GND due to stuck port data_in ;
; background_engine:background|tilemap_memory:tilemap|memory~2374 ; Stuck at GND due to stuck port data_in ;
; background_engine:background|tilemap_memory:tilemap|memory~2382 ; Stuck at GND due to stuck port data_in ;
; background_engine:background|tilemap_memory:tilemap|memory~2390 ; Stuck at GND due to stuck port data_in ;
; background_engine:background|tilemap_memory:tilemap|memory~2398 ; Stuck at GND due to stuck port data_in ;
; background_engine:background|tilemap_memory:tilemap|memory~2406 ; Stuck at GND due to stuck port data_in ;
; background_engine:background|tilemap_memory:tilemap|memory~2414 ; Stuck at GND due to stuck port data_in ;
; background_engine:background|tilemap_memory:tilemap|memory~2422 ; Stuck at GND due to stuck port data_in ;
; background_engine:background|tilemap_memory:tilemap|memory~2430 ; Stuck at GND due to stuck port data_in ;
; background_engine:background|tilemap_memory:tilemap|memory~2438 ; Stuck at GND due to stuck port data_in ;
; background_engine:background|tilemap_memory:tilemap|memory~2446 ; Stuck at GND due to stuck port data_in ;
; background_engine:background|tilemap_memory:tilemap|memory~2454 ; Stuck at GND due to stuck port data_in ;
; background_engine:background|tilemap_memory:tilemap|memory~2462 ; Stuck at GND due to stuck port data_in ;
; background_engine:background|tilemap_memory:tilemap|memory~2470 ; Stuck at GND due to stuck port data_in ;
; background_engine:background|tilemap_memory:tilemap|memory~2478 ; Stuck at GND due to stuck port data_in ;
; background_engine:background|tilemap_memory:tilemap|memory~2486 ; Stuck at GND due to stuck port data_in ;
; background_engine:background|tilemap_memory:tilemap|memory~2494 ; Stuck at GND due to stuck port data_in ;
; background_engine:background|tilemap_memory:tilemap|memory~2502 ; Stuck at GND due to stuck port data_in ;
; background_engine:background|tilemap_memory:tilemap|memory~2510 ; Stuck at GND due to stuck port data_in ;
; background_engine:background|tilemap_memory:tilemap|memory~2518 ; Stuck at GND due to stuck port data_in ;
; background_engine:background|tilemap_memory:tilemap|memory~2526 ; Stuck at GND due to stuck port data_in ;
; background_engine:background|tilemap_memory:tilemap|memory~2534 ; Stuck at GND due to stuck port data_in ;
; background_engine:background|tilemap_memory:tilemap|memory~2542 ; Stuck at GND due to stuck port data_in ;
; background_engine:background|tilemap_memory:tilemap|memory~2550 ; Stuck at GND due to stuck port data_in ;
; background_engine:background|tilemap_memory:tilemap|memory~2558 ; Stuck at GND due to stuck port data_in ;
; background_engine:background|tilemap_memory:tilemap|memory~2566 ; Stuck at GND due to stuck port data_in ;
; background_engine:background|tilemap_memory:tilemap|memory~2574 ; Stuck at GND due to stuck port data_in ;
; background_engine:background|tilemap_memory:tilemap|memory~2582 ; Stuck at GND due to stuck port data_in ;
; background_engine:background|tilemap_memory:tilemap|memory~2590 ; Stuck at GND due to stuck port data_in ;
; background_engine:background|tilemap_memory:tilemap|memory~2598 ; Stuck at GND due to stuck port data_in ;
; background_engine:background|tilemap_memory:tilemap|memory~2606 ; Stuck at GND due to stuck port data_in ;
; background_engine:background|tilemap_memory:tilemap|memory~2614 ; Stuck at GND due to stuck port data_in ;
; background_engine:background|tilemap_memory:tilemap|memory~2622 ; Stuck at GND due to stuck port data_in ;
; background_engine:background|tilemap_memory:tilemap|memory~2630 ; Stuck at GND due to stuck port data_in ;
; background_engine:background|tilemap_memory:tilemap|memory~2638 ; Stuck at GND due to stuck port data_in ;
; background_engine:background|tilemap_memory:tilemap|memory~2646 ; Stuck at GND due to stuck port data_in ;
; background_engine:background|tilemap_memory:tilemap|memory~2654 ; Stuck at GND due to stuck port data_in ;
; background_engine:background|tilemap_memory:tilemap|memory~2662 ; Stuck at GND due to stuck port data_in ;
; background_engine:background|tilemap_memory:tilemap|memory~2670 ; Stuck at GND due to stuck port data_in ;
; background_engine:background|tilemap_memory:tilemap|memory~2678 ; Stuck at GND due to stuck port data_in ;
; background_engine:background|tilemap_memory:tilemap|memory~2686 ; Stuck at GND due to stuck port data_in ;
; background_engine:background|tilemap_memory:tilemap|memory~2694 ; Stuck at GND due to stuck port data_in ;
; background_engine:background|tilemap_memory:tilemap|memory~2702 ; Stuck at GND due to stuck port data_in ;
; background_engine:background|tilemap_memory:tilemap|memory~2710 ; Stuck at GND due to stuck port data_in ;
; background_engine:background|tilemap_memory:tilemap|memory~2718 ; Stuck at GND due to stuck port data_in ;
; background_engine:background|tilemap_memory:tilemap|memory~2726 ; Stuck at GND due to stuck port data_in ;
; background_engine:background|tilemap_memory:tilemap|memory~2734 ; Stuck at GND due to stuck port data_in ;
; background_engine:background|tilemap_memory:tilemap|memory~2742 ; Stuck at GND due to stuck port data_in ;
; background_engine:background|tilemap_memory:tilemap|memory~2750 ; Stuck at GND due to stuck port data_in ;
; background_engine:background|tilemap_memory:tilemap|memory~2758 ; Stuck at GND due to stuck port data_in ;
; background_engine:background|tilemap_memory:tilemap|memory~2766 ; Stuck at GND due to stuck port data_in ;
; background_engine:background|tilemap_memory:tilemap|memory~2774 ; Stuck at GND due to stuck port data_in ;
; background_engine:background|tilemap_memory:tilemap|memory~2782 ; Stuck at GND due to stuck port data_in ;
; background_engine:background|tilemap_memory:tilemap|memory~2790 ; Stuck at GND due to stuck port data_in ;
; background_engine:background|tilemap_memory:tilemap|memory~2798 ; Stuck at GND due to stuck port data_in ;
; background_engine:background|tilemap_memory:tilemap|memory~2806 ; Stuck at GND due to stuck port data_in ;
; background_engine:background|tilemap_memory:tilemap|memory~2814 ; Stuck at GND due to stuck port data_in ;
; background_engine:background|tilemap_memory:tilemap|memory~2822 ; Stuck at GND due to stuck port data_in ;
; background_engine:background|tilemap_memory:tilemap|memory~2830 ; Stuck at GND due to stuck port data_in ;
; background_engine:background|tilemap_memory:tilemap|memory~2838 ; Stuck at GND due to stuck port data_in ;
; background_engine:background|tilemap_memory:tilemap|memory~2846 ; Stuck at GND due to stuck port data_in ;
; background_engine:background|tilemap_memory:tilemap|memory~2854 ; Stuck at GND due to stuck port data_in ;
; background_engine:background|tilemap_memory:tilemap|memory~2862 ; Stuck at GND due to stuck port data_in ;
; background_engine:background|tilemap_memory:tilemap|memory~2870 ; Stuck at GND due to stuck port data_in ;
; background_engine:background|tilemap_memory:tilemap|memory~2878 ; Stuck at GND due to stuck port data_in ;
; background_engine:background|tilemap_memory:tilemap|memory~2886 ; Stuck at GND due to stuck port data_in ;
; background_engine:background|tilemap_memory:tilemap|memory~2894 ; Stuck at GND due to stuck port data_in ;
; background_engine:background|tilemap_memory:tilemap|memory~2902 ; Stuck at GND due to stuck port data_in ;
; background_engine:background|tilemap_memory:tilemap|memory~2910 ; Stuck at GND due to stuck port data_in ;
; background_engine:background|tilemap_memory:tilemap|memory~2918 ; Stuck at GND due to stuck port data_in ;
; background_engine:background|tilemap_memory:tilemap|memory~2926 ; Stuck at GND due to stuck port data_in ;
; background_engine:background|tilemap_memory:tilemap|memory~2934 ; Stuck at GND due to stuck port data_in ;
; background_engine:background|tilemap_memory:tilemap|memory~2942 ; Stuck at GND due to stuck port data_in ;
; background_engine:background|tilemap_memory:tilemap|memory~2950 ; Stuck at GND due to stuck port data_in ;
; background_engine:background|tilemap_memory:tilemap|memory~2958 ; Stuck at GND due to stuck port data_in ;
; background_engine:background|tilemap_memory:tilemap|memory~2966 ; Stuck at GND due to stuck port data_in ;
; background_engine:background|tilemap_memory:tilemap|memory~2974 ; Stuck at GND due to stuck port data_in ;
; background_engine:background|tilemap_memory:tilemap|memory~2982 ; Stuck at GND due to stuck port data_in ;
; background_engine:background|tilemap_memory:tilemap|memory~2990 ; Stuck at GND due to stuck port data_in ;
; background_engine:background|tilemap_memory:tilemap|memory~2998 ; Stuck at GND due to stuck port data_in ;
; background_engine:background|tilemap_memory:tilemap|memory~3006 ; Stuck at GND due to stuck port data_in ;
; background_engine:background|tilemap_memory:tilemap|memory~3014 ; Stuck at GND due to stuck port data_in ;
; background_engine:background|tilemap_memory:tilemap|memory~3022 ; Stuck at GND due to stuck port data_in ;
; background_engine:background|tilemap_memory:tilemap|memory~3030 ; Stuck at GND due to stuck port data_in ;
; background_engine:background|tilemap_memory:tilemap|memory~3038 ; Stuck at GND due to stuck port data_in ;
; background_engine:background|tilemap_memory:tilemap|memory~3046 ; Stuck at GND due to stuck port data_in ;
; background_engine:background|tilemap_memory:tilemap|memory~3054 ; Stuck at GND due to stuck port data_in ;
; background_engine:background|tilemap_memory:tilemap|memory~3062 ; Stuck at GND due to stuck port data_in ;
; background_engine:background|tilemap_memory:tilemap|memory~3070 ; Stuck at GND due to stuck port data_in ;
; background_engine:background|tilemap_memory:tilemap|memory~3078 ; Stuck at GND due to stuck port data_in ;
; background_engine:background|tilemap_memory:tilemap|memory~3086 ; Stuck at GND due to stuck port data_in ;
; background_engine:background|tilemap_memory:tilemap|memory~3094 ; Stuck at GND due to stuck port data_in ;
; background_engine:background|tilemap_memory:tilemap|memory~3102 ; Stuck at GND due to stuck port data_in ;
; background_engine:background|tilemap_memory:tilemap|memory~3110 ; Stuck at GND due to stuck port data_in ;
; background_engine:background|tilemap_memory:tilemap|memory~3118 ; Stuck at GND due to stuck port data_in ;
; background_engine:background|tilemap_memory:tilemap|memory~3126 ; Stuck at GND due to stuck port data_in ;
; background_engine:background|tilemap_memory:tilemap|memory~3134 ; Stuck at GND due to stuck port data_in ;
; background_engine:background|tilemap_memory:tilemap|memory~3142 ; Stuck at GND due to stuck port data_in ;
; background_engine:background|tilemap_memory:tilemap|memory~3150 ; Stuck at GND due to stuck port data_in ;
; background_engine:background|tilemap_memory:tilemap|memory~3158 ; Stuck at GND due to stuck port data_in ;
; background_engine:background|tilemap_memory:tilemap|memory~3166 ; Stuck at GND due to stuck port data_in ;
; background_engine:background|tilemap_memory:tilemap|memory~3174 ; Stuck at GND due to stuck port data_in ;
; background_engine:background|tilemap_memory:tilemap|memory~3182 ; Stuck at GND due to stuck port data_in ;
; background_engine:background|tilemap_memory:tilemap|memory~3190 ; Stuck at GND due to stuck port data_in ;
; background_engine:background|tilemap_memory:tilemap|memory~3198 ; Stuck at GND due to stuck port data_in ;
; background_engine:background|tilemap_memory:tilemap|memory~3206 ; Stuck at GND due to stuck port data_in ;
; background_engine:background|tilemap_memory:tilemap|memory~3214 ; Stuck at GND due to stuck port data_in ;
; background_engine:background|tilemap_memory:tilemap|memory~3222 ; Stuck at GND due to stuck port data_in ;
; background_engine:background|tilemap_memory:tilemap|memory~3230 ; Stuck at GND due to stuck port data_in ;
; background_engine:background|tilemap_memory:tilemap|memory~3238 ; Stuck at GND due to stuck port data_in ;
; background_engine:background|tilemap_memory:tilemap|memory~3246 ; Stuck at GND due to stuck port data_in ;
; background_engine:background|tilemap_memory:tilemap|memory~3254 ; Stuck at GND due to stuck port data_in ;
; background_engine:background|tilemap_memory:tilemap|memory~3262 ; Stuck at GND due to stuck port data_in ;
; background_engine:background|tilemap_memory:tilemap|memory~3270 ; Stuck at GND due to stuck port data_in ;
; background_engine:background|tilemap_memory:tilemap|memory~3278 ; Stuck at GND due to stuck port data_in ;
; background_engine:background|tilemap_memory:tilemap|memory~3286 ; Stuck at GND due to stuck port data_in ;
; background_engine:background|tilemap_memory:tilemap|memory~3294 ; Stuck at GND due to stuck port data_in ;
; background_engine:background|tilemap_memory:tilemap|memory~3302 ; Stuck at GND due to stuck port data_in ;
; background_engine:background|tilemap_memory:tilemap|memory~3310 ; Stuck at GND due to stuck port data_in ;
; background_engine:background|tilemap_memory:tilemap|memory~3318 ; Stuck at GND due to stuck port data_in ;
; background_engine:background|tilemap_memory:tilemap|memory~3326 ; Stuck at GND due to stuck port data_in ;
; background_engine:background|tilemap_memory:tilemap|memory~3334 ; Stuck at GND due to stuck port data_in ;
; background_engine:background|tilemap_memory:tilemap|memory~3342 ; Stuck at GND due to stuck port data_in ;
; background_engine:background|tilemap_memory:tilemap|memory~3350 ; Stuck at GND due to stuck port data_in ;
; background_engine:background|tilemap_memory:tilemap|memory~3358 ; Stuck at GND due to stuck port data_in ;
; background_engine:background|tilemap_memory:tilemap|memory~3366 ; Stuck at GND due to stuck port data_in ;
; background_engine:background|tilemap_memory:tilemap|memory~3374 ; Stuck at GND due to stuck port data_in ;
; background_engine:background|tilemap_memory:tilemap|memory~3382 ; Stuck at GND due to stuck port data_in ;
; background_engine:background|tilemap_memory:tilemap|memory~3390 ; Stuck at GND due to stuck port data_in ;
; background_engine:background|tilemap_memory:tilemap|memory~3398 ; Stuck at GND due to stuck port data_in ;
; background_engine:background|tilemap_memory:tilemap|memory~3406 ; Stuck at GND due to stuck port data_in ;
; background_engine:background|tilemap_memory:tilemap|memory~3414 ; Stuck at GND due to stuck port data_in ;
; background_engine:background|tilemap_memory:tilemap|memory~3422 ; Stuck at GND due to stuck port data_in ;
; background_engine:background|tilemap_memory:tilemap|memory~3430 ; Stuck at GND due to stuck port data_in ;
; background_engine:background|tilemap_memory:tilemap|memory~3438 ; Stuck at GND due to stuck port data_in ;
; background_engine:background|tilemap_memory:tilemap|memory~3446 ; Stuck at GND due to stuck port data_in ;
; background_engine:background|tilemap_memory:tilemap|memory~3454 ; Stuck at GND due to stuck port data_in ;
; background_engine:background|tilemap_memory:tilemap|memory~3462 ; Stuck at GND due to stuck port data_in ;
; background_engine:background|tilemap_memory:tilemap|memory~3470 ; Stuck at GND due to stuck port data_in ;
; background_engine:background|tilemap_memory:tilemap|memory~3478 ; Stuck at GND due to stuck port data_in ;
; background_engine:background|tilemap_memory:tilemap|memory~3486 ; Stuck at GND due to stuck port data_in ;
; background_engine:background|tilemap_memory:tilemap|memory~3494 ; Stuck at GND due to stuck port data_in ;
; background_engine:background|tilemap_memory:tilemap|memory~3502 ; Stuck at GND due to stuck port data_in ;
; background_engine:background|tilemap_memory:tilemap|memory~3510 ; Stuck at GND due to stuck port data_in ;
; background_engine:background|tilemap_memory:tilemap|memory~3518 ; Stuck at GND due to stuck port data_in ;
; background_engine:background|tilemap_memory:tilemap|memory~3526 ; Stuck at GND due to stuck port data_in ;
; background_engine:background|tilemap_memory:tilemap|memory~3534 ; Stuck at GND due to stuck port data_in ;
; background_engine:background|tilemap_memory:tilemap|memory~3542 ; Stuck at GND due to stuck port data_in ;
; background_engine:background|tilemap_memory:tilemap|memory~3550 ; Stuck at GND due to stuck port data_in ;
; background_engine:background|tilemap_memory:tilemap|memory~3558 ; Stuck at GND due to stuck port data_in ;
; background_engine:background|tilemap_memory:tilemap|memory~3566 ; Stuck at GND due to stuck port data_in ;
; background_engine:background|tilemap_memory:tilemap|memory~3574 ; Stuck at GND due to stuck port data_in ;
; background_engine:background|tilemap_memory:tilemap|memory~3582 ; Stuck at GND due to stuck port data_in ;
; background_engine:background|tilemap_memory:tilemap|memory~3590 ; Stuck at GND due to stuck port data_in ;
; background_engine:background|tilemap_memory:tilemap|memory~3598 ; Stuck at GND due to stuck port data_in ;
; background_engine:background|tilemap_memory:tilemap|memory~3606 ; Stuck at GND due to stuck port data_in ;
; background_engine:background|tilemap_memory:tilemap|memory~3614 ; Stuck at GND due to stuck port data_in ;
; background_engine:background|tilemap_memory:tilemap|memory~3622 ; Stuck at GND due to stuck port data_in ;
; background_engine:background|tilemap_memory:tilemap|memory~3630 ; Stuck at GND due to stuck port data_in ;
; background_engine:background|tilemap_memory:tilemap|memory~3638 ; Stuck at GND due to stuck port data_in ;
; background_engine:background|tilemap_memory:tilemap|memory~3646 ; Stuck at GND due to stuck port data_in ;
; background_engine:background|tilemap_memory:tilemap|memory~3654 ; Stuck at GND due to stuck port data_in ;
; background_engine:background|tilemap_memory:tilemap|memory~3662 ; Stuck at GND due to stuck port data_in ;
; background_engine:background|tilemap_memory:tilemap|memory~3670 ; Stuck at GND due to stuck port data_in ;
; background_engine:background|tilemap_memory:tilemap|memory~3678 ; Stuck at GND due to stuck port data_in ;
; background_engine:background|tilemap_memory:tilemap|memory~3686 ; Stuck at GND due to stuck port data_in ;
; background_engine:background|tilemap_memory:tilemap|memory~3694 ; Stuck at GND due to stuck port data_in ;
; background_engine:background|tilemap_memory:tilemap|memory~3702 ; Stuck at GND due to stuck port data_in ;
; background_engine:background|tilemap_memory:tilemap|memory~3710 ; Stuck at GND due to stuck port data_in ;
; background_engine:background|tilemap_memory:tilemap|memory~3718 ; Stuck at GND due to stuck port data_in ;
; background_engine:background|tilemap_memory:tilemap|memory~3726 ; Stuck at GND due to stuck port data_in ;
; background_engine:background|tilemap_memory:tilemap|memory~3734 ; Stuck at GND due to stuck port data_in ;
; background_engine:background|tilemap_memory:tilemap|memory~3742 ; Stuck at GND due to stuck port data_in ;
; background_engine:background|tilemap_memory:tilemap|memory~3750 ; Stuck at GND due to stuck port data_in ;
; background_engine:background|tilemap_memory:tilemap|memory~3758 ; Stuck at GND due to stuck port data_in ;
; background_engine:background|tilemap_memory:tilemap|memory~3766 ; Stuck at GND due to stuck port data_in ;
; background_engine:background|tilemap_memory:tilemap|memory~3774 ; Stuck at GND due to stuck port data_in ;
; background_engine:background|tilemap_memory:tilemap|memory~3782 ; Stuck at GND due to stuck port data_in ;
; background_engine:background|tilemap_memory:tilemap|memory~3790 ; Stuck at GND due to stuck port data_in ;
; background_engine:background|tilemap_memory:tilemap|memory~3798 ; Stuck at GND due to stuck port data_in ;
; background_engine:background|tilemap_memory:tilemap|memory~3806 ; Stuck at GND due to stuck port data_in ;
; background_engine:background|tilemap_memory:tilemap|memory~3814 ; Stuck at GND due to stuck port data_in ;
; background_engine:background|tilemap_memory:tilemap|memory~3822 ; Stuck at GND due to stuck port data_in ;
; background_engine:background|tilemap_memory:tilemap|memory~3830 ; Stuck at GND due to stuck port data_in ;
; background_engine:background|tilemap_memory:tilemap|memory~3838 ; Stuck at GND due to stuck port data_in ;
; background_engine:background|tilemap_memory:tilemap|memory~3846 ; Stuck at GND due to stuck port data_in ;
; background_engine:background|tilemap_memory:tilemap|memory~3854 ; Stuck at GND due to stuck port data_in ;
; background_engine:background|tilemap_memory:tilemap|memory~3862 ; Stuck at GND due to stuck port data_in ;
; background_engine:background|tilemap_memory:tilemap|memory~3870 ; Stuck at GND due to stuck port data_in ;
; background_engine:background|tilemap_memory:tilemap|memory~3878 ; Stuck at GND due to stuck port data_in ;
; background_engine:background|tilemap_memory:tilemap|memory~3886 ; Stuck at GND due to stuck port data_in ;
; background_engine:background|tilemap_memory:tilemap|memory~3894 ; Stuck at GND due to stuck port data_in ;
; background_engine:background|tilemap_memory:tilemap|memory~3902 ; Stuck at GND due to stuck port data_in ;
; background_engine:background|tilemap_memory:tilemap|memory~3910 ; Stuck at GND due to stuck port data_in ;
; background_engine:background|tilemap_memory:tilemap|memory~3918 ; Stuck at GND due to stuck port data_in ;
; background_engine:background|tilemap_memory:tilemap|memory~3926 ; Stuck at GND due to stuck port data_in ;
; background_engine:background|tilemap_memory:tilemap|memory~3934 ; Stuck at GND due to stuck port data_in ;
; background_engine:background|tilemap_memory:tilemap|memory~3942 ; Stuck at GND due to stuck port data_in ;
; background_engine:background|tilemap_memory:tilemap|memory~3950 ; Stuck at GND due to stuck port data_in ;
; background_engine:background|tilemap_memory:tilemap|memory~3958 ; Stuck at GND due to stuck port data_in ;
; background_engine:background|tilemap_memory:tilemap|memory~3966 ; Stuck at GND due to stuck port data_in ;
; background_engine:background|tilemap_memory:tilemap|memory~3974 ; Stuck at GND due to stuck port data_in ;
; background_engine:background|tilemap_memory:tilemap|memory~3982 ; Stuck at GND due to stuck port data_in ;
; background_engine:background|tilemap_memory:tilemap|memory~3990 ; Stuck at GND due to stuck port data_in ;
; background_engine:background|tilemap_memory:tilemap|memory~3998 ; Stuck at GND due to stuck port data_in ;
; background_engine:background|tilemap_memory:tilemap|memory~4006 ; Stuck at GND due to stuck port data_in ;
; background_engine:background|tilemap_memory:tilemap|memory~4014 ; Stuck at GND due to stuck port data_in ;
; background_engine:background|tilemap_memory:tilemap|memory~4022 ; Stuck at GND due to stuck port data_in ;
; background_engine:background|tilemap_memory:tilemap|memory~4030 ; Stuck at GND due to stuck port data_in ;
; background_engine:background|tilemap_memory:tilemap|memory~4038 ; Stuck at GND due to stuck port data_in ;
; background_engine:background|tilemap_memory:tilemap|memory~4046 ; Stuck at GND due to stuck port data_in ;
; background_engine:background|tilemap_memory:tilemap|memory~4054 ; Stuck at GND due to stuck port data_in ;
; background_engine:background|tilemap_memory:tilemap|memory~4062 ; Stuck at GND due to stuck port data_in ;
; background_engine:background|tilemap_memory:tilemap|memory~4070 ; Stuck at GND due to stuck port data_in ;
; background_engine:background|tilemap_memory:tilemap|memory~4078 ; Stuck at GND due to stuck port data_in ;
; background_engine:background|tilemap_memory:tilemap|memory~4086 ; Stuck at GND due to stuck port data_in ;
; background_engine:background|tilemap_memory:tilemap|memory~4094 ; Stuck at GND due to stuck port data_in ;
; background_engine:background|tilemap_memory:tilemap|memory~4102 ; Stuck at GND due to stuck port data_in ;
; background_engine:background|tilemap_memory:tilemap|memory~4110 ; Stuck at GND due to stuck port data_in ;
; background_engine:background|tilemap_memory:tilemap|memory~4118 ; Stuck at GND due to stuck port data_in ;
; background_engine:background|tilemap_memory:tilemap|memory~4126 ; Stuck at GND due to stuck port data_in ;
; background_engine:background|tilemap_memory:tilemap|memory~4134 ; Stuck at GND due to stuck port data_in ;
; background_engine:background|tilemap_memory:tilemap|memory~4142 ; Stuck at GND due to stuck port data_in ;
; background_engine:background|tilemap_memory:tilemap|memory~4150 ; Stuck at GND due to stuck port data_in ;
; background_engine:background|tilemap_memory:tilemap|memory~4158 ; Stuck at GND due to stuck port data_in ;
; background_engine:background|tilemap_memory:tilemap|memory~4166 ; Stuck at GND due to stuck port data_in ;
; background_engine:background|tilemap_memory:tilemap|memory~4174 ; Stuck at GND due to stuck port data_in ;
; background_engine:background|tilemap_memory:tilemap|memory~4182 ; Stuck at GND due to stuck port data_in ;
; background_engine:background|tilemap_memory:tilemap|memory~4190 ; Stuck at GND due to stuck port data_in ;
; background_engine:background|tilemap_memory:tilemap|memory~4198 ; Stuck at GND due to stuck port data_in ;
; background_engine:background|tilemap_memory:tilemap|memory~4206 ; Stuck at GND due to stuck port data_in ;
; background_engine:background|tilemap_memory:tilemap|memory~4214 ; Stuck at GND due to stuck port data_in ;
; background_engine:background|tilemap_memory:tilemap|memory~4222 ; Stuck at GND due to stuck port data_in ;
; background_engine:background|tilemap_memory:tilemap|memory~4230 ; Stuck at GND due to stuck port data_in ;
; background_engine:background|tilemap_memory:tilemap|memory~4238 ; Stuck at GND due to stuck port data_in ;
; background_engine:background|tilemap_memory:tilemap|memory~4246 ; Stuck at GND due to stuck port data_in ;
; background_engine:background|tilemap_memory:tilemap|memory~4254 ; Stuck at GND due to stuck port data_in ;
; background_engine:background|tilemap_memory:tilemap|memory~4262 ; Stuck at GND due to stuck port data_in ;
; background_engine:background|tilemap_memory:tilemap|memory~4270 ; Stuck at GND due to stuck port data_in ;
; background_engine:background|tilemap_memory:tilemap|memory~4278 ; Stuck at GND due to stuck port data_in ;
; background_engine:background|tilemap_memory:tilemap|memory~4286 ; Stuck at GND due to stuck port data_in ;
; background_engine:background|tilemap_memory:tilemap|memory~4294 ; Stuck at GND due to stuck port data_in ;
; background_engine:background|tilemap_memory:tilemap|memory~4302 ; Stuck at GND due to stuck port data_in ;
; background_engine:background|tilemap_memory:tilemap|memory~4310 ; Stuck at GND due to stuck port data_in ;
; background_engine:background|tilemap_memory:tilemap|memory~4318 ; Stuck at GND due to stuck port data_in ;
; background_engine:background|tilemap_memory:tilemap|memory~4326 ; Stuck at GND due to stuck port data_in ;
; background_engine:background|tilemap_memory:tilemap|memory~4334 ; Stuck at GND due to stuck port data_in ;
; background_engine:background|tilemap_memory:tilemap|memory~4342 ; Stuck at GND due to stuck port data_in ;
; background_engine:background|tilemap_memory:tilemap|memory~4350 ; Stuck at GND due to stuck port data_in ;
; background_engine:background|tilemap_memory:tilemap|memory~4358 ; Stuck at GND due to stuck port data_in ;
; background_engine:background|tilemap_memory:tilemap|memory~4366 ; Stuck at GND due to stuck port data_in ;
; background_engine:background|tilemap_memory:tilemap|memory~4374 ; Stuck at GND due to stuck port data_in ;
; background_engine:background|tilemap_memory:tilemap|memory~4382 ; Stuck at GND due to stuck port data_in ;
; background_engine:background|tilemap_memory:tilemap|memory~4390 ; Stuck at GND due to stuck port data_in ;
; background_engine:background|tilemap_memory:tilemap|memory~4398 ; Stuck at GND due to stuck port data_in ;
; background_engine:background|tilemap_memory:tilemap|memory~4406 ; Stuck at GND due to stuck port data_in ;
; background_engine:background|tilemap_memory:tilemap|memory~4414 ; Stuck at GND due to stuck port data_in ;
; background_engine:background|tilemap_memory:tilemap|memory~4422 ; Stuck at GND due to stuck port data_in ;
; background_engine:background|tilemap_memory:tilemap|memory~4430 ; Stuck at GND due to stuck port data_in ;
; background_engine:background|tilemap_memory:tilemap|memory~4438 ; Stuck at GND due to stuck port data_in ;
; background_engine:background|tilemap_memory:tilemap|memory~4446 ; Stuck at GND due to stuck port data_in ;
; background_engine:background|tilemap_memory:tilemap|memory~4454 ; Stuck at GND due to stuck port data_in ;
; background_engine:background|tilemap_memory:tilemap|memory~4462 ; Stuck at GND due to stuck port data_in ;
; background_engine:background|tilemap_memory:tilemap|memory~4470 ; Stuck at GND due to stuck port data_in ;
; background_engine:background|tilemap_memory:tilemap|memory~4478 ; Stuck at GND due to stuck port data_in ;
; background_engine:background|tilemap_memory:tilemap|memory~4486 ; Stuck at GND due to stuck port data_in ;
; background_engine:background|tilemap_memory:tilemap|memory~4494 ; Stuck at GND due to stuck port data_in ;
; background_engine:background|tilemap_memory:tilemap|memory~4502 ; Stuck at GND due to stuck port data_in ;
; background_engine:background|tilemap_memory:tilemap|memory~4510 ; Stuck at GND due to stuck port data_in ;
; background_engine:background|tilemap_memory:tilemap|memory~4518 ; Stuck at GND due to stuck port data_in ;
; background_engine:background|tilemap_memory:tilemap|memory~4526 ; Stuck at GND due to stuck port data_in ;
; background_engine:background|tilemap_memory:tilemap|memory~4534 ; Stuck at GND due to stuck port data_in ;
; background_engine:background|tilemap_memory:tilemap|memory~4542 ; Stuck at GND due to stuck port data_in ;
; background_engine:background|tilemap_memory:tilemap|memory~4550 ; Stuck at GND due to stuck port data_in ;
; background_engine:background|tilemap_memory:tilemap|memory~4558 ; Stuck at GND due to stuck port data_in ;
; background_engine:background|tilemap_memory:tilemap|memory~4566 ; Stuck at GND due to stuck port data_in ;
; background_engine:background|tilemap_memory:tilemap|memory~4574 ; Stuck at GND due to stuck port data_in ;
; background_engine:background|tilemap_memory:tilemap|memory~4582 ; Stuck at GND due to stuck port data_in ;
; background_engine:background|tilemap_memory:tilemap|memory~4590 ; Stuck at GND due to stuck port data_in ;
; background_engine:background|tilemap_memory:tilemap|memory~4598 ; Stuck at GND due to stuck port data_in ;
; background_engine:background|tilemap_memory:tilemap|memory~4606 ; Stuck at GND due to stuck port data_in ;
; background_engine:background|tilemap_memory:tilemap|memory~4614 ; Stuck at GND due to stuck port data_in ;
; background_engine:background|tilemap_memory:tilemap|memory~4622 ; Stuck at GND due to stuck port data_in ;
; background_engine:background|tilemap_memory:tilemap|memory~4630 ; Stuck at GND due to stuck port data_in ;
; background_engine:background|tilemap_memory:tilemap|memory~4638 ; Stuck at GND due to stuck port data_in ;
; background_engine:background|tilemap_memory:tilemap|memory~4646 ; Stuck at GND due to stuck port data_in ;
; background_engine:background|tilemap_memory:tilemap|memory~4654 ; Stuck at GND due to stuck port data_in ;
; background_engine:background|tilemap_memory:tilemap|memory~4662 ; Stuck at GND due to stuck port data_in ;
; background_engine:background|tilemap_memory:tilemap|memory~4670 ; Stuck at GND due to stuck port data_in ;
; background_engine:background|tilemap_memory:tilemap|memory~4678 ; Stuck at GND due to stuck port data_in ;
; background_engine:background|tilemap_memory:tilemap|memory~4686 ; Stuck at GND due to stuck port data_in ;
; background_engine:background|tilemap_memory:tilemap|memory~4694 ; Stuck at GND due to stuck port data_in ;
; background_engine:background|tilemap_memory:tilemap|memory~4702 ; Stuck at GND due to stuck port data_in ;
; background_engine:background|tilemap_memory:tilemap|memory~4710 ; Stuck at GND due to stuck port data_in ;
; background_engine:background|tilemap_memory:tilemap|memory~4718 ; Stuck at GND due to stuck port data_in ;
; background_engine:background|tilemap_memory:tilemap|memory~4726 ; Stuck at GND due to stuck port data_in ;
; background_engine:background|tilemap_memory:tilemap|memory~4734 ; Stuck at GND due to stuck port data_in ;
; background_engine:background|tilemap_memory:tilemap|memory~4742 ; Stuck at GND due to stuck port data_in ;
; background_engine:background|tilemap_memory:tilemap|memory~4750 ; Stuck at GND due to stuck port data_in ;
; background_engine:background|tilemap_memory:tilemap|memory~4758 ; Stuck at GND due to stuck port data_in ;
; background_engine:background|tilemap_memory:tilemap|memory~4766 ; Stuck at GND due to stuck port data_in ;
; background_engine:background|tilemap_memory:tilemap|memory~4774 ; Stuck at GND due to stuck port data_in ;
; background_engine:background|tilemap_memory:tilemap|memory~4782 ; Stuck at GND due to stuck port data_in ;
; background_engine:background|tilemap_memory:tilemap|memory~4790 ; Stuck at GND due to stuck port data_in ;
; background_engine:background|tilemap_memory:tilemap|memory~4798 ; Stuck at GND due to stuck port data_in ;
; background_engine:background|tilemap_memory:tilemap|memory~4806 ; Stuck at GND due to stuck port data_in ;
; background_engine:background|tilemap_memory:tilemap|memory~4814 ; Stuck at GND due to stuck port data_in ;
; background_engine:background|tilemap_memory:tilemap|memory~4822 ; Stuck at GND due to stuck port data_in ;
; background_engine:background|tilemap_memory:tilemap|memory~4830 ; Stuck at GND due to stuck port data_in ;
; background_engine:background|tilemap_memory:tilemap|memory~4838 ; Stuck at GND due to stuck port data_in ;
; background_engine:background|tilemap_memory:tilemap|memory~4846 ; Stuck at GND due to stuck port data_in ;
; background_engine:background|tilemap_memory:tilemap|memory~4854 ; Stuck at GND due to stuck port data_in ;
; background_engine:background|tilemap_memory:tilemap|memory~4862 ; Stuck at GND due to stuck port data_in ;
; background_engine:background|tilemap_memory:tilemap|memory~4870 ; Stuck at GND due to stuck port data_in ;
; background_engine:background|tilemap_memory:tilemap|memory~4878 ; Stuck at GND due to stuck port data_in ;
; background_engine:background|tilemap_memory:tilemap|memory~4886 ; Stuck at GND due to stuck port data_in ;
; background_engine:background|tilemap_memory:tilemap|memory~4894 ; Stuck at GND due to stuck port data_in ;
; background_engine:background|tilemap_memory:tilemap|memory~4902 ; Stuck at GND due to stuck port data_in ;
; background_engine:background|tilemap_memory:tilemap|memory~4910 ; Stuck at GND due to stuck port data_in ;
; background_engine:background|tilemap_memory:tilemap|memory~4918 ; Stuck at GND due to stuck port data_in ;
; background_engine:background|tilemap_memory:tilemap|memory~4926 ; Stuck at GND due to stuck port data_in ;
; background_engine:background|tilemap_memory:tilemap|memory~4934 ; Stuck at GND due to stuck port data_in ;
; background_engine:background|tilemap_memory:tilemap|memory~4942 ; Stuck at GND due to stuck port data_in ;
; background_engine:background|tilemap_memory:tilemap|memory~4950 ; Stuck at GND due to stuck port data_in ;
; background_engine:background|tilemap_memory:tilemap|memory~4958 ; Stuck at GND due to stuck port data_in ;
; background_engine:background|tilemap_memory:tilemap|memory~4966 ; Stuck at GND due to stuck port data_in ;
; background_engine:background|tilemap_memory:tilemap|memory~4974 ; Stuck at GND due to stuck port data_in ;
; background_engine:background|tilemap_memory:tilemap|memory~4982 ; Stuck at GND due to stuck port data_in ;
; background_engine:background|tilemap_memory:tilemap|memory~4990 ; Stuck at GND due to stuck port data_in ;
; background_engine:background|tilemap_memory:tilemap|memory~4998 ; Stuck at GND due to stuck port data_in ;
; background_engine:background|tilemap_memory:tilemap|memory~5006 ; Stuck at GND due to stuck port data_in ;
; background_engine:background|tilemap_memory:tilemap|memory~5014 ; Stuck at GND due to stuck port data_in ;
; background_engine:background|tilemap_memory:tilemap|memory~5022 ; Stuck at GND due to stuck port data_in ;
; background_engine:background|tilemap_memory:tilemap|memory~5030 ; Stuck at GND due to stuck port data_in ;
; background_engine:background|tilemap_memory:tilemap|memory~5038 ; Stuck at GND due to stuck port data_in ;
; background_engine:background|tilemap_memory:tilemap|memory~5046 ; Stuck at GND due to stuck port data_in ;
; background_engine:background|tilemap_memory:tilemap|memory~5054 ; Stuck at GND due to stuck port data_in ;
; background_engine:background|tilemap_memory:tilemap|memory~5062 ; Stuck at GND due to stuck port data_in ;
; background_engine:background|tilemap_memory:tilemap|memory~5070 ; Stuck at GND due to stuck port data_in ;
; background_engine:background|tilemap_memory:tilemap|memory~5078 ; Stuck at GND due to stuck port data_in ;
; background_engine:background|tilemap_memory:tilemap|memory~5086 ; Stuck at GND due to stuck port data_in ;
; background_engine:background|tilemap_memory:tilemap|memory~5094 ; Stuck at GND due to stuck port data_in ;
; background_engine:background|tilemap_memory:tilemap|memory~5102 ; Stuck at GND due to stuck port data_in ;
; background_engine:background|tilemap_memory:tilemap|memory~5110 ; Stuck at GND due to stuck port data_in ;
; background_engine:background|tilemap_memory:tilemap|memory~5118 ; Stuck at GND due to stuck port data_in ;
; background_engine:background|tilemap_memory:tilemap|memory~5126 ; Stuck at GND due to stuck port data_in ;
; background_engine:background|tilemap_memory:tilemap|memory~5134 ; Stuck at GND due to stuck port data_in ;
; background_engine:background|tilemap_memory:tilemap|memory~5142 ; Stuck at GND due to stuck port data_in ;
; background_engine:background|tilemap_memory:tilemap|memory~5150 ; Stuck at GND due to stuck port data_in ;
; background_engine:background|tilemap_memory:tilemap|memory~5158 ; Stuck at GND due to stuck port data_in ;
; background_engine:background|tilemap_memory:tilemap|memory~5166 ; Stuck at GND due to stuck port data_in ;
; background_engine:background|tilemap_memory:tilemap|memory~5174 ; Stuck at GND due to stuck port data_in ;
; background_engine:background|tilemap_memory:tilemap|memory~5182 ; Stuck at GND due to stuck port data_in ;
; background_engine:background|tilemap_memory:tilemap|memory~5190 ; Stuck at GND due to stuck port data_in ;
; background_engine:background|tilemap_memory:tilemap|memory~5198 ; Stuck at GND due to stuck port data_in ;
; background_engine:background|tilemap_memory:tilemap|memory~5206 ; Stuck at GND due to stuck port data_in ;
; background_engine:background|tilemap_memory:tilemap|memory~5214 ; Stuck at GND due to stuck port data_in ;
; background_engine:background|tilemap_memory:tilemap|memory~5222 ; Stuck at GND due to stuck port data_in ;
; background_engine:background|tilemap_memory:tilemap|memory~5230 ; Stuck at GND due to stuck port data_in ;
; background_engine:background|tilemap_memory:tilemap|memory~5238 ; Stuck at GND due to stuck port data_in ;
; background_engine:background|tilemap_memory:tilemap|memory~5246 ; Stuck at GND due to stuck port data_in ;
; background_engine:background|tilemap_memory:tilemap|memory~5254 ; Stuck at GND due to stuck port data_in ;
; background_engine:background|tilemap_memory:tilemap|memory~5262 ; Stuck at GND due to stuck port data_in ;
; background_engine:background|tilemap_memory:tilemap|memory~5270 ; Stuck at GND due to stuck port data_in ;
; background_engine:background|tilemap_memory:tilemap|memory~5278 ; Stuck at GND due to stuck port data_in ;
; background_engine:background|tilemap_memory:tilemap|memory~5286 ; Stuck at GND due to stuck port data_in ;
; background_engine:background|tilemap_memory:tilemap|memory~5294 ; Stuck at GND due to stuck port data_in ;
; background_engine:background|tilemap_memory:tilemap|memory~5302 ; Stuck at GND due to stuck port data_in ;
; background_engine:background|tilemap_memory:tilemap|memory~5310 ; Stuck at GND due to stuck port data_in ;
; background_engine:background|tilemap_memory:tilemap|memory~5318 ; Stuck at GND due to stuck port data_in ;
; background_engine:background|tilemap_memory:tilemap|memory~5326 ; Stuck at GND due to stuck port data_in ;
; background_engine:background|tilemap_memory:tilemap|memory~5334 ; Stuck at GND due to stuck port data_in ;
; background_engine:background|tilemap_memory:tilemap|memory~5342 ; Stuck at GND due to stuck port data_in ;
; background_engine:background|tilemap_memory:tilemap|memory~5350 ; Stuck at GND due to stuck port data_in ;
; background_engine:background|tilemap_memory:tilemap|memory~5358 ; Stuck at GND due to stuck port data_in ;
; background_engine:background|tilemap_memory:tilemap|memory~5366 ; Stuck at GND due to stuck port data_in ;
; background_engine:background|tilemap_memory:tilemap|memory~5374 ; Stuck at GND due to stuck port data_in ;
; background_engine:background|tilemap_memory:tilemap|memory~5382 ; Stuck at GND due to stuck port data_in ;
; background_engine:background|tilemap_memory:tilemap|memory~5390 ; Stuck at GND due to stuck port data_in ;
; background_engine:background|tilemap_memory:tilemap|memory~5398 ; Stuck at GND due to stuck port data_in ;
; background_engine:background|tilemap_memory:tilemap|memory~5406 ; Stuck at GND due to stuck port data_in ;
; background_engine:background|tilemap_memory:tilemap|memory~5414 ; Stuck at GND due to stuck port data_in ;
; background_engine:background|tilemap_memory:tilemap|memory~5422 ; Stuck at GND due to stuck port data_in ;
; background_engine:background|tilemap_memory:tilemap|memory~5430 ; Stuck at GND due to stuck port data_in ;
; background_engine:background|tilemap_memory:tilemap|memory~5438 ; Stuck at GND due to stuck port data_in ;
; background_engine:background|tilemap_memory:tilemap|memory~5446 ; Stuck at GND due to stuck port data_in ;
; background_engine:background|tilemap_memory:tilemap|memory~5454 ; Stuck at GND due to stuck port data_in ;
; background_engine:background|tilemap_memory:tilemap|memory~5462 ; Stuck at GND due to stuck port data_in ;
; background_engine:background|tilemap_memory:tilemap|memory~5470 ; Stuck at GND due to stuck port data_in ;
; background_engine:background|tilemap_memory:tilemap|memory~5478 ; Stuck at GND due to stuck port data_in ;
; background_engine:background|tilemap_memory:tilemap|memory~5486 ; Stuck at GND due to stuck port data_in ;
; background_engine:background|tilemap_memory:tilemap|memory~5494 ; Stuck at GND due to stuck port data_in ;
; background_engine:background|tilemap_memory:tilemap|memory~5502 ; Stuck at GND due to stuck port data_in ;
; background_engine:background|tilemap_memory:tilemap|memory~5510 ; Stuck at GND due to stuck port data_in ;
; background_engine:background|tilemap_memory:tilemap|memory~5518 ; Stuck at GND due to stuck port data_in ;
; background_engine:background|tilemap_memory:tilemap|memory~5526 ; Stuck at GND due to stuck port data_in ;
; background_engine:background|tilemap_memory:tilemap|memory~5534 ; Stuck at GND due to stuck port data_in ;
; background_engine:background|tilemap_memory:tilemap|memory~5542 ; Stuck at GND due to stuck port data_in ;
; background_engine:background|tilemap_memory:tilemap|memory~5550 ; Stuck at GND due to stuck port data_in ;
; background_engine:background|tilemap_memory:tilemap|memory~5558 ; Stuck at GND due to stuck port data_in ;
; background_engine:background|tilemap_memory:tilemap|memory~5566 ; Stuck at GND due to stuck port data_in ;
; background_engine:background|tilemap_memory:tilemap|memory~5574 ; Stuck at GND due to stuck port data_in ;
; background_engine:background|tilemap_memory:tilemap|memory~5582 ; Stuck at GND due to stuck port data_in ;
; background_engine:background|tilemap_memory:tilemap|memory~5590 ; Stuck at GND due to stuck port data_in ;
; background_engine:background|tilemap_memory:tilemap|memory~5598 ; Stuck at GND due to stuck port data_in ;
; background_engine:background|tilemap_memory:tilemap|memory~5606 ; Stuck at GND due to stuck port data_in ;
; background_engine:background|tilemap_memory:tilemap|memory~5614 ; Stuck at GND due to stuck port data_in ;
; background_engine:background|tilemap_memory:tilemap|memory~5622 ; Stuck at GND due to stuck port data_in ;
; background_engine:background|tilemap_memory:tilemap|memory~5630 ; Stuck at GND due to stuck port data_in ;
; background_engine:background|tilemap_memory:tilemap|memory~5638 ; Stuck at GND due to stuck port data_in ;
; background_engine:background|tilemap_memory:tilemap|memory~5646 ; Stuck at GND due to stuck port data_in ;
; background_engine:background|tilemap_memory:tilemap|memory~5654 ; Stuck at GND due to stuck port data_in ;
; background_engine:background|tilemap_memory:tilemap|memory~5662 ; Stuck at GND due to stuck port data_in ;
; background_engine:background|tilemap_memory:tilemap|memory~5670 ; Stuck at GND due to stuck port data_in ;
; background_engine:background|tilemap_memory:tilemap|memory~5678 ; Stuck at GND due to stuck port data_in ;
; background_engine:background|tilemap_memory:tilemap|memory~5686 ; Stuck at GND due to stuck port data_in ;
; background_engine:background|tilemap_memory:tilemap|memory~5694 ; Stuck at GND due to stuck port data_in ;
; background_engine:background|tilemap_memory:tilemap|memory~5702 ; Stuck at GND due to stuck port data_in ;
; background_engine:background|tilemap_memory:tilemap|memory~5710 ; Stuck at GND due to stuck port data_in ;
; background_engine:background|tilemap_memory:tilemap|memory~5718 ; Stuck at GND due to stuck port data_in ;
; background_engine:background|tilemap_memory:tilemap|memory~5726 ; Stuck at GND due to stuck port data_in ;
; background_engine:background|tilemap_memory:tilemap|memory~5734 ; Stuck at GND due to stuck port data_in ;
; background_engine:background|tilemap_memory:tilemap|memory~5742 ; Stuck at GND due to stuck port data_in ;
; background_engine:background|tilemap_memory:tilemap|memory~5750 ; Stuck at GND due to stuck port data_in ;
; background_engine:background|tilemap_memory:tilemap|memory~5758 ; Stuck at GND due to stuck port data_in ;
; background_engine:background|tilemap_memory:tilemap|memory~5766 ; Stuck at GND due to stuck port data_in ;
; background_engine:background|tilemap_memory:tilemap|memory~5774 ; Stuck at GND due to stuck port data_in ;
; background_engine:background|tilemap_memory:tilemap|memory~5782 ; Stuck at GND due to stuck port data_in ;
; background_engine:background|tilemap_memory:tilemap|memory~5790 ; Stuck at GND due to stuck port data_in ;
; background_engine:background|tilemap_memory:tilemap|memory~5798 ; Stuck at GND due to stuck port data_in ;
; background_engine:background|tilemap_memory:tilemap|memory~5806 ; Stuck at GND due to stuck port data_in ;
; background_engine:background|tilemap_memory:tilemap|memory~5814 ; Stuck at GND due to stuck port data_in ;
; background_engine:background|tilemap_memory:tilemap|memory~5822 ; Stuck at GND due to stuck port data_in ;
; background_engine:background|tilemap_memory:tilemap|memory~5830 ; Stuck at GND due to stuck port data_in ;
; background_engine:background|tilemap_memory:tilemap|memory~5838 ; Stuck at GND due to stuck port data_in ;
; background_engine:background|tilemap_memory:tilemap|memory~5846 ; Stuck at GND due to stuck port data_in ;
; background_engine:background|tilemap_memory:tilemap|memory~5854 ; Stuck at GND due to stuck port data_in ;
; background_engine:background|tilemap_memory:tilemap|memory~5862 ; Stuck at GND due to stuck port data_in ;
; background_engine:background|tilemap_memory:tilemap|memory~5870 ; Stuck at GND due to stuck port data_in ;
; background_engine:background|tilemap_memory:tilemap|memory~5878 ; Stuck at GND due to stuck port data_in ;
; background_engine:background|tilemap_memory:tilemap|memory~5886 ; Stuck at GND due to stuck port data_in ;
; background_engine:background|tilemap_memory:tilemap|memory~5894 ; Stuck at GND due to stuck port data_in ;
; background_engine:background|tilemap_memory:tilemap|memory~5902 ; Stuck at GND due to stuck port data_in ;
; background_engine:background|tilemap_memory:tilemap|memory~5910 ; Stuck at GND due to stuck port data_in ;
; background_engine:background|tilemap_memory:tilemap|memory~5918 ; Stuck at GND due to stuck port data_in ;
; background_engine:background|tilemap_memory:tilemap|memory~5926 ; Stuck at GND due to stuck port data_in ;
; background_engine:background|tilemap_memory:tilemap|memory~5934 ; Stuck at GND due to stuck port data_in ;
; background_engine:background|tilemap_memory:tilemap|memory~5942 ; Stuck at GND due to stuck port data_in ;
; background_engine:background|tilemap_memory:tilemap|memory~5950 ; Stuck at GND due to stuck port data_in ;
; background_engine:background|tilemap_memory:tilemap|memory~5958 ; Stuck at GND due to stuck port data_in ;
; background_engine:background|tilemap_memory:tilemap|memory~5966 ; Stuck at GND due to stuck port data_in ;
; background_engine:background|tilemap_memory:tilemap|memory~5974 ; Stuck at GND due to stuck port data_in ;
; background_engine:background|tilemap_memory:tilemap|memory~5982 ; Stuck at GND due to stuck port data_in ;
; background_engine:background|tilemap_memory:tilemap|memory~5990 ; Stuck at GND due to stuck port data_in ;
; background_engine:background|tilemap_memory:tilemap|memory~5998 ; Stuck at GND due to stuck port data_in ;
; background_engine:background|tilemap_memory:tilemap|memory~6006 ; Stuck at GND due to stuck port data_in ;
; background_engine:background|tilemap_memory:tilemap|memory~6014 ; Stuck at GND due to stuck port data_in ;
; background_engine:background|tilemap_memory:tilemap|memory~6022 ; Stuck at GND due to stuck port data_in ;
; background_engine:background|tilemap_memory:tilemap|memory~6030 ; Stuck at GND due to stuck port data_in ;
; background_engine:background|tilemap_memory:tilemap|memory~6038 ; Stuck at GND due to stuck port data_in ;
; background_engine:background|tilemap_memory:tilemap|memory~6046 ; Stuck at GND due to stuck port data_in ;
; background_engine:background|tilemap_memory:tilemap|memory~6054 ; Stuck at GND due to stuck port data_in ;
; background_engine:background|tilemap_memory:tilemap|memory~6062 ; Stuck at GND due to stuck port data_in ;
; background_engine:background|tilemap_memory:tilemap|memory~6070 ; Stuck at GND due to stuck port data_in ;
; background_engine:background|tilemap_memory:tilemap|memory~6078 ; Stuck at GND due to stuck port data_in ;
; background_engine:background|tilemap_memory:tilemap|memory~6086 ; Stuck at GND due to stuck port data_in ;
; background_engine:background|tilemap_memory:tilemap|memory~6094 ; Stuck at GND due to stuck port data_in ;
; background_engine:background|tilemap_memory:tilemap|memory~6102 ; Stuck at GND due to stuck port data_in ;
; background_engine:background|tilemap_memory:tilemap|memory~6110 ; Stuck at GND due to stuck port data_in ;
; background_engine:background|tilemap_memory:tilemap|memory~6118 ; Stuck at GND due to stuck port data_in ;
; background_engine:background|tilemap_memory:tilemap|memory~6126 ; Stuck at GND due to stuck port data_in ;
; background_engine:background|tilemap_memory:tilemap|memory~6134 ; Stuck at GND due to stuck port data_in ;
; background_engine:background|tilemap_memory:tilemap|memory~6142 ; Stuck at GND due to stuck port data_in ;
; background_engine:background|tilemap_memory:tilemap|memory~6150 ; Stuck at GND due to stuck port data_in ;
; background_engine:background|tilemap_memory:tilemap|memory~6158 ; Stuck at GND due to stuck port data_in ;
; background_engine:background|tilemap_memory:tilemap|memory~6166 ; Stuck at GND due to stuck port data_in ;
; background_engine:background|tilemap_memory:tilemap|memory~6174 ; Stuck at GND due to stuck port data_in ;
; background_engine:background|tilemap_memory:tilemap|memory~6182 ; Stuck at GND due to stuck port data_in ;
; background_engine:background|tilemap_memory:tilemap|memory~6190 ; Stuck at GND due to stuck port data_in ;
; background_engine:background|tilemap_memory:tilemap|memory~6198 ; Stuck at GND due to stuck port data_in ;
; background_engine:background|tilemap_memory:tilemap|memory~6206 ; Stuck at GND due to stuck port data_in ;
; background_engine:background|tilemap_memory:tilemap|memory~6214 ; Stuck at GND due to stuck port data_in ;
; background_engine:background|tilemap_memory:tilemap|memory~6222 ; Stuck at GND due to stuck port data_in ;
; background_engine:background|tilemap_memory:tilemap|memory~6230 ; Stuck at GND due to stuck port data_in ;
; background_engine:background|tilemap_memory:tilemap|memory~6238 ; Stuck at GND due to stuck port data_in ;
; background_engine:background|tilemap_memory:tilemap|memory~6246 ; Stuck at GND due to stuck port data_in ;
; background_engine:background|tilemap_memory:tilemap|memory~6254 ; Stuck at GND due to stuck port data_in ;
; background_engine:background|tilemap_memory:tilemap|memory~6262 ; Stuck at GND due to stuck port data_in ;
; background_engine:background|tilemap_memory:tilemap|memory~6270 ; Stuck at GND due to stuck port data_in ;
; background_engine:background|tilemap_memory:tilemap|memory~6278 ; Stuck at GND due to stuck port data_in ;
; background_engine:background|tilemap_memory:tilemap|memory~6286 ; Stuck at GND due to stuck port data_in ;
; background_engine:background|tilemap_memory:tilemap|memory~6294 ; Stuck at GND due to stuck port data_in ;
; background_engine:background|tilemap_memory:tilemap|memory~6302 ; Stuck at GND due to stuck port data_in ;
; background_engine:background|tilemap_memory:tilemap|memory~6310 ; Stuck at GND due to stuck port data_in ;
; background_engine:background|tilemap_memory:tilemap|memory~6318 ; Stuck at GND due to stuck port data_in ;
; background_engine:background|tilemap_memory:tilemap|memory~6326 ; Stuck at GND due to stuck port data_in ;
; background_engine:background|tilemap_memory:tilemap|memory~6334 ; Stuck at GND due to stuck port data_in ;
; background_engine:background|tilemap_memory:tilemap|memory~6342 ; Stuck at GND due to stuck port data_in ;
; background_engine:background|tilemap_memory:tilemap|memory~6350 ; Stuck at GND due to stuck port data_in ;
; background_engine:background|tilemap_memory:tilemap|memory~6358 ; Stuck at GND due to stuck port data_in ;
; background_engine:background|tilemap_memory:tilemap|memory~6366 ; Stuck at GND due to stuck port data_in ;
; background_engine:background|tilemap_memory:tilemap|memory~6374 ; Stuck at GND due to stuck port data_in ;
; background_engine:background|tilemap_memory:tilemap|memory~6382 ; Stuck at GND due to stuck port data_in ;
; background_engine:background|tilemap_memory:tilemap|memory~6390 ; Stuck at GND due to stuck port data_in ;
; background_engine:background|tilemap_memory:tilemap|memory~6398 ; Stuck at GND due to stuck port data_in ;
; background_engine:background|tilemap_memory:tilemap|memory~6406 ; Stuck at GND due to stuck port data_in ;
; background_engine:background|tilemap_memory:tilemap|memory~6414 ; Stuck at GND due to stuck port data_in ;
; background_engine:background|tilemap_memory:tilemap|memory~6422 ; Stuck at GND due to stuck port data_in ;
; background_engine:background|tilemap_memory:tilemap|memory~6430 ; Stuck at GND due to stuck port data_in ;
; background_engine:background|tilemap_memory:tilemap|memory~6438 ; Stuck at GND due to stuck port data_in ;
; background_engine:background|tilemap_memory:tilemap|memory~6446 ; Stuck at GND due to stuck port data_in ;
; background_engine:background|tilemap_memory:tilemap|memory~6454 ; Stuck at GND due to stuck port data_in ;
; background_engine:background|tilemap_memory:tilemap|memory~6462 ; Stuck at GND due to stuck port data_in ;
; background_engine:background|tilemap_memory:tilemap|memory~6470 ; Stuck at GND due to stuck port data_in ;
; background_engine:background|tilemap_memory:tilemap|memory~6478 ; Stuck at GND due to stuck port data_in ;
; background_engine:background|tilemap_memory:tilemap|memory~6486 ; Stuck at GND due to stuck port data_in ;
; background_engine:background|tilemap_memory:tilemap|memory~6494 ; Stuck at GND due to stuck port data_in ;
; background_engine:background|tilemap_memory:tilemap|memory~6502 ; Stuck at GND due to stuck port data_in ;
; background_engine:background|tilemap_memory:tilemap|memory~6510 ; Stuck at GND due to stuck port data_in ;
; background_engine:background|tilemap_memory:tilemap|memory~6518 ; Stuck at GND due to stuck port data_in ;
; background_engine:background|tilemap_memory:tilemap|memory~6526 ; Stuck at GND due to stuck port data_in ;
; background_engine:background|tilemap_memory:tilemap|memory~6534 ; Stuck at GND due to stuck port data_in ;
; background_engine:background|tilemap_memory:tilemap|memory~6542 ; Stuck at GND due to stuck port data_in ;
; background_engine:background|tilemap_memory:tilemap|memory~6550 ; Stuck at GND due to stuck port data_in ;
; background_engine:background|tilemap_memory:tilemap|memory~6558 ; Stuck at GND due to stuck port data_in ;
; background_engine:background|tilemap_memory:tilemap|memory~6566 ; Stuck at GND due to stuck port data_in ;
; background_engine:background|tilemap_memory:tilemap|memory~6574 ; Stuck at GND due to stuck port data_in ;
; background_engine:background|tilemap_memory:tilemap|memory~6582 ; Stuck at GND due to stuck port data_in ;
; background_engine:background|tilemap_memory:tilemap|memory~6590 ; Stuck at GND due to stuck port data_in ;
; background_engine:background|tilemap_memory:tilemap|memory~6598 ; Stuck at GND due to stuck port data_in ;
; background_engine:background|tilemap_memory:tilemap|memory~6606 ; Stuck at GND due to stuck port data_in ;
; background_engine:background|tilemap_memory:tilemap|memory~6614 ; Stuck at GND due to stuck port data_in ;
; background_engine:background|tilemap_memory:tilemap|memory~6622 ; Stuck at GND due to stuck port data_in ;
; background_engine:background|tilemap_memory:tilemap|memory~6630 ; Stuck at GND due to stuck port data_in ;
; background_engine:background|tilemap_memory:tilemap|memory~6638 ; Stuck at GND due to stuck port data_in ;
; background_engine:background|tilemap_memory:tilemap|memory~6646 ; Stuck at GND due to stuck port data_in ;
; background_engine:background|tilemap_memory:tilemap|memory~6654 ; Stuck at GND due to stuck port data_in ;
; background_engine:background|tilemap_memory:tilemap|memory~6662 ; Stuck at GND due to stuck port data_in ;
; background_engine:background|tilemap_memory:tilemap|memory~6670 ; Stuck at GND due to stuck port data_in ;
; background_engine:background|tilemap_memory:tilemap|memory~6678 ; Stuck at GND due to stuck port data_in ;
; background_engine:background|tilemap_memory:tilemap|memory~6686 ; Stuck at GND due to stuck port data_in ;
; background_engine:background|tilemap_memory:tilemap|memory~6694 ; Stuck at GND due to stuck port data_in ;
; background_engine:background|tilemap_memory:tilemap|memory~6702 ; Stuck at GND due to stuck port data_in ;
; background_engine:background|tilemap_memory:tilemap|memory~6710 ; Stuck at GND due to stuck port data_in ;
; background_engine:background|tilemap_memory:tilemap|memory~6718 ; Stuck at GND due to stuck port data_in ;
; background_engine:background|tilemap_memory:tilemap|memory~6726 ; Stuck at GND due to stuck port data_in ;
; background_engine:background|tilemap_memory:tilemap|memory~6734 ; Stuck at GND due to stuck port data_in ;
; background_engine:background|tilemap_memory:tilemap|memory~6742 ; Stuck at GND due to stuck port data_in ;
; background_engine:background|tilemap_memory:tilemap|memory~6750 ; Stuck at GND due to stuck port data_in ;
; background_engine:background|tilemap_memory:tilemap|memory~6758 ; Stuck at GND due to stuck port data_in ;
; background_engine:background|tilemap_memory:tilemap|memory~6766 ; Stuck at GND due to stuck port data_in ;
; background_engine:background|tilemap_memory:tilemap|memory~6774 ; Stuck at GND due to stuck port data_in ;
; background_engine:background|tilemap_memory:tilemap|memory~6782 ; Stuck at GND due to stuck port data_in ;
; background_engine:background|tilemap_memory:tilemap|memory~6790 ; Stuck at GND due to stuck port data_in ;
; background_engine:background|tilemap_memory:tilemap|memory~6798 ; Stuck at GND due to stuck port data_in ;
; background_engine:background|tilemap_memory:tilemap|memory~6806 ; Stuck at GND due to stuck port data_in ;
; background_engine:background|tilemap_memory:tilemap|memory~6814 ; Stuck at GND due to stuck port data_in ;
; background_engine:background|tilemap_memory:tilemap|memory~6822 ; Stuck at GND due to stuck port data_in ;
; background_engine:background|tilemap_memory:tilemap|memory~6830 ; Stuck at GND due to stuck port data_in ;
; background_engine:background|tilemap_memory:tilemap|memory~6838 ; Stuck at GND due to stuck port data_in ;
; background_engine:background|tilemap_memory:tilemap|memory~6846 ; Stuck at GND due to stuck port data_in ;
; background_engine:background|tilemap_memory:tilemap|memory~6854 ; Stuck at GND due to stuck port data_in ;
; background_engine:background|tilemap_memory:tilemap|memory~6862 ; Stuck at GND due to stuck port data_in ;
; background_engine:background|tilemap_memory:tilemap|memory~6870 ; Stuck at GND due to stuck port data_in ;
; background_engine:background|tilemap_memory:tilemap|memory~6878 ; Stuck at GND due to stuck port data_in ;
; background_engine:background|tilemap_memory:tilemap|memory~6886 ; Stuck at GND due to stuck port data_in ;
; background_engine:background|tilemap_memory:tilemap|memory~6894 ; Stuck at GND due to stuck port data_in ;
; background_engine:background|tilemap_memory:tilemap|memory~6902 ; Stuck at GND due to stuck port data_in ;
; background_engine:background|tilemap_memory:tilemap|memory~6910 ; Stuck at GND due to stuck port data_in ;
; background_engine:background|tilemap_memory:tilemap|memory~6918 ; Stuck at GND due to stuck port data_in ;
; background_engine:background|tilemap_memory:tilemap|memory~6926 ; Stuck at GND due to stuck port data_in ;
; background_engine:background|tilemap_memory:tilemap|memory~6934 ; Stuck at GND due to stuck port data_in ;
; background_engine:background|tilemap_memory:tilemap|memory~6942 ; Stuck at GND due to stuck port data_in ;
; background_engine:background|tilemap_memory:tilemap|memory~6950 ; Stuck at GND due to stuck port data_in ;
; background_engine:background|tilemap_memory:tilemap|memory~6958 ; Stuck at GND due to stuck port data_in ;
; background_engine:background|tilemap_memory:tilemap|memory~6966 ; Stuck at GND due to stuck port data_in ;
; background_engine:background|tilemap_memory:tilemap|memory~6974 ; Stuck at GND due to stuck port data_in ;
; background_engine:background|tilemap_memory:tilemap|memory~6982 ; Stuck at GND due to stuck port data_in ;
; background_engine:background|tilemap_memory:tilemap|memory~6990 ; Stuck at GND due to stuck port data_in ;
; background_engine:background|tilemap_memory:tilemap|memory~6998 ; Stuck at GND due to stuck port data_in ;
; background_engine:background|tilemap_memory:tilemap|memory~7006 ; Stuck at GND due to stuck port data_in ;
; background_engine:background|tilemap_memory:tilemap|memory~7014 ; Stuck at GND due to stuck port data_in ;
; background_engine:background|tilemap_memory:tilemap|memory~7022 ; Stuck at GND due to stuck port data_in ;
; background_engine:background|tilemap_memory:tilemap|memory~7030 ; Stuck at GND due to stuck port data_in ;
; background_engine:background|tilemap_memory:tilemap|memory~7038 ; Stuck at GND due to stuck port data_in ;
; background_engine:background|tilemap_memory:tilemap|memory~7046 ; Stuck at GND due to stuck port data_in ;
; background_engine:background|tilemap_memory:tilemap|memory~7054 ; Stuck at GND due to stuck port data_in ;
; background_engine:background|tilemap_memory:tilemap|memory~7062 ; Stuck at GND due to stuck port data_in ;
; background_engine:background|tilemap_memory:tilemap|memory~7070 ; Stuck at GND due to stuck port data_in ;
; background_engine:background|tilemap_memory:tilemap|memory~7078 ; Stuck at GND due to stuck port data_in ;
; background_engine:background|tilemap_memory:tilemap|memory~7086 ; Stuck at GND due to stuck port data_in ;
; background_engine:background|tilemap_memory:tilemap|memory~7094 ; Stuck at GND due to stuck port data_in ;
; background_engine:background|tilemap_memory:tilemap|memory~7102 ; Stuck at GND due to stuck port data_in ;
; background_engine:background|tilemap_memory:tilemap|memory~7110 ; Stuck at GND due to stuck port data_in ;
; background_engine:background|tilemap_memory:tilemap|memory~7118 ; Stuck at GND due to stuck port data_in ;
; background_engine:background|tilemap_memory:tilemap|memory~7126 ; Stuck at GND due to stuck port data_in ;
; background_engine:background|tilemap_memory:tilemap|memory~7134 ; Stuck at GND due to stuck port data_in ;
; background_engine:background|tilemap_memory:tilemap|memory~7142 ; Stuck at GND due to stuck port data_in ;
; background_engine:background|tilemap_memory:tilemap|memory~7150 ; Stuck at GND due to stuck port data_in ;
; background_engine:background|tilemap_memory:tilemap|memory~7158 ; Stuck at GND due to stuck port data_in ;
; background_engine:background|tilemap_memory:tilemap|memory~7166 ; Stuck at GND due to stuck port data_in ;
; background_engine:background|tilemap_memory:tilemap|memory~7174 ; Stuck at GND due to stuck port data_in ;
; background_engine:background|tilemap_memory:tilemap|memory~7182 ; Stuck at GND due to stuck port data_in ;
; background_engine:background|tilemap_memory:tilemap|memory~7190 ; Stuck at GND due to stuck port data_in ;
; background_engine:background|tilemap_memory:tilemap|memory~7198 ; Stuck at GND due to stuck port data_in ;
; background_engine:background|tilemap_memory:tilemap|memory~7206 ; Stuck at GND due to stuck port data_in ;
; background_engine:background|tilemap_memory:tilemap|memory~7214 ; Stuck at GND due to stuck port data_in ;
; background_engine:background|tilemap_memory:tilemap|memory~7222 ; Stuck at GND due to stuck port data_in ;
; background_engine:background|tilemap_memory:tilemap|memory~7230 ; Stuck at GND due to stuck port data_in ;
; background_engine:background|tilemap_memory:tilemap|memory~7238 ; Stuck at GND due to stuck port data_in ;
; background_engine:background|tilemap_memory:tilemap|memory~7246 ; Stuck at GND due to stuck port data_in ;
; background_engine:background|tilemap_memory:tilemap|memory~7254 ; Stuck at GND due to stuck port data_in ;
; background_engine:background|tilemap_memory:tilemap|memory~7262 ; Stuck at GND due to stuck port data_in ;
; background_engine:background|tilemap_memory:tilemap|memory~7270 ; Stuck at GND due to stuck port data_in ;
; background_engine:background|tilemap_memory:tilemap|memory~7278 ; Stuck at GND due to stuck port data_in ;
; background_engine:background|tilemap_memory:tilemap|memory~7286 ; Stuck at GND due to stuck port data_in ;
; background_engine:background|tilemap_memory:tilemap|memory~7294 ; Stuck at GND due to stuck port data_in ;
; background_engine:background|tilemap_memory:tilemap|memory~7302 ; Stuck at GND due to stuck port data_in ;
; background_engine:background|tilemap_memory:tilemap|memory~7310 ; Stuck at GND due to stuck port data_in ;
; background_engine:background|tilemap_memory:tilemap|memory~7318 ; Stuck at GND due to stuck port data_in ;
; background_engine:background|tilemap_memory:tilemap|memory~7326 ; Stuck at GND due to stuck port data_in ;
; background_engine:background|tilemap_memory:tilemap|memory~7334 ; Stuck at GND due to stuck port data_in ;
; background_engine:background|tilemap_memory:tilemap|memory~7342 ; Stuck at GND due to stuck port data_in ;
; background_engine:background|tilemap_memory:tilemap|memory~7350 ; Stuck at GND due to stuck port data_in ;
; background_engine:background|tilemap_memory:tilemap|memory~7358 ; Stuck at GND due to stuck port data_in ;
; background_engine:background|tilemap_memory:tilemap|memory~7366 ; Stuck at GND due to stuck port data_in ;
; background_engine:background|tilemap_memory:tilemap|memory~7374 ; Stuck at GND due to stuck port data_in ;
; background_engine:background|tilemap_memory:tilemap|memory~7382 ; Stuck at GND due to stuck port data_in ;
; background_engine:background|tilemap_memory:tilemap|memory~7390 ; Stuck at GND due to stuck port data_in ;
; background_engine:background|tilemap_memory:tilemap|memory~7398 ; Stuck at GND due to stuck port data_in ;
; background_engine:background|tilemap_memory:tilemap|memory~7406 ; Stuck at GND due to stuck port data_in ;
; background_engine:background|tilemap_memory:tilemap|memory~7414 ; Stuck at GND due to stuck port data_in ;
; background_engine:background|tilemap_memory:tilemap|memory~7422 ; Stuck at GND due to stuck port data_in ;
; background_engine:background|tilemap_memory:tilemap|memory~7430 ; Stuck at GND due to stuck port data_in ;
; background_engine:background|tilemap_memory:tilemap|memory~7438 ; Stuck at GND due to stuck port data_in ;
; background_engine:background|tilemap_memory:tilemap|memory~7446 ; Stuck at GND due to stuck port data_in ;
; background_engine:background|tilemap_memory:tilemap|memory~7454 ; Stuck at GND due to stuck port data_in ;
; background_engine:background|tilemap_memory:tilemap|memory~7462 ; Stuck at GND due to stuck port data_in ;
; background_engine:background|tilemap_memory:tilemap|memory~7470 ; Stuck at GND due to stuck port data_in ;
; background_engine:background|tilemap_memory:tilemap|memory~7478 ; Stuck at GND due to stuck port data_in ;
; background_engine:background|tilemap_memory:tilemap|memory~7486 ; Stuck at GND due to stuck port data_in ;
; background_engine:background|tilemap_memory:tilemap|memory~7494 ; Stuck at GND due to stuck port data_in ;
; background_engine:background|tilemap_memory:tilemap|memory~7502 ; Stuck at GND due to stuck port data_in ;
; background_engine:background|tilemap_memory:tilemap|memory~7510 ; Stuck at GND due to stuck port data_in ;
; background_engine:background|tilemap_memory:tilemap|memory~7518 ; Stuck at GND due to stuck port data_in ;
; background_engine:background|tilemap_memory:tilemap|memory~7526 ; Stuck at GND due to stuck port data_in ;
; background_engine:background|tilemap_memory:tilemap|memory~7534 ; Stuck at GND due to stuck port data_in ;
; background_engine:background|tilemap_memory:tilemap|memory~7542 ; Stuck at GND due to stuck port data_in ;
; background_engine:background|tilemap_memory:tilemap|memory~7550 ; Stuck at GND due to stuck port data_in ;
; background_engine:background|tilemap_memory:tilemap|memory~7558 ; Stuck at GND due to stuck port data_in ;
; background_engine:background|tilemap_memory:tilemap|memory~7566 ; Stuck at GND due to stuck port data_in ;
; background_engine:background|tilemap_memory:tilemap|memory~7574 ; Stuck at GND due to stuck port data_in ;
; background_engine:background|tilemap_memory:tilemap|memory~7582 ; Stuck at GND due to stuck port data_in ;
; background_engine:background|tilemap_memory:tilemap|memory~7590 ; Stuck at GND due to stuck port data_in ;
; background_engine:background|tilemap_memory:tilemap|memory~7598 ; Stuck at GND due to stuck port data_in ;
; background_engine:background|tilemap_memory:tilemap|memory~7606 ; Stuck at GND due to stuck port data_in ;
; background_engine:background|tilemap_memory:tilemap|memory~7614 ; Stuck at GND due to stuck port data_in ;
; background_engine:background|tilemap_memory:tilemap|memory~7622 ; Stuck at GND due to stuck port data_in ;
; background_engine:background|tilemap_memory:tilemap|memory~7630 ; Stuck at GND due to stuck port data_in ;
; background_engine:background|tilemap_memory:tilemap|memory~7638 ; Stuck at GND due to stuck port data_in ;
; background_engine:background|tilemap_memory:tilemap|memory~7646 ; Stuck at GND due to stuck port data_in ;
; background_engine:background|tilemap_memory:tilemap|memory~7654 ; Stuck at GND due to stuck port data_in ;
; background_engine:background|tilemap_memory:tilemap|memory~7662 ; Stuck at GND due to stuck port data_in ;
; background_engine:background|tilemap_memory:tilemap|memory~7670 ; Stuck at GND due to stuck port data_in ;
; background_engine:background|tilemap_memory:tilemap|memory~7678 ; Stuck at GND due to stuck port data_in ;
; background_engine:background|tilemap_memory:tilemap|memory~7686 ; Stuck at GND due to stuck port data_in ;
; background_engine:background|tilemap_memory:tilemap|memory~7694 ; Stuck at GND due to stuck port data_in ;
; background_engine:background|tilemap_memory:tilemap|memory~7702 ; Stuck at GND due to stuck port data_in ;
; background_engine:background|tilemap_memory:tilemap|memory~7710 ; Stuck at GND due to stuck port data_in ;
; background_engine:background|tilemap_memory:tilemap|memory~7718 ; Stuck at GND due to stuck port data_in ;
; background_engine:background|tilemap_memory:tilemap|memory~7726 ; Stuck at GND due to stuck port data_in ;
; background_engine:background|tilemap_memory:tilemap|memory~7734 ; Stuck at GND due to stuck port data_in ;
; background_engine:background|tilemap_memory:tilemap|memory~7742 ; Stuck at GND due to stuck port data_in ;
; background_engine:background|tilemap_memory:tilemap|memory~7750 ; Stuck at GND due to stuck port data_in ;
; background_engine:background|tilemap_memory:tilemap|memory~7758 ; Stuck at GND due to stuck port data_in ;
; background_engine:background|tilemap_memory:tilemap|memory~7766 ; Stuck at GND due to stuck port data_in ;
; background_engine:background|tilemap_memory:tilemap|memory~7774 ; Stuck at GND due to stuck port data_in ;
; background_engine:background|tilemap_memory:tilemap|memory~7782 ; Stuck at GND due to stuck port data_in ;
; background_engine:background|tilemap_memory:tilemap|memory~7790 ; Stuck at GND due to stuck port data_in ;
; background_engine:background|tilemap_memory:tilemap|memory~7798 ; Stuck at GND due to stuck port data_in ;
; background_engine:background|tilemap_memory:tilemap|memory~7806 ; Stuck at GND due to stuck port data_in ;
; background_engine:background|tilemap_memory:tilemap|memory~7814 ; Stuck at GND due to stuck port data_in ;
; background_engine:background|tilemap_memory:tilemap|memory~7822 ; Stuck at GND due to stuck port data_in ;
; background_engine:background|tilemap_memory:tilemap|memory~7830 ; Stuck at GND due to stuck port data_in ;
; background_engine:background|tilemap_memory:tilemap|memory~7838 ; Stuck at GND due to stuck port data_in ;
; background_engine:background|tilemap_memory:tilemap|memory~7846 ; Stuck at GND due to stuck port data_in ;
; background_engine:background|tilemap_memory:tilemap|memory~7854 ; Stuck at GND due to stuck port data_in ;
; background_engine:background|tilemap_memory:tilemap|memory~7862 ; Stuck at GND due to stuck port data_in ;
; background_engine:background|tilemap_memory:tilemap|memory~7870 ; Stuck at GND due to stuck port data_in ;
; background_engine:background|tilemap_memory:tilemap|memory~7878 ; Stuck at GND due to stuck port data_in ;
; background_engine:background|tilemap_memory:tilemap|memory~7886 ; Stuck at GND due to stuck port data_in ;
; background_engine:background|tilemap_memory:tilemap|memory~7894 ; Stuck at GND due to stuck port data_in ;
; background_engine:background|tilemap_memory:tilemap|memory~7902 ; Stuck at GND due to stuck port data_in ;
; background_engine:background|tilemap_memory:tilemap|memory~7910 ; Stuck at GND due to stuck port data_in ;
; background_engine:background|tilemap_memory:tilemap|memory~7918 ; Stuck at GND due to stuck port data_in ;
; background_engine:background|tilemap_memory:tilemap|memory~7926 ; Stuck at GND due to stuck port data_in ;
; background_engine:background|tilemap_memory:tilemap|memory~7934 ; Stuck at GND due to stuck port data_in ;
; background_engine:background|tilemap_memory:tilemap|memory~7942 ; Stuck at GND due to stuck port data_in ;
; background_engine:background|tilemap_memory:tilemap|memory~7950 ; Stuck at GND due to stuck port data_in ;
; background_engine:background|tilemap_memory:tilemap|memory~7958 ; Stuck at GND due to stuck port data_in ;
; background_engine:background|tilemap_memory:tilemap|memory~7966 ; Stuck at GND due to stuck port data_in ;
; background_engine:background|tilemap_memory:tilemap|memory~7974 ; Stuck at GND due to stuck port data_in ;
; background_engine:background|tilemap_memory:tilemap|memory~7982 ; Stuck at GND due to stuck port data_in ;
; background_engine:background|tilemap_memory:tilemap|memory~7990 ; Stuck at GND due to stuck port data_in ;
; background_engine:background|tilemap_memory:tilemap|memory~7998 ; Stuck at GND due to stuck port data_in ;
; background_engine:background|tilemap_memory:tilemap|memory~8006 ; Stuck at GND due to stuck port data_in ;
; background_engine:background|tilemap_memory:tilemap|memory~8014 ; Stuck at GND due to stuck port data_in ;
; background_engine:background|tilemap_memory:tilemap|memory~8022 ; Stuck at GND due to stuck port data_in ;
; background_engine:background|tilemap_memory:tilemap|memory~8030 ; Stuck at GND due to stuck port data_in ;
; background_engine:background|tilemap_memory:tilemap|memory~8038 ; Stuck at GND due to stuck port data_in ;
; background_engine:background|tilemap_memory:tilemap|memory~8046 ; Stuck at GND due to stuck port data_in ;
; background_engine:background|tilemap_memory:tilemap|memory~8054 ; Stuck at GND due to stuck port data_in ;
; background_engine:background|tilemap_memory:tilemap|memory~8062 ; Stuck at GND due to stuck port data_in ;
; background_engine:background|tilemap_memory:tilemap|memory~8070 ; Stuck at GND due to stuck port data_in ;
; background_engine:background|tilemap_memory:tilemap|memory~8078 ; Stuck at GND due to stuck port data_in ;
; background_engine:background|tilemap_memory:tilemap|memory~8086 ; Stuck at GND due to stuck port data_in ;
; background_engine:background|tilemap_memory:tilemap|memory~8094 ; Stuck at GND due to stuck port data_in ;
; background_engine:background|tilemap_memory:tilemap|memory~8102 ; Stuck at GND due to stuck port data_in ;
; background_engine:background|tilemap_memory:tilemap|memory~8110 ; Stuck at GND due to stuck port data_in ;
; background_engine:background|tilemap_memory:tilemap|memory~8118 ; Stuck at GND due to stuck port data_in ;
; background_engine:background|tilemap_memory:tilemap|memory~8126 ; Stuck at GND due to stuck port data_in ;
; background_engine:background|tilemap_memory:tilemap|memory~8134 ; Stuck at GND due to stuck port data_in ;
; background_engine:background|tilemap_memory:tilemap|memory~8142 ; Stuck at GND due to stuck port data_in ;
; background_engine:background|tilemap_memory:tilemap|memory~8150 ; Stuck at GND due to stuck port data_in ;
; background_engine:background|tilemap_memory:tilemap|memory~8158 ; Stuck at GND due to stuck port data_in ;
; background_engine:background|tilemap_memory:tilemap|memory~8166 ; Stuck at GND due to stuck port data_in ;
; background_engine:background|tilemap_memory:tilemap|memory~8174 ; Stuck at GND due to stuck port data_in ;
; background_engine:background|tilemap_memory:tilemap|memory~8182 ; Stuck at GND due to stuck port data_in ;
; background_engine:background|tilemap_memory:tilemap|memory~8190 ; Stuck at GND due to stuck port data_in ;
; background_engine:background|tilemap_memory:tilemap|memory~8198 ; Stuck at GND due to stuck port data_in ;
; background_engine:background|tilemap_memory:tilemap|memory~8206 ; Stuck at GND due to stuck port data_in ;
; background_engine:background|tilemap_memory:tilemap|memory~8214 ; Stuck at GND due to stuck port data_in ;
; background_engine:background|tilemap_memory:tilemap|memory~8222 ; Stuck at GND due to stuck port data_in ;
; background_engine:background|tilemap_memory:tilemap|memory~8230 ; Stuck at GND due to stuck port data_in ;
; background_engine:background|tilemap_memory:tilemap|memory~8238 ; Stuck at GND due to stuck port data_in ;
; background_engine:background|tilemap_memory:tilemap|memory~8246 ; Stuck at GND due to stuck port data_in ;
; background_engine:background|tilemap_memory:tilemap|memory~8254 ; Stuck at GND due to stuck port data_in ;
; background_engine:background|tilemap_memory:tilemap|memory~8262 ; Stuck at GND due to stuck port data_in ;
; background_engine:background|tilemap_memory:tilemap|memory~8270 ; Stuck at GND due to stuck port data_in ;
; background_engine:background|tilemap_memory:tilemap|memory~8278 ; Stuck at GND due to stuck port data_in ;
; background_engine:background|tilemap_memory:tilemap|memory~8286 ; Stuck at GND due to stuck port data_in ;
; background_engine:background|tilemap_memory:tilemap|memory~8294 ; Stuck at GND due to stuck port data_in ;
; background_engine:background|tilemap_memory:tilemap|memory~8302 ; Stuck at GND due to stuck port data_in ;
; background_engine:background|tilemap_memory:tilemap|memory~8310 ; Stuck at GND due to stuck port data_in ;
; background_engine:background|tilemap_memory:tilemap|memory~8318 ; Stuck at GND due to stuck port data_in ;
; background_engine:background|tilemap_memory:tilemap|memory~8326 ; Stuck at GND due to stuck port data_in ;
; background_engine:background|tilemap_memory:tilemap|memory~8334 ; Stuck at GND due to stuck port data_in ;
; background_engine:background|tilemap_memory:tilemap|memory~8342 ; Stuck at GND due to stuck port data_in ;
; background_engine:background|tilemap_memory:tilemap|memory~8350 ; Stuck at GND due to stuck port data_in ;
; background_engine:background|tilemap_memory:tilemap|memory~8358 ; Stuck at GND due to stuck port data_in ;
; background_engine:background|tilemap_memory:tilemap|memory~8366 ; Stuck at GND due to stuck port data_in ;
; background_engine:background|tilemap_memory:tilemap|memory~8374 ; Stuck at GND due to stuck port data_in ;
; background_engine:background|tilemap_memory:tilemap|memory~8382 ; Stuck at GND due to stuck port data_in ;
; background_engine:background|tilemap_memory:tilemap|memory~8390 ; Stuck at GND due to stuck port data_in ;
; background_engine:background|tilemap_memory:tilemap|memory~8398 ; Stuck at GND due to stuck port data_in ;
; background_engine:background|tilemap_memory:tilemap|memory~8406 ; Stuck at GND due to stuck port data_in ;
; background_engine:background|tilemap_memory:tilemap|memory~8414 ; Stuck at GND due to stuck port data_in ;
; background_engine:background|tilemap_memory:tilemap|memory~8422 ; Stuck at GND due to stuck port data_in ;
; background_engine:background|tilemap_memory:tilemap|memory~8430 ; Stuck at GND due to stuck port data_in ;
; background_engine:background|tilemap_memory:tilemap|memory~8438 ; Stuck at GND due to stuck port data_in ;
; background_engine:background|tilemap_memory:tilemap|memory~8446 ; Stuck at GND due to stuck port data_in ;
; background_engine:background|tilemap_memory:tilemap|memory~8454 ; Stuck at GND due to stuck port data_in ;
; background_engine:background|tilemap_memory:tilemap|memory~8462 ; Stuck at GND due to stuck port data_in ;
; background_engine:background|tilemap_memory:tilemap|memory~8470 ; Stuck at GND due to stuck port data_in ;
; background_engine:background|tilemap_memory:tilemap|memory~8478 ; Stuck at GND due to stuck port data_in ;
; background_engine:background|tilemap_memory:tilemap|memory~8486 ; Stuck at GND due to stuck port data_in ;
; background_engine:background|tilemap_memory:tilemap|memory~8494 ; Stuck at GND due to stuck port data_in ;
; background_engine:background|tilemap_memory:tilemap|memory~8502 ; Stuck at GND due to stuck port data_in ;
; background_engine:background|tilemap_memory:tilemap|memory~8510 ; Stuck at GND due to stuck port data_in ;
; background_engine:background|tilemap_memory:tilemap|memory~8518 ; Stuck at GND due to stuck port data_in ;
; background_engine:background|tilemap_memory:tilemap|memory~8526 ; Stuck at GND due to stuck port data_in ;
; background_engine:background|tilemap_memory:tilemap|memory~8534 ; Stuck at GND due to stuck port data_in ;
; background_engine:background|tilemap_memory:tilemap|memory~8542 ; Stuck at GND due to stuck port data_in ;
; background_engine:background|tilemap_memory:tilemap|memory~8550 ; Stuck at GND due to stuck port data_in ;
; background_engine:background|tilemap_memory:tilemap|memory~8558 ; Stuck at GND due to stuck port data_in ;
; background_engine:background|tilemap_memory:tilemap|memory~8566 ; Stuck at GND due to stuck port data_in ;
; background_engine:background|tilemap_memory:tilemap|memory~8574 ; Stuck at GND due to stuck port data_in ;
; background_engine:background|tilemap_memory:tilemap|memory~8582 ; Stuck at GND due to stuck port data_in ;
; background_engine:background|tilemap_memory:tilemap|memory~8590 ; Stuck at GND due to stuck port data_in ;
; background_engine:background|tilemap_memory:tilemap|memory~8598 ; Stuck at GND due to stuck port data_in ;
; background_engine:background|tilemap_memory:tilemap|memory~8606 ; Stuck at GND due to stuck port data_in ;
; background_engine:background|tilemap_memory:tilemap|memory~8614 ; Stuck at GND due to stuck port data_in ;
; background_engine:background|tilemap_memory:tilemap|memory~8622 ; Stuck at GND due to stuck port data_in ;
; background_engine:background|tilemap_memory:tilemap|memory~8630 ; Stuck at GND due to stuck port data_in ;
; background_engine:background|tilemap_memory:tilemap|memory~8638 ; Stuck at GND due to stuck port data_in ;
; background_engine:background|tilemap_memory:tilemap|memory~8646 ; Stuck at GND due to stuck port data_in ;
; background_engine:background|tilemap_memory:tilemap|memory~8654 ; Stuck at GND due to stuck port data_in ;
; background_engine:background|tilemap_memory:tilemap|memory~8662 ; Stuck at GND due to stuck port data_in ;
; background_engine:background|tilemap_memory:tilemap|memory~8670 ; Stuck at GND due to stuck port data_in ;
; background_engine:background|tilemap_memory:tilemap|memory~8678 ; Stuck at GND due to stuck port data_in ;
; background_engine:background|tilemap_memory:tilemap|memory~8686 ; Stuck at GND due to stuck port data_in ;
; background_engine:background|tilemap_memory:tilemap|memory~8694 ; Stuck at GND due to stuck port data_in ;
; background_engine:background|tilemap_memory:tilemap|memory~8702 ; Stuck at GND due to stuck port data_in ;
; background_engine:background|tilemap_memory:tilemap|memory~8710 ; Stuck at GND due to stuck port data_in ;
; background_engine:background|tilemap_memory:tilemap|memory~8718 ; Stuck at GND due to stuck port data_in ;
; background_engine:background|tilemap_memory:tilemap|memory~8726 ; Stuck at GND due to stuck port data_in ;
; background_engine:background|tilemap_memory:tilemap|memory~8734 ; Stuck at GND due to stuck port data_in ;
; background_engine:background|tilemap_memory:tilemap|memory~8742 ; Stuck at GND due to stuck port data_in ;
; background_engine:background|tilemap_memory:tilemap|memory~8750 ; Stuck at GND due to stuck port data_in ;
; background_engine:background|tilemap_memory:tilemap|memory~8758 ; Stuck at GND due to stuck port data_in ;
; background_engine:background|tilemap_memory:tilemap|memory~8766 ; Stuck at GND due to stuck port data_in ;
; background_engine:background|tilemap_memory:tilemap|memory~8774 ; Stuck at GND due to stuck port data_in ;
; background_engine:background|tilemap_memory:tilemap|memory~8782 ; Stuck at GND due to stuck port data_in ;
; background_engine:background|tilemap_memory:tilemap|memory~8790 ; Stuck at GND due to stuck port data_in ;
; background_engine:background|tilemap_memory:tilemap|memory~8798 ; Stuck at GND due to stuck port data_in ;
; background_engine:background|tilemap_memory:tilemap|memory~8806 ; Stuck at GND due to stuck port data_in ;
; background_engine:background|tilemap_memory:tilemap|memory~8814 ; Stuck at GND due to stuck port data_in ;
; background_engine:background|tilemap_memory:tilemap|memory~8822 ; Stuck at GND due to stuck port data_in ;
; background_engine:background|tilemap_memory:tilemap|memory~8830 ; Stuck at GND due to stuck port data_in ;
; background_engine:background|tilemap_memory:tilemap|memory~8838 ; Stuck at GND due to stuck port data_in ;
; background_engine:background|tilemap_memory:tilemap|memory~8846 ; Stuck at GND due to stuck port data_in ;
; background_engine:background|tilemap_memory:tilemap|memory~8854 ; Stuck at GND due to stuck port data_in ;
; background_engine:background|tilemap_memory:tilemap|memory~8862 ; Stuck at GND due to stuck port data_in ;
; background_engine:background|tilemap_memory:tilemap|memory~8870 ; Stuck at GND due to stuck port data_in ;
; background_engine:background|tilemap_memory:tilemap|memory~8878 ; Stuck at GND due to stuck port data_in ;
; background_engine:background|tilemap_memory:tilemap|memory~8886 ; Stuck at GND due to stuck port data_in ;
; background_engine:background|tilemap_memory:tilemap|memory~8894 ; Stuck at GND due to stuck port data_in ;
; background_engine:background|tilemap_memory:tilemap|memory~8902 ; Stuck at GND due to stuck port data_in ;
; background_engine:background|tilemap_memory:tilemap|memory~8910 ; Stuck at GND due to stuck port data_in ;
; background_engine:background|tilemap_memory:tilemap|memory~8918 ; Stuck at GND due to stuck port data_in ;
; background_engine:background|tilemap_memory:tilemap|memory~8926 ; Stuck at GND due to stuck port data_in ;
; background_engine:background|tilemap_memory:tilemap|memory~8934 ; Stuck at GND due to stuck port data_in ;
; background_engine:background|tilemap_memory:tilemap|memory~8942 ; Stuck at GND due to stuck port data_in ;
; background_engine:background|tilemap_memory:tilemap|memory~8950 ; Stuck at GND due to stuck port data_in ;
; background_engine:background|tilemap_memory:tilemap|memory~8958 ; Stuck at GND due to stuck port data_in ;
; background_engine:background|tilemap_memory:tilemap|memory~8966 ; Stuck at GND due to stuck port data_in ;
; background_engine:background|tilemap_memory:tilemap|memory~8974 ; Stuck at GND due to stuck port data_in ;
; background_engine:background|tilemap_memory:tilemap|memory~8982 ; Stuck at GND due to stuck port data_in ;
; background_engine:background|tilemap_memory:tilemap|memory~8990 ; Stuck at GND due to stuck port data_in ;
; background_engine:background|tilemap_memory:tilemap|memory~8998 ; Stuck at GND due to stuck port data_in ;
; background_engine:background|tilemap_memory:tilemap|memory~9006 ; Stuck at GND due to stuck port data_in ;
; background_engine:background|tilemap_memory:tilemap|memory~9014 ; Stuck at GND due to stuck port data_in ;
; background_engine:background|tilemap_memory:tilemap|memory~9022 ; Stuck at GND due to stuck port data_in ;
; background_engine:background|tilemap_memory:tilemap|memory~9030 ; Stuck at GND due to stuck port data_in ;
; background_engine:background|tilemap_memory:tilemap|memory~9038 ; Stuck at GND due to stuck port data_in ;
; background_engine:background|tilemap_memory:tilemap|memory~9046 ; Stuck at GND due to stuck port data_in ;
; background_engine:background|tilemap_memory:tilemap|memory~9054 ; Stuck at GND due to stuck port data_in ;
; background_engine:background|tilemap_memory:tilemap|memory~9062 ; Stuck at GND due to stuck port data_in ;
; background_engine:background|tilemap_memory:tilemap|memory~9070 ; Stuck at GND due to stuck port data_in ;
; background_engine:background|tilemap_memory:tilemap|memory~9078 ; Stuck at GND due to stuck port data_in ;
; background_engine:background|tilemap_memory:tilemap|memory~9086 ; Stuck at GND due to stuck port data_in ;
; background_engine:background|tilemap_memory:tilemap|memory~9094 ; Stuck at GND due to stuck port data_in ;
; background_engine:background|tilemap_memory:tilemap|memory~9102 ; Stuck at GND due to stuck port data_in ;
; background_engine:background|tilemap_memory:tilemap|memory~9110 ; Stuck at GND due to stuck port data_in ;
; background_engine:background|tilemap_memory:tilemap|memory~9118 ; Stuck at GND due to stuck port data_in ;
; background_engine:background|tilemap_memory:tilemap|memory~9126 ; Stuck at GND due to stuck port data_in ;
; background_engine:background|tilemap_memory:tilemap|memory~9134 ; Stuck at GND due to stuck port data_in ;
; background_engine:background|tilemap_memory:tilemap|memory~9142 ; Stuck at GND due to stuck port data_in ;
; background_engine:background|tilemap_memory:tilemap|memory~9150 ; Stuck at GND due to stuck port data_in ;
; background_engine:background|tilemap_memory:tilemap|memory~9158 ; Stuck at GND due to stuck port data_in ;
; background_engine:background|tilemap_memory:tilemap|memory~9174 ; Stuck at GND due to stuck port data_in ;
; background_engine:background|tilemap_memory:tilemap|memory~9182 ; Stuck at GND due to stuck port data_in ;
; background_engine:background|tilemap_memory:tilemap|memory~9190 ; Stuck at GND due to stuck port data_in ;
; background_engine:background|tilemap_memory:tilemap|memory~9198 ; Stuck at GND due to stuck port data_in ;
; background_engine:background|tilemap_memory:tilemap|memory~9206 ; Stuck at GND due to stuck port data_in ;
; background_engine:background|tilemap_memory:tilemap|memory~9214 ; Stuck at GND due to stuck port data_in ;
; background_engine:background|tilemap_memory:tilemap|memory~9222 ; Stuck at GND due to stuck port data_in ;
; background_engine:background|tilemap_memory:tilemap|memory~9230 ; Stuck at GND due to stuck port data_in ;
; background_engine:background|tilemap_memory:tilemap|memory~9238 ; Stuck at GND due to stuck port data_in ;
; background_engine:background|tilemap_memory:tilemap|memory~9246 ; Stuck at GND due to stuck port data_in ;
; background_engine:background|tilemap_memory:tilemap|memory~9254 ; Stuck at GND due to stuck port data_in ;
; background_engine:background|tilemap_memory:tilemap|memory~9262 ; Stuck at GND due to stuck port data_in ;
; background_engine:background|tilemap_memory:tilemap|memory~9270 ; Stuck at GND due to stuck port data_in ;
; background_engine:background|tilemap_memory:tilemap|memory~9278 ; Stuck at GND due to stuck port data_in ;
; background_engine:background|tilemap_memory:tilemap|memory~7    ; Stuck at GND due to stuck port data_in ;
; background_engine:background|tilemap_memory:tilemap|memory~15   ; Stuck at GND due to stuck port data_in ;
; background_engine:background|tilemap_memory:tilemap|memory~23   ; Stuck at GND due to stuck port data_in ;
; background_engine:background|tilemap_memory:tilemap|memory~31   ; Stuck at GND due to stuck port data_in ;
; background_engine:background|tilemap_memory:tilemap|memory~39   ; Stuck at GND due to stuck port data_in ;
; background_engine:background|tilemap_memory:tilemap|memory~47   ; Stuck at GND due to stuck port data_in ;
; background_engine:background|tilemap_memory:tilemap|memory~55   ; Stuck at GND due to stuck port data_in ;
; background_engine:background|tilemap_memory:tilemap|memory~63   ; Stuck at GND due to stuck port data_in ;
; background_engine:background|tilemap_memory:tilemap|memory~71   ; Stuck at GND due to stuck port data_in ;
; background_engine:background|tilemap_memory:tilemap|memory~79   ; Stuck at GND due to stuck port data_in ;
; background_engine:background|tilemap_memory:tilemap|memory~87   ; Stuck at GND due to stuck port data_in ;
; background_engine:background|tilemap_memory:tilemap|memory~95   ; Stuck at GND due to stuck port data_in ;
; background_engine:background|tilemap_memory:tilemap|memory~103  ; Stuck at GND due to stuck port data_in ;
; background_engine:background|tilemap_memory:tilemap|memory~111  ; Stuck at GND due to stuck port data_in ;
; background_engine:background|tilemap_memory:tilemap|memory~119  ; Stuck at GND due to stuck port data_in ;
; background_engine:background|tilemap_memory:tilemap|memory~127  ; Stuck at GND due to stuck port data_in ;
; background_engine:background|tilemap_memory:tilemap|memory~135  ; Stuck at GND due to stuck port data_in ;
; background_engine:background|tilemap_memory:tilemap|memory~143  ; Stuck at GND due to stuck port data_in ;
; background_engine:background|tilemap_memory:tilemap|memory~151  ; Stuck at GND due to stuck port data_in ;
; background_engine:background|tilemap_memory:tilemap|memory~159  ; Stuck at GND due to stuck port data_in ;
; background_engine:background|tilemap_memory:tilemap|memory~167  ; Stuck at GND due to stuck port data_in ;
; background_engine:background|tilemap_memory:tilemap|memory~175  ; Stuck at GND due to stuck port data_in ;
; background_engine:background|tilemap_memory:tilemap|memory~183  ; Stuck at GND due to stuck port data_in ;
; background_engine:background|tilemap_memory:tilemap|memory~191  ; Stuck at GND due to stuck port data_in ;
; background_engine:background|tilemap_memory:tilemap|memory~199  ; Stuck at GND due to stuck port data_in ;
; background_engine:background|tilemap_memory:tilemap|memory~207  ; Stuck at GND due to stuck port data_in ;
; background_engine:background|tilemap_memory:tilemap|memory~215  ; Stuck at GND due to stuck port data_in ;
; background_engine:background|tilemap_memory:tilemap|memory~223  ; Stuck at GND due to stuck port data_in ;
; background_engine:background|tilemap_memory:tilemap|memory~231  ; Stuck at GND due to stuck port data_in ;
; background_engine:background|tilemap_memory:tilemap|memory~239  ; Stuck at GND due to stuck port data_in ;
; background_engine:background|tilemap_memory:tilemap|memory~247  ; Stuck at GND due to stuck port data_in ;
; background_engine:background|tilemap_memory:tilemap|memory~255  ; Stuck at GND due to stuck port data_in ;
; background_engine:background|tilemap_memory:tilemap|memory~263  ; Stuck at GND due to stuck port data_in ;
; background_engine:background|tilemap_memory:tilemap|memory~271  ; Stuck at GND due to stuck port data_in ;
; background_engine:background|tilemap_memory:tilemap|memory~279  ; Stuck at GND due to stuck port data_in ;
; background_engine:background|tilemap_memory:tilemap|memory~287  ; Stuck at GND due to stuck port data_in ;
; background_engine:background|tilemap_memory:tilemap|memory~295  ; Stuck at GND due to stuck port data_in ;
; background_engine:background|tilemap_memory:tilemap|memory~303  ; Stuck at GND due to stuck port data_in ;
; background_engine:background|tilemap_memory:tilemap|memory~311  ; Stuck at GND due to stuck port data_in ;
; background_engine:background|tilemap_memory:tilemap|memory~319  ; Stuck at GND due to stuck port data_in ;
; background_engine:background|tilemap_memory:tilemap|memory~327  ; Stuck at GND due to stuck port data_in ;
; background_engine:background|tilemap_memory:tilemap|memory~335  ; Stuck at GND due to stuck port data_in ;
; background_engine:background|tilemap_memory:tilemap|memory~343  ; Stuck at GND due to stuck port data_in ;
; background_engine:background|tilemap_memory:tilemap|memory~351  ; Stuck at GND due to stuck port data_in ;
; background_engine:background|tilemap_memory:tilemap|memory~359  ; Stuck at GND due to stuck port data_in ;
; background_engine:background|tilemap_memory:tilemap|memory~367  ; Stuck at GND due to stuck port data_in ;
; background_engine:background|tilemap_memory:tilemap|memory~375  ; Stuck at GND due to stuck port data_in ;
; background_engine:background|tilemap_memory:tilemap|memory~383  ; Stuck at GND due to stuck port data_in ;
; background_engine:background|tilemap_memory:tilemap|memory~391  ; Stuck at GND due to stuck port data_in ;
; background_engine:background|tilemap_memory:tilemap|memory~399  ; Stuck at GND due to stuck port data_in ;
; background_engine:background|tilemap_memory:tilemap|memory~407  ; Stuck at GND due to stuck port data_in ;
; background_engine:background|tilemap_memory:tilemap|memory~415  ; Stuck at GND due to stuck port data_in ;
; background_engine:background|tilemap_memory:tilemap|memory~423  ; Stuck at GND due to stuck port data_in ;
; background_engine:background|tilemap_memory:tilemap|memory~431  ; Stuck at GND due to stuck port data_in ;
; background_engine:background|tilemap_memory:tilemap|memory~439  ; Stuck at GND due to stuck port data_in ;
; background_engine:background|tilemap_memory:tilemap|memory~447  ; Stuck at GND due to stuck port data_in ;
; background_engine:background|tilemap_memory:tilemap|memory~455  ; Stuck at GND due to stuck port data_in ;
; background_engine:background|tilemap_memory:tilemap|memory~463  ; Stuck at GND due to stuck port data_in ;
; background_engine:background|tilemap_memory:tilemap|memory~471  ; Stuck at GND due to stuck port data_in ;
; background_engine:background|tilemap_memory:tilemap|memory~479  ; Stuck at GND due to stuck port data_in ;
; background_engine:background|tilemap_memory:tilemap|memory~487  ; Stuck at GND due to stuck port data_in ;
; background_engine:background|tilemap_memory:tilemap|memory~495  ; Stuck at GND due to stuck port data_in ;
; background_engine:background|tilemap_memory:tilemap|memory~503  ; Stuck at GND due to stuck port data_in ;
; background_engine:background|tilemap_memory:tilemap|memory~511  ; Stuck at GND due to stuck port data_in ;
; background_engine:background|tilemap_memory:tilemap|memory~519  ; Stuck at GND due to stuck port data_in ;
; background_engine:background|tilemap_memory:tilemap|memory~527  ; Stuck at GND due to stuck port data_in ;
; background_engine:background|tilemap_memory:tilemap|memory~535  ; Stuck at GND due to stuck port data_in ;
; background_engine:background|tilemap_memory:tilemap|memory~543  ; Stuck at GND due to stuck port data_in ;
; background_engine:background|tilemap_memory:tilemap|memory~551  ; Stuck at GND due to stuck port data_in ;
; background_engine:background|tilemap_memory:tilemap|memory~559  ; Stuck at GND due to stuck port data_in ;
; background_engine:background|tilemap_memory:tilemap|memory~567  ; Stuck at GND due to stuck port data_in ;
; background_engine:background|tilemap_memory:tilemap|memory~575  ; Stuck at GND due to stuck port data_in ;
; background_engine:background|tilemap_memory:tilemap|memory~583  ; Stuck at GND due to stuck port data_in ;
; background_engine:background|tilemap_memory:tilemap|memory~591  ; Stuck at GND due to stuck port data_in ;
; background_engine:background|tilemap_memory:tilemap|memory~599  ; Stuck at GND due to stuck port data_in ;
; background_engine:background|tilemap_memory:tilemap|memory~607  ; Stuck at GND due to stuck port data_in ;
; background_engine:background|tilemap_memory:tilemap|memory~615  ; Stuck at GND due to stuck port data_in ;
; background_engine:background|tilemap_memory:tilemap|memory~623  ; Stuck at GND due to stuck port data_in ;
; background_engine:background|tilemap_memory:tilemap|memory~631  ; Stuck at GND due to stuck port data_in ;
; background_engine:background|tilemap_memory:tilemap|memory~639  ; Stuck at GND due to stuck port data_in ;
; background_engine:background|tilemap_memory:tilemap|memory~647  ; Stuck at GND due to stuck port data_in ;
; background_engine:background|tilemap_memory:tilemap|memory~655  ; Stuck at GND due to stuck port data_in ;
; background_engine:background|tilemap_memory:tilemap|memory~663  ; Stuck at GND due to stuck port data_in ;
; background_engine:background|tilemap_memory:tilemap|memory~671  ; Stuck at GND due to stuck port data_in ;
; background_engine:background|tilemap_memory:tilemap|memory~679  ; Stuck at GND due to stuck port data_in ;
; background_engine:background|tilemap_memory:tilemap|memory~687  ; Stuck at GND due to stuck port data_in ;
; background_engine:background|tilemap_memory:tilemap|memory~695  ; Stuck at GND due to stuck port data_in ;
; background_engine:background|tilemap_memory:tilemap|memory~703  ; Stuck at GND due to stuck port data_in ;
; background_engine:background|tilemap_memory:tilemap|memory~711  ; Stuck at GND due to stuck port data_in ;
; background_engine:background|tilemap_memory:tilemap|memory~719  ; Stuck at GND due to stuck port data_in ;
; background_engine:background|tilemap_memory:tilemap|memory~727  ; Stuck at GND due to stuck port data_in ;
; background_engine:background|tilemap_memory:tilemap|memory~735  ; Stuck at GND due to stuck port data_in ;
; background_engine:background|tilemap_memory:tilemap|memory~743  ; Stuck at GND due to stuck port data_in ;
; background_engine:background|tilemap_memory:tilemap|memory~751  ; Stuck at GND due to stuck port data_in ;
; background_engine:background|tilemap_memory:tilemap|memory~759  ; Stuck at GND due to stuck port data_in ;
; background_engine:background|tilemap_memory:tilemap|memory~767  ; Stuck at GND due to stuck port data_in ;
; background_engine:background|tilemap_memory:tilemap|memory~775  ; Stuck at GND due to stuck port data_in ;
; background_engine:background|tilemap_memory:tilemap|memory~783  ; Stuck at GND due to stuck port data_in ;
; background_engine:background|tilemap_memory:tilemap|memory~791  ; Stuck at GND due to stuck port data_in ;
; background_engine:background|tilemap_memory:tilemap|memory~799  ; Stuck at GND due to stuck port data_in ;
; background_engine:background|tilemap_memory:tilemap|memory~807  ; Stuck at GND due to stuck port data_in ;
; background_engine:background|tilemap_memory:tilemap|memory~815  ; Stuck at GND due to stuck port data_in ;
; background_engine:background|tilemap_memory:tilemap|memory~823  ; Stuck at GND due to stuck port data_in ;
; background_engine:background|tilemap_memory:tilemap|memory~831  ; Stuck at GND due to stuck port data_in ;
; background_engine:background|tilemap_memory:tilemap|memory~839  ; Stuck at GND due to stuck port data_in ;
; background_engine:background|tilemap_memory:tilemap|memory~847  ; Stuck at GND due to stuck port data_in ;
; background_engine:background|tilemap_memory:tilemap|memory~855  ; Stuck at GND due to stuck port data_in ;
; background_engine:background|tilemap_memory:tilemap|memory~863  ; Stuck at GND due to stuck port data_in ;
; background_engine:background|tilemap_memory:tilemap|memory~871  ; Stuck at GND due to stuck port data_in ;
; background_engine:background|tilemap_memory:tilemap|memory~879  ; Stuck at GND due to stuck port data_in ;
; background_engine:background|tilemap_memory:tilemap|memory~887  ; Stuck at GND due to stuck port data_in ;
; background_engine:background|tilemap_memory:tilemap|memory~895  ; Stuck at GND due to stuck port data_in ;
; background_engine:background|tilemap_memory:tilemap|memory~903  ; Stuck at GND due to stuck port data_in ;
; background_engine:background|tilemap_memory:tilemap|memory~911  ; Stuck at GND due to stuck port data_in ;
; background_engine:background|tilemap_memory:tilemap|memory~919  ; Stuck at GND due to stuck port data_in ;
; background_engine:background|tilemap_memory:tilemap|memory~927  ; Stuck at GND due to stuck port data_in ;
; background_engine:background|tilemap_memory:tilemap|memory~935  ; Stuck at GND due to stuck port data_in ;
; background_engine:background|tilemap_memory:tilemap|memory~943  ; Stuck at GND due to stuck port data_in ;
; background_engine:background|tilemap_memory:tilemap|memory~951  ; Stuck at GND due to stuck port data_in ;
; background_engine:background|tilemap_memory:tilemap|memory~959  ; Stuck at GND due to stuck port data_in ;
; background_engine:background|tilemap_memory:tilemap|memory~967  ; Stuck at GND due to stuck port data_in ;
; background_engine:background|tilemap_memory:tilemap|memory~975  ; Stuck at GND due to stuck port data_in ;
; background_engine:background|tilemap_memory:tilemap|memory~983  ; Stuck at GND due to stuck port data_in ;
; background_engine:background|tilemap_memory:tilemap|memory~991  ; Stuck at GND due to stuck port data_in ;
; background_engine:background|tilemap_memory:tilemap|memory~999  ; Stuck at GND due to stuck port data_in ;
; background_engine:background|tilemap_memory:tilemap|memory~1007 ; Stuck at GND due to stuck port data_in ;
; background_engine:background|tilemap_memory:tilemap|memory~1015 ; Stuck at GND due to stuck port data_in ;
; background_engine:background|tilemap_memory:tilemap|memory~1023 ; Stuck at GND due to stuck port data_in ;
; background_engine:background|tilemap_memory:tilemap|memory~1031 ; Stuck at GND due to stuck port data_in ;
; background_engine:background|tilemap_memory:tilemap|memory~1039 ; Stuck at GND due to stuck port data_in ;
; background_engine:background|tilemap_memory:tilemap|memory~1047 ; Stuck at GND due to stuck port data_in ;
; background_engine:background|tilemap_memory:tilemap|memory~1055 ; Stuck at GND due to stuck port data_in ;
; background_engine:background|tilemap_memory:tilemap|memory~1063 ; Stuck at GND due to stuck port data_in ;
; background_engine:background|tilemap_memory:tilemap|memory~1071 ; Stuck at GND due to stuck port data_in ;
; background_engine:background|tilemap_memory:tilemap|memory~1079 ; Stuck at GND due to stuck port data_in ;
; background_engine:background|tilemap_memory:tilemap|memory~1087 ; Stuck at GND due to stuck port data_in ;
; background_engine:background|tilemap_memory:tilemap|memory~1095 ; Stuck at GND due to stuck port data_in ;
; background_engine:background|tilemap_memory:tilemap|memory~1103 ; Stuck at GND due to stuck port data_in ;
; background_engine:background|tilemap_memory:tilemap|memory~1111 ; Stuck at GND due to stuck port data_in ;
; background_engine:background|tilemap_memory:tilemap|memory~1119 ; Stuck at GND due to stuck port data_in ;
; background_engine:background|tilemap_memory:tilemap|memory~1127 ; Stuck at GND due to stuck port data_in ;
; background_engine:background|tilemap_memory:tilemap|memory~1135 ; Stuck at GND due to stuck port data_in ;
; background_engine:background|tilemap_memory:tilemap|memory~1143 ; Stuck at GND due to stuck port data_in ;
; background_engine:background|tilemap_memory:tilemap|memory~1151 ; Stuck at GND due to stuck port data_in ;
; background_engine:background|tilemap_memory:tilemap|memory~1159 ; Stuck at GND due to stuck port data_in ;
; background_engine:background|tilemap_memory:tilemap|memory~1167 ; Stuck at GND due to stuck port data_in ;
; background_engine:background|tilemap_memory:tilemap|memory~1175 ; Stuck at GND due to stuck port data_in ;
; background_engine:background|tilemap_memory:tilemap|memory~1183 ; Stuck at GND due to stuck port data_in ;
; background_engine:background|tilemap_memory:tilemap|memory~1191 ; Stuck at GND due to stuck port data_in ;
; background_engine:background|tilemap_memory:tilemap|memory~1199 ; Stuck at GND due to stuck port data_in ;
; background_engine:background|tilemap_memory:tilemap|memory~1207 ; Stuck at GND due to stuck port data_in ;
; background_engine:background|tilemap_memory:tilemap|memory~1215 ; Stuck at GND due to stuck port data_in ;
; background_engine:background|tilemap_memory:tilemap|memory~1223 ; Stuck at GND due to stuck port data_in ;
; background_engine:background|tilemap_memory:tilemap|memory~1231 ; Stuck at GND due to stuck port data_in ;
; background_engine:background|tilemap_memory:tilemap|memory~1239 ; Stuck at GND due to stuck port data_in ;
; background_engine:background|tilemap_memory:tilemap|memory~1247 ; Stuck at GND due to stuck port data_in ;
; background_engine:background|tilemap_memory:tilemap|memory~1255 ; Stuck at GND due to stuck port data_in ;
; background_engine:background|tilemap_memory:tilemap|memory~1263 ; Stuck at GND due to stuck port data_in ;
; background_engine:background|tilemap_memory:tilemap|memory~1271 ; Stuck at GND due to stuck port data_in ;
; background_engine:background|tilemap_memory:tilemap|memory~1279 ; Stuck at GND due to stuck port data_in ;
; background_engine:background|tilemap_memory:tilemap|memory~1287 ; Stuck at GND due to stuck port data_in ;
; background_engine:background|tilemap_memory:tilemap|memory~1295 ; Stuck at GND due to stuck port data_in ;
; background_engine:background|tilemap_memory:tilemap|memory~1303 ; Stuck at GND due to stuck port data_in ;
; background_engine:background|tilemap_memory:tilemap|memory~1311 ; Stuck at GND due to stuck port data_in ;
; background_engine:background|tilemap_memory:tilemap|memory~1319 ; Stuck at GND due to stuck port data_in ;
; background_engine:background|tilemap_memory:tilemap|memory~1327 ; Stuck at GND due to stuck port data_in ;
; background_engine:background|tilemap_memory:tilemap|memory~1335 ; Stuck at GND due to stuck port data_in ;
; background_engine:background|tilemap_memory:tilemap|memory~1343 ; Stuck at GND due to stuck port data_in ;
; background_engine:background|tilemap_memory:tilemap|memory~1351 ; Stuck at GND due to stuck port data_in ;
; background_engine:background|tilemap_memory:tilemap|memory~1359 ; Stuck at GND due to stuck port data_in ;
; background_engine:background|tilemap_memory:tilemap|memory~1367 ; Stuck at GND due to stuck port data_in ;
; background_engine:background|tilemap_memory:tilemap|memory~1375 ; Stuck at GND due to stuck port data_in ;
; background_engine:background|tilemap_memory:tilemap|memory~1383 ; Stuck at GND due to stuck port data_in ;
; background_engine:background|tilemap_memory:tilemap|memory~1391 ; Stuck at GND due to stuck port data_in ;
; background_engine:background|tilemap_memory:tilemap|memory~1399 ; Stuck at GND due to stuck port data_in ;
; background_engine:background|tilemap_memory:tilemap|memory~1407 ; Stuck at GND due to stuck port data_in ;
; background_engine:background|tilemap_memory:tilemap|memory~1415 ; Stuck at GND due to stuck port data_in ;
; background_engine:background|tilemap_memory:tilemap|memory~1423 ; Stuck at GND due to stuck port data_in ;
; background_engine:background|tilemap_memory:tilemap|memory~1431 ; Stuck at GND due to stuck port data_in ;
; background_engine:background|tilemap_memory:tilemap|memory~1439 ; Stuck at GND due to stuck port data_in ;
; background_engine:background|tilemap_memory:tilemap|memory~1447 ; Stuck at GND due to stuck port data_in ;
; background_engine:background|tilemap_memory:tilemap|memory~1455 ; Stuck at GND due to stuck port data_in ;
; background_engine:background|tilemap_memory:tilemap|memory~1463 ; Stuck at GND due to stuck port data_in ;
; background_engine:background|tilemap_memory:tilemap|memory~1471 ; Stuck at GND due to stuck port data_in ;
; background_engine:background|tilemap_memory:tilemap|memory~1479 ; Stuck at GND due to stuck port data_in ;
; background_engine:background|tilemap_memory:tilemap|memory~1487 ; Stuck at GND due to stuck port data_in ;
; background_engine:background|tilemap_memory:tilemap|memory~1495 ; Stuck at GND due to stuck port data_in ;
; background_engine:background|tilemap_memory:tilemap|memory~1503 ; Stuck at GND due to stuck port data_in ;
; background_engine:background|tilemap_memory:tilemap|memory~1511 ; Stuck at GND due to stuck port data_in ;
; background_engine:background|tilemap_memory:tilemap|memory~1519 ; Stuck at GND due to stuck port data_in ;
; background_engine:background|tilemap_memory:tilemap|memory~1527 ; Stuck at GND due to stuck port data_in ;
; background_engine:background|tilemap_memory:tilemap|memory~1535 ; Stuck at GND due to stuck port data_in ;
; background_engine:background|tilemap_memory:tilemap|memory~1543 ; Stuck at GND due to stuck port data_in ;
; background_engine:background|tilemap_memory:tilemap|memory~1551 ; Stuck at GND due to stuck port data_in ;
; background_engine:background|tilemap_memory:tilemap|memory~1559 ; Stuck at GND due to stuck port data_in ;
; background_engine:background|tilemap_memory:tilemap|memory~1567 ; Stuck at GND due to stuck port data_in ;
; background_engine:background|tilemap_memory:tilemap|memory~1575 ; Stuck at GND due to stuck port data_in ;
; background_engine:background|tilemap_memory:tilemap|memory~1583 ; Stuck at GND due to stuck port data_in ;
; background_engine:background|tilemap_memory:tilemap|memory~1591 ; Stuck at GND due to stuck port data_in ;
; background_engine:background|tilemap_memory:tilemap|memory~1599 ; Stuck at GND due to stuck port data_in ;
; background_engine:background|tilemap_memory:tilemap|memory~1607 ; Stuck at GND due to stuck port data_in ;
; background_engine:background|tilemap_memory:tilemap|memory~1615 ; Stuck at GND due to stuck port data_in ;
; background_engine:background|tilemap_memory:tilemap|memory~1623 ; Stuck at GND due to stuck port data_in ;
; background_engine:background|tilemap_memory:tilemap|memory~1631 ; Stuck at GND due to stuck port data_in ;
; background_engine:background|tilemap_memory:tilemap|memory~1639 ; Stuck at GND due to stuck port data_in ;
; background_engine:background|tilemap_memory:tilemap|memory~1647 ; Stuck at GND due to stuck port data_in ;
; background_engine:background|tilemap_memory:tilemap|memory~1655 ; Stuck at GND due to stuck port data_in ;
; background_engine:background|tilemap_memory:tilemap|memory~1663 ; Stuck at GND due to stuck port data_in ;
; background_engine:background|tilemap_memory:tilemap|memory~1671 ; Stuck at GND due to stuck port data_in ;
; background_engine:background|tilemap_memory:tilemap|memory~1679 ; Stuck at GND due to stuck port data_in ;
; background_engine:background|tilemap_memory:tilemap|memory~1687 ; Stuck at GND due to stuck port data_in ;
; background_engine:background|tilemap_memory:tilemap|memory~1695 ; Stuck at GND due to stuck port data_in ;
; background_engine:background|tilemap_memory:tilemap|memory~1703 ; Stuck at GND due to stuck port data_in ;
; background_engine:background|tilemap_memory:tilemap|memory~1711 ; Stuck at GND due to stuck port data_in ;
; background_engine:background|tilemap_memory:tilemap|memory~1719 ; Stuck at GND due to stuck port data_in ;
; background_engine:background|tilemap_memory:tilemap|memory~1727 ; Stuck at GND due to stuck port data_in ;
; background_engine:background|tilemap_memory:tilemap|memory~1735 ; Stuck at GND due to stuck port data_in ;
; background_engine:background|tilemap_memory:tilemap|memory~1743 ; Stuck at GND due to stuck port data_in ;
; background_engine:background|tilemap_memory:tilemap|memory~1751 ; Stuck at GND due to stuck port data_in ;
; background_engine:background|tilemap_memory:tilemap|memory~1759 ; Stuck at GND due to stuck port data_in ;
; background_engine:background|tilemap_memory:tilemap|memory~1767 ; Stuck at GND due to stuck port data_in ;
; background_engine:background|tilemap_memory:tilemap|memory~1775 ; Stuck at GND due to stuck port data_in ;
; background_engine:background|tilemap_memory:tilemap|memory~1783 ; Stuck at GND due to stuck port data_in ;
; background_engine:background|tilemap_memory:tilemap|memory~1791 ; Stuck at GND due to stuck port data_in ;
; background_engine:background|tilemap_memory:tilemap|memory~1799 ; Stuck at GND due to stuck port data_in ;
; background_engine:background|tilemap_memory:tilemap|memory~1807 ; Stuck at GND due to stuck port data_in ;
; background_engine:background|tilemap_memory:tilemap|memory~1815 ; Stuck at GND due to stuck port data_in ;
; background_engine:background|tilemap_memory:tilemap|memory~1823 ; Stuck at GND due to stuck port data_in ;
; background_engine:background|tilemap_memory:tilemap|memory~1831 ; Stuck at GND due to stuck port data_in ;
; background_engine:background|tilemap_memory:tilemap|memory~1839 ; Stuck at GND due to stuck port data_in ;
; background_engine:background|tilemap_memory:tilemap|memory~1847 ; Stuck at GND due to stuck port data_in ;
; background_engine:background|tilemap_memory:tilemap|memory~1855 ; Stuck at GND due to stuck port data_in ;
; background_engine:background|tilemap_memory:tilemap|memory~1863 ; Stuck at GND due to stuck port data_in ;
; background_engine:background|tilemap_memory:tilemap|memory~1871 ; Stuck at GND due to stuck port data_in ;
; background_engine:background|tilemap_memory:tilemap|memory~1879 ; Stuck at GND due to stuck port data_in ;
; background_engine:background|tilemap_memory:tilemap|memory~1887 ; Stuck at GND due to stuck port data_in ;
; background_engine:background|tilemap_memory:tilemap|memory~1895 ; Stuck at GND due to stuck port data_in ;
; background_engine:background|tilemap_memory:tilemap|memory~1903 ; Stuck at GND due to stuck port data_in ;
; background_engine:background|tilemap_memory:tilemap|memory~1911 ; Stuck at GND due to stuck port data_in ;
; background_engine:background|tilemap_memory:tilemap|memory~1919 ; Stuck at GND due to stuck port data_in ;
; background_engine:background|tilemap_memory:tilemap|memory~1927 ; Stuck at GND due to stuck port data_in ;
; background_engine:background|tilemap_memory:tilemap|memory~1935 ; Stuck at GND due to stuck port data_in ;
; background_engine:background|tilemap_memory:tilemap|memory~1943 ; Stuck at GND due to stuck port data_in ;
; background_engine:background|tilemap_memory:tilemap|memory~1951 ; Stuck at GND due to stuck port data_in ;
; background_engine:background|tilemap_memory:tilemap|memory~1959 ; Stuck at GND due to stuck port data_in ;
; background_engine:background|tilemap_memory:tilemap|memory~1967 ; Stuck at GND due to stuck port data_in ;
; background_engine:background|tilemap_memory:tilemap|memory~1975 ; Stuck at GND due to stuck port data_in ;
; background_engine:background|tilemap_memory:tilemap|memory~1983 ; Stuck at GND due to stuck port data_in ;
; background_engine:background|tilemap_memory:tilemap|memory~1991 ; Stuck at GND due to stuck port data_in ;
; background_engine:background|tilemap_memory:tilemap|memory~1999 ; Stuck at GND due to stuck port data_in ;
; background_engine:background|tilemap_memory:tilemap|memory~2007 ; Stuck at GND due to stuck port data_in ;
; background_engine:background|tilemap_memory:tilemap|memory~2015 ; Stuck at GND due to stuck port data_in ;
; background_engine:background|tilemap_memory:tilemap|memory~2023 ; Stuck at GND due to stuck port data_in ;
; background_engine:background|tilemap_memory:tilemap|memory~2031 ; Stuck at GND due to stuck port data_in ;
; background_engine:background|tilemap_memory:tilemap|memory~2039 ; Stuck at GND due to stuck port data_in ;
; background_engine:background|tilemap_memory:tilemap|memory~2047 ; Stuck at GND due to stuck port data_in ;
; background_engine:background|tilemap_memory:tilemap|memory~2055 ; Stuck at GND due to stuck port data_in ;
; background_engine:background|tilemap_memory:tilemap|memory~2063 ; Stuck at GND due to stuck port data_in ;
; background_engine:background|tilemap_memory:tilemap|memory~2071 ; Stuck at GND due to stuck port data_in ;
; background_engine:background|tilemap_memory:tilemap|memory~2079 ; Stuck at GND due to stuck port data_in ;
; background_engine:background|tilemap_memory:tilemap|memory~2087 ; Stuck at GND due to stuck port data_in ;
; background_engine:background|tilemap_memory:tilemap|memory~2095 ; Stuck at GND due to stuck port data_in ;
; background_engine:background|tilemap_memory:tilemap|memory~2103 ; Stuck at GND due to stuck port data_in ;
; background_engine:background|tilemap_memory:tilemap|memory~2111 ; Stuck at GND due to stuck port data_in ;
; background_engine:background|tilemap_memory:tilemap|memory~2119 ; Stuck at GND due to stuck port data_in ;
; background_engine:background|tilemap_memory:tilemap|memory~2127 ; Stuck at GND due to stuck port data_in ;
; background_engine:background|tilemap_memory:tilemap|memory~2135 ; Stuck at GND due to stuck port data_in ;
; background_engine:background|tilemap_memory:tilemap|memory~2143 ; Stuck at GND due to stuck port data_in ;
; background_engine:background|tilemap_memory:tilemap|memory~2151 ; Stuck at GND due to stuck port data_in ;
; background_engine:background|tilemap_memory:tilemap|memory~2159 ; Stuck at GND due to stuck port data_in ;
; background_engine:background|tilemap_memory:tilemap|memory~2167 ; Stuck at GND due to stuck port data_in ;
; background_engine:background|tilemap_memory:tilemap|memory~2175 ; Stuck at GND due to stuck port data_in ;
; background_engine:background|tilemap_memory:tilemap|memory~2183 ; Stuck at GND due to stuck port data_in ;
; background_engine:background|tilemap_memory:tilemap|memory~2191 ; Stuck at GND due to stuck port data_in ;
; background_engine:background|tilemap_memory:tilemap|memory~2199 ; Stuck at GND due to stuck port data_in ;
; background_engine:background|tilemap_memory:tilemap|memory~2207 ; Stuck at GND due to stuck port data_in ;
; background_engine:background|tilemap_memory:tilemap|memory~2215 ; Stuck at GND due to stuck port data_in ;
; background_engine:background|tilemap_memory:tilemap|memory~2223 ; Stuck at GND due to stuck port data_in ;
; background_engine:background|tilemap_memory:tilemap|memory~2231 ; Stuck at GND due to stuck port data_in ;
; background_engine:background|tilemap_memory:tilemap|memory~2239 ; Stuck at GND due to stuck port data_in ;
; background_engine:background|tilemap_memory:tilemap|memory~2247 ; Stuck at GND due to stuck port data_in ;
; background_engine:background|tilemap_memory:tilemap|memory~2255 ; Stuck at GND due to stuck port data_in ;
; background_engine:background|tilemap_memory:tilemap|memory~2263 ; Stuck at GND due to stuck port data_in ;
; background_engine:background|tilemap_memory:tilemap|memory~2271 ; Stuck at GND due to stuck port data_in ;
; background_engine:background|tilemap_memory:tilemap|memory~2279 ; Stuck at GND due to stuck port data_in ;
; background_engine:background|tilemap_memory:tilemap|memory~2287 ; Stuck at GND due to stuck port data_in ;
; background_engine:background|tilemap_memory:tilemap|memory~2295 ; Stuck at GND due to stuck port data_in ;
; background_engine:background|tilemap_memory:tilemap|memory~2303 ; Stuck at GND due to stuck port data_in ;
; background_engine:background|tilemap_memory:tilemap|memory~2311 ; Stuck at GND due to stuck port data_in ;
; background_engine:background|tilemap_memory:tilemap|memory~2319 ; Stuck at GND due to stuck port data_in ;
; background_engine:background|tilemap_memory:tilemap|memory~2327 ; Stuck at GND due to stuck port data_in ;
; background_engine:background|tilemap_memory:tilemap|memory~2335 ; Stuck at GND due to stuck port data_in ;
; background_engine:background|tilemap_memory:tilemap|memory~2343 ; Stuck at GND due to stuck port data_in ;
; background_engine:background|tilemap_memory:tilemap|memory~2351 ; Stuck at GND due to stuck port data_in ;
; background_engine:background|tilemap_memory:tilemap|memory~2359 ; Stuck at GND due to stuck port data_in ;
; background_engine:background|tilemap_memory:tilemap|memory~2367 ; Stuck at GND due to stuck port data_in ;
; background_engine:background|tilemap_memory:tilemap|memory~2375 ; Stuck at GND due to stuck port data_in ;
; background_engine:background|tilemap_memory:tilemap|memory~2383 ; Stuck at GND due to stuck port data_in ;
; background_engine:background|tilemap_memory:tilemap|memory~2391 ; Stuck at GND due to stuck port data_in ;
; background_engine:background|tilemap_memory:tilemap|memory~2399 ; Stuck at GND due to stuck port data_in ;
; background_engine:background|tilemap_memory:tilemap|memory~2407 ; Stuck at GND due to stuck port data_in ;
; background_engine:background|tilemap_memory:tilemap|memory~2415 ; Stuck at GND due to stuck port data_in ;
; background_engine:background|tilemap_memory:tilemap|memory~2423 ; Stuck at GND due to stuck port data_in ;
; background_engine:background|tilemap_memory:tilemap|memory~2431 ; Stuck at GND due to stuck port data_in ;
; background_engine:background|tilemap_memory:tilemap|memory~2439 ; Stuck at GND due to stuck port data_in ;
; background_engine:background|tilemap_memory:tilemap|memory~2447 ; Stuck at GND due to stuck port data_in ;
; background_engine:background|tilemap_memory:tilemap|memory~2455 ; Stuck at GND due to stuck port data_in ;
; background_engine:background|tilemap_memory:tilemap|memory~2463 ; Stuck at GND due to stuck port data_in ;
; background_engine:background|tilemap_memory:tilemap|memory~2471 ; Stuck at GND due to stuck port data_in ;
; background_engine:background|tilemap_memory:tilemap|memory~2479 ; Stuck at GND due to stuck port data_in ;
; background_engine:background|tilemap_memory:tilemap|memory~2487 ; Stuck at GND due to stuck port data_in ;
; background_engine:background|tilemap_memory:tilemap|memory~2495 ; Stuck at GND due to stuck port data_in ;
; background_engine:background|tilemap_memory:tilemap|memory~2503 ; Stuck at GND due to stuck port data_in ;
; background_engine:background|tilemap_memory:tilemap|memory~2511 ; Stuck at GND due to stuck port data_in ;
; background_engine:background|tilemap_memory:tilemap|memory~2519 ; Stuck at GND due to stuck port data_in ;
; background_engine:background|tilemap_memory:tilemap|memory~2527 ; Stuck at GND due to stuck port data_in ;
; background_engine:background|tilemap_memory:tilemap|memory~2535 ; Stuck at GND due to stuck port data_in ;
; background_engine:background|tilemap_memory:tilemap|memory~2543 ; Stuck at GND due to stuck port data_in ;
; background_engine:background|tilemap_memory:tilemap|memory~2551 ; Stuck at GND due to stuck port data_in ;
; background_engine:background|tilemap_memory:tilemap|memory~2559 ; Stuck at GND due to stuck port data_in ;
; background_engine:background|tilemap_memory:tilemap|memory~2567 ; Stuck at GND due to stuck port data_in ;
; background_engine:background|tilemap_memory:tilemap|memory~2575 ; Stuck at GND due to stuck port data_in ;
; background_engine:background|tilemap_memory:tilemap|memory~2583 ; Stuck at GND due to stuck port data_in ;
; background_engine:background|tilemap_memory:tilemap|memory~2591 ; Stuck at GND due to stuck port data_in ;
; background_engine:background|tilemap_memory:tilemap|memory~2599 ; Stuck at GND due to stuck port data_in ;
; background_engine:background|tilemap_memory:tilemap|memory~2607 ; Stuck at GND due to stuck port data_in ;
; background_engine:background|tilemap_memory:tilemap|memory~2615 ; Stuck at GND due to stuck port data_in ;
; background_engine:background|tilemap_memory:tilemap|memory~2623 ; Stuck at GND due to stuck port data_in ;
; background_engine:background|tilemap_memory:tilemap|memory~2631 ; Stuck at GND due to stuck port data_in ;
; background_engine:background|tilemap_memory:tilemap|memory~2639 ; Stuck at GND due to stuck port data_in ;
; background_engine:background|tilemap_memory:tilemap|memory~2647 ; Stuck at GND due to stuck port data_in ;
; background_engine:background|tilemap_memory:tilemap|memory~2655 ; Stuck at GND due to stuck port data_in ;
; background_engine:background|tilemap_memory:tilemap|memory~2663 ; Stuck at GND due to stuck port data_in ;
; background_engine:background|tilemap_memory:tilemap|memory~2671 ; Stuck at GND due to stuck port data_in ;
; background_engine:background|tilemap_memory:tilemap|memory~2679 ; Stuck at GND due to stuck port data_in ;
; background_engine:background|tilemap_memory:tilemap|memory~2687 ; Stuck at GND due to stuck port data_in ;
; background_engine:background|tilemap_memory:tilemap|memory~2695 ; Stuck at GND due to stuck port data_in ;
; background_engine:background|tilemap_memory:tilemap|memory~2703 ; Stuck at GND due to stuck port data_in ;
; background_engine:background|tilemap_memory:tilemap|memory~2711 ; Stuck at GND due to stuck port data_in ;
; background_engine:background|tilemap_memory:tilemap|memory~2719 ; Stuck at GND due to stuck port data_in ;
; background_engine:background|tilemap_memory:tilemap|memory~2727 ; Stuck at GND due to stuck port data_in ;
; background_engine:background|tilemap_memory:tilemap|memory~2735 ; Stuck at GND due to stuck port data_in ;
; background_engine:background|tilemap_memory:tilemap|memory~2743 ; Stuck at GND due to stuck port data_in ;
; background_engine:background|tilemap_memory:tilemap|memory~2751 ; Stuck at GND due to stuck port data_in ;
; background_engine:background|tilemap_memory:tilemap|memory~2759 ; Stuck at GND due to stuck port data_in ;
; background_engine:background|tilemap_memory:tilemap|memory~2767 ; Stuck at GND due to stuck port data_in ;
; background_engine:background|tilemap_memory:tilemap|memory~2775 ; Stuck at GND due to stuck port data_in ;
; background_engine:background|tilemap_memory:tilemap|memory~2783 ; Stuck at GND due to stuck port data_in ;
; background_engine:background|tilemap_memory:tilemap|memory~2791 ; Stuck at GND due to stuck port data_in ;
; background_engine:background|tilemap_memory:tilemap|memory~2799 ; Stuck at GND due to stuck port data_in ;
; background_engine:background|tilemap_memory:tilemap|memory~2807 ; Stuck at GND due to stuck port data_in ;
; background_engine:background|tilemap_memory:tilemap|memory~2815 ; Stuck at GND due to stuck port data_in ;
; background_engine:background|tilemap_memory:tilemap|memory~2823 ; Stuck at GND due to stuck port data_in ;
; background_engine:background|tilemap_memory:tilemap|memory~2831 ; Stuck at GND due to stuck port data_in ;
; background_engine:background|tilemap_memory:tilemap|memory~2839 ; Stuck at GND due to stuck port data_in ;
; background_engine:background|tilemap_memory:tilemap|memory~2847 ; Stuck at GND due to stuck port data_in ;
; background_engine:background|tilemap_memory:tilemap|memory~2855 ; Stuck at GND due to stuck port data_in ;
; background_engine:background|tilemap_memory:tilemap|memory~2863 ; Stuck at GND due to stuck port data_in ;
; background_engine:background|tilemap_memory:tilemap|memory~2871 ; Stuck at GND due to stuck port data_in ;
; background_engine:background|tilemap_memory:tilemap|memory~2879 ; Stuck at GND due to stuck port data_in ;
; background_engine:background|tilemap_memory:tilemap|memory~2887 ; Stuck at GND due to stuck port data_in ;
; background_engine:background|tilemap_memory:tilemap|memory~2895 ; Stuck at GND due to stuck port data_in ;
; background_engine:background|tilemap_memory:tilemap|memory~2903 ; Stuck at GND due to stuck port data_in ;
; background_engine:background|tilemap_memory:tilemap|memory~2911 ; Stuck at GND due to stuck port data_in ;
; background_engine:background|tilemap_memory:tilemap|memory~2919 ; Stuck at GND due to stuck port data_in ;
; background_engine:background|tilemap_memory:tilemap|memory~2927 ; Stuck at GND due to stuck port data_in ;
; background_engine:background|tilemap_memory:tilemap|memory~2935 ; Stuck at GND due to stuck port data_in ;
; background_engine:background|tilemap_memory:tilemap|memory~2943 ; Stuck at GND due to stuck port data_in ;
; background_engine:background|tilemap_memory:tilemap|memory~2951 ; Stuck at GND due to stuck port data_in ;
; background_engine:background|tilemap_memory:tilemap|memory~2959 ; Stuck at GND due to stuck port data_in ;
; background_engine:background|tilemap_memory:tilemap|memory~2967 ; Stuck at GND due to stuck port data_in ;
; background_engine:background|tilemap_memory:tilemap|memory~2975 ; Stuck at GND due to stuck port data_in ;
; background_engine:background|tilemap_memory:tilemap|memory~2983 ; Stuck at GND due to stuck port data_in ;
; background_engine:background|tilemap_memory:tilemap|memory~2991 ; Stuck at GND due to stuck port data_in ;
; background_engine:background|tilemap_memory:tilemap|memory~2999 ; Stuck at GND due to stuck port data_in ;
; background_engine:background|tilemap_memory:tilemap|memory~3007 ; Stuck at GND due to stuck port data_in ;
; background_engine:background|tilemap_memory:tilemap|memory~3015 ; Stuck at GND due to stuck port data_in ;
; background_engine:background|tilemap_memory:tilemap|memory~3023 ; Stuck at GND due to stuck port data_in ;
; background_engine:background|tilemap_memory:tilemap|memory~3031 ; Stuck at GND due to stuck port data_in ;
; background_engine:background|tilemap_memory:tilemap|memory~3039 ; Stuck at GND due to stuck port data_in ;
; background_engine:background|tilemap_memory:tilemap|memory~3047 ; Stuck at GND due to stuck port data_in ;
; background_engine:background|tilemap_memory:tilemap|memory~3055 ; Stuck at GND due to stuck port data_in ;
; background_engine:background|tilemap_memory:tilemap|memory~3063 ; Stuck at GND due to stuck port data_in ;
; background_engine:background|tilemap_memory:tilemap|memory~3071 ; Stuck at GND due to stuck port data_in ;
; background_engine:background|tilemap_memory:tilemap|memory~3079 ; Stuck at GND due to stuck port data_in ;
; background_engine:background|tilemap_memory:tilemap|memory~3087 ; Stuck at GND due to stuck port data_in ;
; background_engine:background|tilemap_memory:tilemap|memory~3095 ; Stuck at GND due to stuck port data_in ;
; background_engine:background|tilemap_memory:tilemap|memory~3103 ; Stuck at GND due to stuck port data_in ;
; background_engine:background|tilemap_memory:tilemap|memory~3111 ; Stuck at GND due to stuck port data_in ;
; background_engine:background|tilemap_memory:tilemap|memory~3119 ; Stuck at GND due to stuck port data_in ;
; background_engine:background|tilemap_memory:tilemap|memory~3127 ; Stuck at GND due to stuck port data_in ;
; background_engine:background|tilemap_memory:tilemap|memory~3135 ; Stuck at GND due to stuck port data_in ;
; background_engine:background|tilemap_memory:tilemap|memory~3143 ; Stuck at GND due to stuck port data_in ;
; background_engine:background|tilemap_memory:tilemap|memory~3151 ; Stuck at GND due to stuck port data_in ;
; background_engine:background|tilemap_memory:tilemap|memory~3159 ; Stuck at GND due to stuck port data_in ;
; background_engine:background|tilemap_memory:tilemap|memory~3167 ; Stuck at GND due to stuck port data_in ;
; background_engine:background|tilemap_memory:tilemap|memory~3175 ; Stuck at GND due to stuck port data_in ;
; background_engine:background|tilemap_memory:tilemap|memory~3183 ; Stuck at GND due to stuck port data_in ;
; background_engine:background|tilemap_memory:tilemap|memory~3191 ; Stuck at GND due to stuck port data_in ;
; background_engine:background|tilemap_memory:tilemap|memory~3199 ; Stuck at GND due to stuck port data_in ;
; background_engine:background|tilemap_memory:tilemap|memory~3207 ; Stuck at GND due to stuck port data_in ;
; background_engine:background|tilemap_memory:tilemap|memory~3215 ; Stuck at GND due to stuck port data_in ;
; background_engine:background|tilemap_memory:tilemap|memory~3223 ; Stuck at GND due to stuck port data_in ;
; background_engine:background|tilemap_memory:tilemap|memory~3231 ; Stuck at GND due to stuck port data_in ;
; background_engine:background|tilemap_memory:tilemap|memory~3239 ; Stuck at GND due to stuck port data_in ;
; background_engine:background|tilemap_memory:tilemap|memory~3247 ; Stuck at GND due to stuck port data_in ;
; background_engine:background|tilemap_memory:tilemap|memory~3255 ; Stuck at GND due to stuck port data_in ;
; background_engine:background|tilemap_memory:tilemap|memory~3263 ; Stuck at GND due to stuck port data_in ;
; background_engine:background|tilemap_memory:tilemap|memory~3271 ; Stuck at GND due to stuck port data_in ;
; background_engine:background|tilemap_memory:tilemap|memory~3279 ; Stuck at GND due to stuck port data_in ;
; background_engine:background|tilemap_memory:tilemap|memory~3287 ; Stuck at GND due to stuck port data_in ;
; background_engine:background|tilemap_memory:tilemap|memory~3295 ; Stuck at GND due to stuck port data_in ;
; background_engine:background|tilemap_memory:tilemap|memory~3303 ; Stuck at GND due to stuck port data_in ;
; background_engine:background|tilemap_memory:tilemap|memory~3311 ; Stuck at GND due to stuck port data_in ;
; background_engine:background|tilemap_memory:tilemap|memory~3319 ; Stuck at GND due to stuck port data_in ;
; background_engine:background|tilemap_memory:tilemap|memory~3327 ; Stuck at GND due to stuck port data_in ;
; background_engine:background|tilemap_memory:tilemap|memory~3335 ; Stuck at GND due to stuck port data_in ;
; background_engine:background|tilemap_memory:tilemap|memory~3343 ; Stuck at GND due to stuck port data_in ;
; background_engine:background|tilemap_memory:tilemap|memory~3351 ; Stuck at GND due to stuck port data_in ;
; background_engine:background|tilemap_memory:tilemap|memory~3359 ; Stuck at GND due to stuck port data_in ;
; background_engine:background|tilemap_memory:tilemap|memory~3367 ; Stuck at GND due to stuck port data_in ;
; background_engine:background|tilemap_memory:tilemap|memory~3375 ; Stuck at GND due to stuck port data_in ;
; background_engine:background|tilemap_memory:tilemap|memory~3383 ; Stuck at GND due to stuck port data_in ;
; background_engine:background|tilemap_memory:tilemap|memory~3391 ; Stuck at GND due to stuck port data_in ;
; background_engine:background|tilemap_memory:tilemap|memory~3399 ; Stuck at GND due to stuck port data_in ;
; background_engine:background|tilemap_memory:tilemap|memory~3407 ; Stuck at GND due to stuck port data_in ;
; background_engine:background|tilemap_memory:tilemap|memory~3415 ; Stuck at GND due to stuck port data_in ;
; background_engine:background|tilemap_memory:tilemap|memory~3423 ; Stuck at GND due to stuck port data_in ;
; background_engine:background|tilemap_memory:tilemap|memory~3431 ; Stuck at GND due to stuck port data_in ;
; background_engine:background|tilemap_memory:tilemap|memory~3439 ; Stuck at GND due to stuck port data_in ;
; background_engine:background|tilemap_memory:tilemap|memory~3447 ; Stuck at GND due to stuck port data_in ;
; background_engine:background|tilemap_memory:tilemap|memory~3455 ; Stuck at GND due to stuck port data_in ;
; background_engine:background|tilemap_memory:tilemap|memory~3463 ; Stuck at GND due to stuck port data_in ;
; background_engine:background|tilemap_memory:tilemap|memory~3471 ; Stuck at GND due to stuck port data_in ;
; background_engine:background|tilemap_memory:tilemap|memory~3479 ; Stuck at GND due to stuck port data_in ;
; background_engine:background|tilemap_memory:tilemap|memory~3487 ; Stuck at GND due to stuck port data_in ;
; background_engine:background|tilemap_memory:tilemap|memory~3495 ; Stuck at GND due to stuck port data_in ;
; background_engine:background|tilemap_memory:tilemap|memory~3503 ; Stuck at GND due to stuck port data_in ;
; background_engine:background|tilemap_memory:tilemap|memory~3511 ; Stuck at GND due to stuck port data_in ;
; background_engine:background|tilemap_memory:tilemap|memory~3519 ; Stuck at GND due to stuck port data_in ;
; background_engine:background|tilemap_memory:tilemap|memory~3527 ; Stuck at GND due to stuck port data_in ;
; background_engine:background|tilemap_memory:tilemap|memory~3535 ; Stuck at GND due to stuck port data_in ;
; background_engine:background|tilemap_memory:tilemap|memory~3543 ; Stuck at GND due to stuck port data_in ;
; background_engine:background|tilemap_memory:tilemap|memory~3551 ; Stuck at GND due to stuck port data_in ;
; background_engine:background|tilemap_memory:tilemap|memory~3559 ; Stuck at GND due to stuck port data_in ;
; background_engine:background|tilemap_memory:tilemap|memory~3567 ; Stuck at GND due to stuck port data_in ;
; background_engine:background|tilemap_memory:tilemap|memory~3575 ; Stuck at GND due to stuck port data_in ;
; background_engine:background|tilemap_memory:tilemap|memory~3583 ; Stuck at GND due to stuck port data_in ;
; background_engine:background|tilemap_memory:tilemap|memory~3591 ; Stuck at GND due to stuck port data_in ;
; background_engine:background|tilemap_memory:tilemap|memory~3599 ; Stuck at GND due to stuck port data_in ;
; background_engine:background|tilemap_memory:tilemap|memory~3607 ; Stuck at GND due to stuck port data_in ;
; background_engine:background|tilemap_memory:tilemap|memory~3615 ; Stuck at GND due to stuck port data_in ;
; background_engine:background|tilemap_memory:tilemap|memory~3623 ; Stuck at GND due to stuck port data_in ;
; background_engine:background|tilemap_memory:tilemap|memory~3631 ; Stuck at GND due to stuck port data_in ;
; background_engine:background|tilemap_memory:tilemap|memory~3639 ; Stuck at GND due to stuck port data_in ;
; background_engine:background|tilemap_memory:tilemap|memory~3647 ; Stuck at GND due to stuck port data_in ;
; background_engine:background|tilemap_memory:tilemap|memory~3655 ; Stuck at GND due to stuck port data_in ;
; background_engine:background|tilemap_memory:tilemap|memory~3663 ; Stuck at GND due to stuck port data_in ;
; background_engine:background|tilemap_memory:tilemap|memory~3671 ; Stuck at GND due to stuck port data_in ;
; background_engine:background|tilemap_memory:tilemap|memory~3679 ; Stuck at GND due to stuck port data_in ;
; background_engine:background|tilemap_memory:tilemap|memory~3687 ; Stuck at GND due to stuck port data_in ;
; background_engine:background|tilemap_memory:tilemap|memory~3695 ; Stuck at GND due to stuck port data_in ;
; background_engine:background|tilemap_memory:tilemap|memory~3703 ; Stuck at GND due to stuck port data_in ;
; background_engine:background|tilemap_memory:tilemap|memory~3711 ; Stuck at GND due to stuck port data_in ;
; background_engine:background|tilemap_memory:tilemap|memory~3719 ; Stuck at GND due to stuck port data_in ;
; background_engine:background|tilemap_memory:tilemap|memory~3727 ; Stuck at GND due to stuck port data_in ;
; background_engine:background|tilemap_memory:tilemap|memory~3735 ; Stuck at GND due to stuck port data_in ;
; background_engine:background|tilemap_memory:tilemap|memory~3743 ; Stuck at GND due to stuck port data_in ;
; background_engine:background|tilemap_memory:tilemap|memory~3751 ; Stuck at GND due to stuck port data_in ;
; background_engine:background|tilemap_memory:tilemap|memory~3759 ; Stuck at GND due to stuck port data_in ;
; background_engine:background|tilemap_memory:tilemap|memory~3767 ; Stuck at GND due to stuck port data_in ;
; background_engine:background|tilemap_memory:tilemap|memory~3775 ; Stuck at GND due to stuck port data_in ;
; background_engine:background|tilemap_memory:tilemap|memory~3783 ; Stuck at GND due to stuck port data_in ;
; background_engine:background|tilemap_memory:tilemap|memory~3791 ; Stuck at GND due to stuck port data_in ;
; background_engine:background|tilemap_memory:tilemap|memory~3799 ; Stuck at GND due to stuck port data_in ;
; background_engine:background|tilemap_memory:tilemap|memory~3807 ; Stuck at GND due to stuck port data_in ;
; background_engine:background|tilemap_memory:tilemap|memory~3815 ; Stuck at GND due to stuck port data_in ;
; background_engine:background|tilemap_memory:tilemap|memory~3823 ; Stuck at GND due to stuck port data_in ;
; background_engine:background|tilemap_memory:tilemap|memory~3831 ; Stuck at GND due to stuck port data_in ;
; background_engine:background|tilemap_memory:tilemap|memory~3839 ; Stuck at GND due to stuck port data_in ;
; background_engine:background|tilemap_memory:tilemap|memory~3847 ; Stuck at GND due to stuck port data_in ;
; background_engine:background|tilemap_memory:tilemap|memory~3855 ; Stuck at GND due to stuck port data_in ;
; background_engine:background|tilemap_memory:tilemap|memory~3863 ; Stuck at GND due to stuck port data_in ;
; background_engine:background|tilemap_memory:tilemap|memory~3871 ; Stuck at GND due to stuck port data_in ;
; background_engine:background|tilemap_memory:tilemap|memory~3879 ; Stuck at GND due to stuck port data_in ;
; background_engine:background|tilemap_memory:tilemap|memory~3887 ; Stuck at GND due to stuck port data_in ;
; background_engine:background|tilemap_memory:tilemap|memory~3895 ; Stuck at GND due to stuck port data_in ;
; background_engine:background|tilemap_memory:tilemap|memory~3903 ; Stuck at GND due to stuck port data_in ;
; background_engine:background|tilemap_memory:tilemap|memory~3911 ; Stuck at GND due to stuck port data_in ;
; background_engine:background|tilemap_memory:tilemap|memory~3919 ; Stuck at GND due to stuck port data_in ;
; background_engine:background|tilemap_memory:tilemap|memory~3927 ; Stuck at GND due to stuck port data_in ;
; background_engine:background|tilemap_memory:tilemap|memory~3935 ; Stuck at GND due to stuck port data_in ;
; background_engine:background|tilemap_memory:tilemap|memory~3943 ; Stuck at GND due to stuck port data_in ;
; background_engine:background|tilemap_memory:tilemap|memory~3951 ; Stuck at GND due to stuck port data_in ;
; background_engine:background|tilemap_memory:tilemap|memory~3959 ; Stuck at GND due to stuck port data_in ;
; background_engine:background|tilemap_memory:tilemap|memory~3967 ; Stuck at GND due to stuck port data_in ;
; background_engine:background|tilemap_memory:tilemap|memory~3975 ; Stuck at GND due to stuck port data_in ;
; background_engine:background|tilemap_memory:tilemap|memory~3983 ; Stuck at GND due to stuck port data_in ;
; background_engine:background|tilemap_memory:tilemap|memory~3991 ; Stuck at GND due to stuck port data_in ;
; background_engine:background|tilemap_memory:tilemap|memory~3999 ; Stuck at GND due to stuck port data_in ;
; background_engine:background|tilemap_memory:tilemap|memory~4007 ; Stuck at GND due to stuck port data_in ;
; background_engine:background|tilemap_memory:tilemap|memory~4015 ; Stuck at GND due to stuck port data_in ;
; background_engine:background|tilemap_memory:tilemap|memory~4023 ; Stuck at GND due to stuck port data_in ;
; background_engine:background|tilemap_memory:tilemap|memory~4031 ; Stuck at GND due to stuck port data_in ;
; background_engine:background|tilemap_memory:tilemap|memory~4039 ; Stuck at GND due to stuck port data_in ;
; background_engine:background|tilemap_memory:tilemap|memory~4047 ; Stuck at GND due to stuck port data_in ;
; background_engine:background|tilemap_memory:tilemap|memory~4055 ; Stuck at GND due to stuck port data_in ;
; background_engine:background|tilemap_memory:tilemap|memory~4063 ; Stuck at GND due to stuck port data_in ;
; background_engine:background|tilemap_memory:tilemap|memory~4071 ; Stuck at GND due to stuck port data_in ;
; background_engine:background|tilemap_memory:tilemap|memory~4079 ; Stuck at GND due to stuck port data_in ;
; Total Number of Removed Registers = 5690                        ;                                        ;
+-----------------------------------------------------------------+----------------------------------------+
* Table truncated at 5000 items. To change the number of removed registers reported, set the "Number of Removed Registers Reported" option under Assignments->Settings->Analysis and Synthesis Settings->More Settings


+------------------------------------------------------+
; General Register Statistics                          ;
+----------------------------------------------+-------+
; Statistic                                    ; Value ;
+----------------------------------------------+-------+
; Total registers                              ; 3959  ;
; Number of registers using Synchronous Clear  ; 38    ;
; Number of registers using Synchronous Load   ; 0     ;
; Number of registers using Asynchronous Clear ; 0     ;
; Number of registers using Asynchronous Load  ; 0     ;
; Number of registers using Clock Enable       ; 3944  ;
; Number of registers using Preset             ; 0     ;
+----------------------------------------------+-------+


+---------------------------------------------------------------------------------------------------------------------------------------------------------+
; Multiplexer Restructuring Statistics (Restructuring Performed)                                                                                          ;
+--------------------+-----------+---------------+----------------------+------------------------+------------+-------------------------------------------+
; Multiplexer Inputs ; Bus Width ; Baseline Area ; Area if Restructured ; Saving if Restructured ; Registered ; Example Multiplexer Output                ;
+--------------------+-----------+---------------+----------------------+------------------------+------------+-------------------------------------------+
; 3:1                ; 10 bits   ; 20 LEs        ; 0 LEs                ; 20 LEs                 ; Yes        ; |top_de1_soc|vga_timing:timing|h_count[0] ;
; 4:1                ; 10 bits   ; 20 LEs        ; 0 LEs                ; 20 LEs                 ; Yes        ; |top_de1_soc|vga_timing:timing|v_count[8] ;
; 6:1                ; 3 bits    ; 12 LEs        ; 6 LEs                ; 6 LEs                  ; Yes        ; |top_de1_soc|patch_x[2]                   ;
; 7:1                ; 3 bits    ; 12 LEs        ; 6 LEs                ; 6 LEs                  ; Yes        ; |top_de1_soc|patch_y[2]                   ;
; 7:1                ; 18 bits   ; 72 LEs        ; 0 LEs                ; 72 LEs                 ; Yes        ; |top_de1_soc|release_counter[14]          ;
; 7:1                ; 3 bits    ; 12 LEs        ; 9 LEs                ; 3 LEs                  ; No         ; |top_de1_soc|state                        ;
+--------------------+-----------+---------------+----------------------+------------------------+------------+-------------------------------------------+


+------------------------------------------------------------+
; Port Connectivity Checks: "background_engine:background"   ;
+--------------------------+-------+----------+--------------+
; Port                     ; Type  ; Severity ; Details      ;
+--------------------------+-------+----------+--------------+
; tilemap_write_data[7..3] ; Input ; Info     ; Stuck at GND ;
+--------------------------+-------+----------+--------------+


+----------------------------------------------------------------------------------------------------------------------+
; Port Connectivity Checks: "vga_timing:timing"                                                                        ;
+------------+--------+----------+-------------------------------------------------------------------------------------+
; Port       ; Type   ; Severity ; Details                                                                             ;
+------------+--------+----------+-------------------------------------------------------------------------------------+
; pixel_x[0] ; Output ; Info     ; Connected to dangling logic. Logic that only feeds a dangling port will be removed. ;
; pixel_y[9] ; Output ; Info     ; Connected to dangling logic. Logic that only feeds a dangling port will be removed. ;
; pixel_y[0] ; Output ; Info     ; Connected to dangling logic. Logic that only feeds a dangling port will be removed. ;
+------------+--------+----------+-------------------------------------------------------------------------------------+


+-----------------------------------------------------+
; Post-Synthesis Netlist Statistics for Top Partition ;
+-----------------------+-----------------------------+
; Type                  ; Count                       ;
+-----------------------+-----------------------------+
; arriav_ff             ; 3959                        ;
;     ENA               ; 3916                        ;
;     ENA SCLR          ; 28                          ;
;     SCLR              ; 10                          ;
;     plain             ; 5                           ;
; arriav_lcell_comb     ; 3415                        ;
;     arith             ; 53                          ;
;         0 data inputs ; 2                           ;
;         1 data inputs ; 41                          ;
;         2 data inputs ; 2                           ;
;         3 data inputs ; 5                           ;
;         4 data inputs ; 1                           ;
;         5 data inputs ; 2                           ;
;     extend            ; 76                          ;
;         7 data inputs ; 76                          ;
;     normal            ; 3286                        ;
;         0 data inputs ; 1                           ;
;         1 data inputs ; 459                         ;
;         2 data inputs ; 27                          ;
;         3 data inputs ; 33                          ;
;         4 data inputs ; 46                          ;
;         5 data inputs ; 116                         ;
;         6 data inputs ; 2604                        ;
; boundary_port         ; 34                          ;
;                       ;                             ;
; Max LUT depth         ; 15.20                       ;
; Average LUT depth     ; 10.60                       ;
+-----------------------+-----------------------------+


+-------------------------------+
; Elapsed Time Per Partition    ;
+----------------+--------------+
; Partition Name ; Elapsed Time ;
+----------------+--------------+
; Top            ; 00:00:04     ;
+----------------+--------------+


+-------------------------------+
; Analysis & Synthesis Messages ;
+-------------------------------+
Info: *******************************************************************
Info: Running Quartus Prime Analysis & Synthesis
    Info: Version 25.1std.0 Build 1129 10/21/2025 SC Lite Edition
    Info: Processing started: Tue Sep  1 01:03:23 2026
Info: Command: quartus_map --read_settings_files=on --write_settings_files=off pbl_gpu -c top_de1_soc
Warning (18236): Number of processors has not been specified which may cause overloading on shared machines.  Set the global assignment NUM_PARALLEL_PROCESSORS in your QSF to an appropriate value for best performance.
Info (20030): Parallel compilation is enabled and will use 8 of the 8 processors detected
Info (12021): Found 1 design units, including 1 entities, in source file vga_timing.v
    Info (12023): Found entity 1: vga_timing File: C:/Users/User/Desktop/Programas/PBL SD 26.2/PBL-SD-26.2/pbl_gpuv2_restored/vga_timing.v Line: 1
Info (12021): Found 1 design units, including 1 entities, in source file top_de1_soc.v
    Info (12023): Found entity 1: top_de1_soc File: C:/Users/User/Desktop/Programas/PBL SD 26.2/PBL-SD-26.2/pbl_gpuv2_restored/top_de1_soc.v Line: 1
Info (12021): Found 1 design units, including 1 entities, in source file background_engine.v
    Info (12023): Found entity 1: background_engine File: C:/Users/User/Desktop/Programas/PBL SD 26.2/PBL-SD-26.2/pbl_gpuv2_restored/background_engine.v Line: 1
Info (12021): Found 1 design units, including 1 entities, in source file tilemap_memory.v
    Info (12023): Found entity 1: tilemap_memory File: C:/Users/User/Desktop/Programas/PBL SD 26.2/PBL-SD-26.2/pbl_gpuv2_restored/tilemap_memory.v Line: 1
Info (12021): Found 1 design units, including 1 entities, in source file tile_memory.v
    Info (12023): Found entity 1: tile_memory File: C:/Users/User/Desktop/Programas/PBL SD 26.2/PBL-SD-26.2/pbl_gpuv2_restored/tile_memory.v Line: 1
Info (12021): Found 1 design units, including 1 entities, in source file palette.v
    Info (12023): Found entity 1: palette File: C:/Users/User/Desktop/Programas/PBL SD 26.2/PBL-SD-26.2/pbl_gpuv2_restored/palette.v Line: 1
Info (12127): Elaborating entity "top_de1_soc" for the top level hierarchy
Info (12128): Elaborating entity "vga_timing" for hierarchy "vga_timing:timing" File: C:/Users/User/Desktop/Programas/PBL SD 26.2/PBL-SD-26.2/pbl_gpuv2_restored/top_de1_soc.v Line: 67
Info (12128): Elaborating entity "background_engine" for hierarchy "background_engine:background" File: C:/Users/User/Desktop/Programas/PBL SD 26.2/PBL-SD-26.2/pbl_gpuv2_restored/top_de1_soc.v Line: 436
Info (12128): Elaborating entity "tilemap_memory" for hierarchy "background_engine:background|tilemap_memory:tilemap" File: C:/Users/User/Desktop/Programas/PBL SD 26.2/PBL-SD-26.2/pbl_gpuv2_restored/background_engine.v Line: 100
Info (12128): Elaborating entity "tile_memory" for hierarchy "background_engine:background|tile_memory:tiles" File: C:/Users/User/Desktop/Programas/PBL SD 26.2/PBL-SD-26.2/pbl_gpuv2_restored/background_engine.v Line: 118
Warning (10030): Net "memory.data_a" at tile_memory.v(19) has no driver or initial value, using a default initial value '0' File: C:/Users/User/Desktop/Programas/PBL SD 26.2/PBL-SD-26.2/pbl_gpuv2_restored/tile_memory.v Line: 19
Warning (10030): Net "memory.waddr_a" at tile_memory.v(19) has no driver or initial value, using a default initial value '0' File: C:/Users/User/Desktop/Programas/PBL SD 26.2/PBL-SD-26.2/pbl_gpuv2_restored/tile_memory.v Line: 19
Warning (10030): Net "memory.we_a" at tile_memory.v(19) has no driver or initial value, using a default initial value '0' File: C:/Users/User/Desktop/Programas/PBL SD 26.2/PBL-SD-26.2/pbl_gpuv2_restored/tile_memory.v Line: 19
Info (12128): Elaborating entity "palette" for hierarchy "palette:palette_unit" File: C:/Users/User/Desktop/Programas/PBL SD 26.2/PBL-SD-26.2/pbl_gpuv2_restored/top_de1_soc.v Line: 458
Warning (10030): Net "memory.data_a" at palette.v(19) has no driver or initial value, using a default initial value '0' File: C:/Users/User/Desktop/Programas/PBL SD 26.2/PBL-SD-26.2/pbl_gpuv2_restored/palette.v Line: 19
Warning (10030): Net "memory.waddr_a" at palette.v(19) has no driver or initial value, using a default initial value '0' File: C:/Users/User/Desktop/Programas/PBL SD 26.2/PBL-SD-26.2/pbl_gpuv2_restored/palette.v Line: 19
Warning (10030): Net "memory.we_a" at palette.v(19) has no driver or initial value, using a default initial value '0' File: C:/Users/User/Desktop/Programas/PBL SD 26.2/PBL-SD-26.2/pbl_gpuv2_restored/palette.v Line: 19
Info (276014): Found 3 instances of uninferred RAM logic
    Info (276007): RAM logic "palette:palette_unit|memory" is uninferred due to asynchronous read logic File: C:/Users/User/Desktop/Programas/PBL SD 26.2/PBL-SD-26.2/pbl_gpuv2_restored/palette.v Line: 19
    Info (276007): RAM logic "background_engine:background|tile_memory:tiles|memory" is uninferred due to asynchronous read logic File: C:/Users/User/Desktop/Programas/PBL SD 26.2/PBL-SD-26.2/pbl_gpuv2_restored/tile_memory.v Line: 19
    Info (276007): RAM logic "background_engine:background|tilemap_memory:tilemap|memory" is uninferred due to asynchronous read logic File: C:/Users/User/Desktop/Programas/PBL SD 26.2/PBL-SD-26.2/pbl_gpuv2_restored/tilemap_memory.v Line: 20
Critical Warning (127005): Memory depth (2048) in the design file differs from memory depth (1200) in the Memory Initialization File "C:/Users/User/Desktop/Programas/PBL SD 26.2/PBL-SD-26.2/pbl_gpuv2_restored/db/top_de1_soc.ram0_tilemap_memory_4a894ab5.hdl.mif" -- setting initial value for remaining addresses to 0
Warning (13024): Output pins are stuck at VCC or GND
    Warning (13410): Pin "VGA_SYNC_N" is stuck at GND File: C:/Users/User/Desktop/Programas/PBL SD 26.2/PBL-SD-26.2/pbl_gpuv2_restored/top_de1_soc.v Line: 10
    Warning (13410): Pin "VGA_R[3]" is stuck at GND File: C:/Users/User/Desktop/Programas/PBL SD 26.2/PBL-SD-26.2/pbl_gpuv2_restored/top_de1_soc.v Line: 12
    Warning (13410): Pin "VGA_G[0]" is stuck at GND File: C:/Users/User/Desktop/Programas/PBL SD 26.2/PBL-SD-26.2/pbl_gpuv2_restored/top_de1_soc.v Line: 13
    Warning (13410): Pin "VGA_G[1]" is stuck at GND File: C:/Users/User/Desktop/Programas/PBL SD 26.2/PBL-SD-26.2/pbl_gpuv2_restored/top_de1_soc.v Line: 13
    Warning (13410): Pin "VGA_G[2]" is stuck at GND File: C:/Users/User/Desktop/Programas/PBL SD 26.2/PBL-SD-26.2/pbl_gpuv2_restored/top_de1_soc.v Line: 13
Info (286030): Timing-Driven Synthesis is running
Info (16010): Generating hard_block partition "hard_block:auto_generated_inst"
    Info (16011): Adding 0 node(s), including 0 DDIO, 0 PLL, 0 transceiver and 0 LCELL
Warning (21074): Design contains 2 input pin(s) that do not drive logic
    Warning (15610): No output dependent on input pin "KEY[2]" File: C:/Users/User/Desktop/Programas/PBL SD 26.2/PBL-SD-26.2/pbl_gpuv2_restored/top_de1_soc.v Line: 4
    Warning (15610): No output dependent on input pin "KEY[3]" File: C:/Users/User/Desktop/Programas/PBL SD 26.2/PBL-SD-26.2/pbl_gpuv2_restored/top_de1_soc.v Line: 4
Info (21057): Implemented 6899 device resources after synthesis - the final resource count might be different
    Info (21058): Implemented 5 input pins
    Info (21059): Implemented 29 output pins
    Info (21061): Implemented 6865 logic cells
Info: Quartus Prime Analysis & Synthesis was successful. 0 errors, 17 warnings
    Info: Peak virtual memory: 4932 megabytes
    Info: Processing ended: Tue Sep  1 01:03:35 2026
    Info: Elapsed time: 00:00:12
    Info: Total CPU time (on all processors): 00:00:19


