Fitter report for top_de1_soc
Tue Sep  1 01:08:08 2026
Quartus Prime Version 25.1std.0 Build 1129 10/21/2025 SC Lite Edition


---------------------
; Table of Contents ;
---------------------
  1. Legal Notice
  2. Fitter Summary
  3. Fitter Settings
  4. Parallel Compilation
  5. Fitter Netlist Optimizations
  6. Incremental Compilation Preservation Summary
  7. Incremental Compilation Partition Settings
  8. Incremental Compilation Placement Preservation
  9. Pin-Out File
 10. Fitter Resource Usage Summary
 11. Fitter Partition Statistics
 12. Input Pins
 13. Output Pins
 14. I/O Bank Usage
 15. All Package Pins
 16. I/O Assignment Warnings
 17. Fitter Resource Utilization by Entity
 18. Delay Chain Summary
 19. Pad To Core Delay Chain Fanout
 20. Control Signals
 21. Global & Other Fast Signals
 22. Non-Global High Fan-Out Signals
 23. Routing Usage Summary
 24. I/O Rules Summary
 25. I/O Rules Details
 26. I/O Rules Matrix
 27. Fitter Device Options
 28. Operating Settings and Conditions
 29. Estimated Delay Added for Hold Timing Summary
 30. Estimated Delay Added for Hold Timing Details
 31. Fitter Messages
 32. Fitter Suppressed Messages



----------------
; Legal Notice ;
----------------
Copyright (C) 2025  Altera Corporation. All rights reserved.
Your use of Altera Corporation's design tools, logic functions 
and other software and tools, and any partner logic 
functions, and any output files from any of the foregoing 
(including device programming or simulation files), and any 
associated documentation or information are expressly subject 
to the terms and conditions of the Altera Program License 
Subscription Agreement, the Altera Quartus Prime License Agreement,
the Altera IP License Agreement, or other applicable license
agreement, including, without limitation, that your use is for
the sole purpose of programming logic devices manufactured by
Altera and sold by Altera or its authorized distributors.  Please
refer to the Altera Software License Subscription Agreements 
on the Quartus Prime software download page.



+-----------------------------------------------------------------------------------+
; Fitter Summary                                                                    ;
+---------------------------------+-------------------------------------------------+
; Fitter Status                   ; Successful - Tue Sep  1 01:08:08 2026           ;
; Quartus Prime Version           ; 25.1std.0 Build 1129 10/21/2025 SC Lite Edition ;
; Revision Name                   ; top_de1_soc                                     ;
; Top-level Entity Name           ; top_de1_soc                                     ;
; Family                          ; Cyclone V                                       ;
; Device                          ; 5CSEMA5F31C6                                    ;
; Timing Models                   ; Final                                           ;
; Logic utilization (in ALMs)     ; 2,933 / 32,070 ( 9 % )                          ;
; Total registers                 ; 3959                                            ;
; Total pins                      ; 34 / 457 ( 7 % )                                ;
; Total virtual pins              ; 0                                               ;
; Total block memory bits         ; 0 / 4,065,280 ( 0 % )                           ;
; Total RAM Blocks                ; 0 / 397 ( 0 % )                                 ;
; Total DSP Blocks                ; 0 / 87 ( 0 % )                                  ;
; Total HSSI RX PCSs              ; 0                                               ;
; Total HSSI PMA RX Deserializers ; 0                                               ;
; Total HSSI TX PCSs              ; 0                                               ;
; Total HSSI PMA TX Serializers   ; 0                                               ;
; Total PLLs                      ; 0 / 6 ( 0 % )                                   ;
; Total DLLs                      ; 0 / 4 ( 0 % )                                   ;
+---------------------------------+-------------------------------------------------+


+----------------------------------------------------------------------------------------------------------------------------------------------------+
; Fitter Settings                                                                                                                                    ;
+--------------------------------------------------------------------+---------------------------------------+---------------------------------------+
; Option                                                             ; Setting                               ; Default Value                         ;
+--------------------------------------------------------------------+---------------------------------------+---------------------------------------+
; Device                                                             ; 5CSEMA5F31C6                          ;                                       ;
; Minimum Core Junction Temperature                                  ; 0                                     ;                                       ;
; Maximum Core Junction Temperature                                  ; 85                                    ;                                       ;
; Use smart compilation                                              ; Off                                   ; Off                                   ;
; Enable parallel Assembler and Timing Analyzer during compilation   ; On                                    ; On                                    ;
; Enable compact report table                                        ; Off                                   ; Off                                   ;
; Router Timing Optimization Level                                   ; Normal                                ; Normal                                ;
; Perform Clocking Topology Analysis During Routing                  ; Off                                   ; Off                                   ;
; Placement Effort Multiplier                                        ; 1.0                                   ; 1.0                                   ;
; Device initialization clock source                                 ; INIT_INTOSC                           ; INIT_INTOSC                           ;
; Optimize Hold Timing                                               ; All Paths                             ; All Paths                             ;
; Optimize Multi-Corner Timing                                       ; On                                    ; On                                    ;
; Auto RAM to MLAB Conversion                                        ; On                                    ; On                                    ;
; Equivalent RAM and MLAB Power Up                                   ; Auto                                  ; Auto                                  ;
; Equivalent RAM and MLAB Paused Read Capabilities                   ; Care                                  ; Care                                  ;
; Power Optimization During Fitting                                  ; Normal compilation                    ; Normal compilation                    ;
; SSN Optimization                                                   ; Off                                   ; Off                                   ;
; Optimize Timing                                                    ; Normal compilation                    ; Normal compilation                    ;
; Optimize Timing for ECOs                                           ; Off                                   ; Off                                   ;
; Regenerate Full Fit Report During ECO Compiles                     ; Off                                   ; Off                                   ;
; Optimize IOC Register Placement for Timing                         ; Normal                                ; Normal                                ;
; Final Placement Optimizations                                      ; Automatically                         ; Automatically                         ;
; Fitter Aggressive Routability Optimizations                        ; Automatically                         ; Automatically                         ;
; Fitter Initial Placement Seed                                      ; 1                                     ; 1                                     ;
; Periphery to Core Placement and Routing Optimization               ; Off                                   ; Off                                   ;
; Weak Pull-Up Resistor                                              ; Off                                   ; Off                                   ;
; Enable Bus-Hold Circuitry                                          ; Off                                   ; Off                                   ;
; Auto Packed Registers                                              ; Auto                                  ; Auto                                  ;
; Auto Delay Chains                                                  ; On                                    ; On                                    ;
; Auto Delay Chains for High Fanout Input Pins                       ; Off                                   ; Off                                   ;
; Treat Bidirectional Pin as Output Pin                              ; Off                                   ; Off                                   ;
; Perform Physical Synthesis for Combinational Logic for Fitting     ; Off                                   ; Off                                   ;
; Perform Physical Synthesis for Combinational Logic for Performance ; Off                                   ; Off                                   ;
; Perform Register Duplication for Performance                       ; Off                                   ; Off                                   ;
; Perform Register Retiming for Performance                          ; Off                                   ; Off                                   ;
; Perform Asynchronous Signal Pipelining                             ; Off                                   ; Off                                   ;
; Fitter Effort                                                      ; Auto Fit                              ; Auto Fit                              ;
; Physical Synthesis Effort Level                                    ; Normal                                ; Normal                                ;
; Logic Cell Insertion - Logic Duplication                           ; Auto                                  ; Auto                                  ;
; Auto Register Duplication                                          ; Auto                                  ; Auto                                  ;
; Auto Global Clock                                                  ; On                                    ; On                                    ;
; Auto Global Register Control Signals                               ; On                                    ; On                                    ;
; Reserve all unused pins                                            ; As input tri-stated with weak pull-up ; As input tri-stated with weak pull-up ;
; Synchronizer Identification                                        ; Auto                                  ; Auto                                  ;
; Enable Beneficial Skew Optimization                                ; On                                    ; On                                    ;
; Optimize Design for Metastability                                  ; On                                    ; On                                    ;
; Active Serial clock source                                         ; FREQ_100MHz                           ; FREQ_100MHz                           ;
; Force Fitter to Avoid Periphery Placement Warnings                 ; Off                                   ; Off                                   ;
; Clamping Diode                                                     ; Off                                   ; Off                                   ;
; Enable input tri-state on active configuration pins in user mode   ; Off                                   ; Off                                   ;
; Advanced Physical Optimization                                     ; On                                    ; On                                    ;
+--------------------------------------------------------------------+---------------------------------------+---------------------------------------+


+------------------------------------------+
; Parallel Compilation                     ;
+----------------------------+-------------+
; Processors                 ; Number      ;
+----------------------------+-------------+
; Number detected on machine ; 12          ;
; Maximum allowed            ; 8           ;
;                            ;             ;
; Average used               ; 1.07        ;
; Maximum used               ; 8           ;
;                            ;             ;
; Usage by Processor         ; % Time Used ;
;     Processor 1            ; 100.0%      ;
;     Processor 2            ;   1.1%      ;
;     Processor 3            ;   1.1%      ;
;     Processor 4            ;   1.0%      ;
;     Processor 5            ;   1.0%      ;
;     Processor 6            ;   1.0%      ;
;     Processor 7            ;   1.0%      ;
;     Processor 8            ;   1.0%      ;
+----------------------------+-------------+


+-------------------------------------------------------------------------------------------------------------------------------------------------------------------+
; Fitter Netlist Optimizations                                                                                                                                      ;
+---------------------+---------+-----------+----------------------------+-----------+----------------+------------------+------------------+-----------------------+
; Node                ; Action  ; Operation ; Reason                     ; Node Port ; Node Port Name ; Destination Node ; Destination Port ; Destination Port Name ;
+---------------------+---------+-----------+----------------------------+-----------+----------------+------------------+------------------+-----------------------+
; pixel_clock~CLKENA0 ; Created ; Placement ; Fitter Periphery Placement ;           ;                ;                  ;                  ;                       ;
+---------------------+---------+-----------+----------------------------+-----------+----------------+------------------+------------------+-----------------------+


+---------------------------------------------------------------------------------------------------+
; Incremental Compilation Preservation Summary                                                      ;
+---------------------+---------------------+----------------------------+--------------------------+
; Type                ; Total [A + B]       ; From Design Partitions [A] ; From Rapid Recompile [B] ;
+---------------------+---------------------+----------------------------+--------------------------+
; Placement (by node) ;                     ;                            ;                          ;
;     -- Requested    ; 0.00 % ( 0 / 7441 ) ; 0.00 % ( 0 / 7441 )        ; 0.00 % ( 0 / 7441 )      ;
;     -- Achieved     ; 0.00 % ( 0 / 7441 ) ; 0.00 % ( 0 / 7441 )        ; 0.00 % ( 0 / 7441 )      ;
;                     ;                     ;                            ;                          ;
; Routing (by net)    ;                     ;                            ;                          ;
;     -- Requested    ; 0.00 % ( 0 / 0 )    ; 0.00 % ( 0 / 0 )           ; 0.00 % ( 0 / 0 )         ;
;     -- Achieved     ; 0.00 % ( 0 / 0 )    ; 0.00 % ( 0 / 0 )           ; 0.00 % ( 0 / 0 )         ;
+---------------------+---------------------+----------------------------+--------------------------+


+----------------------------------------------------------------------------------------------------------------------------------------------------------------------------------------+
; Incremental Compilation Partition Settings                                                                                                                                             ;
+--------------------------------+----------------+-------------------+-------------------------+------------------------+------------------------------+--------------------------------+
; Partition Name                 ; Partition Type ; Netlist Type Used ; Preservation Level Used ; Netlist Type Requested ; Preservation Level Requested ; Contents                       ;
+--------------------------------+----------------+-------------------+-------------------------+------------------------+------------------------------+--------------------------------+
; Top                            ; User-created   ; Source File       ; N/A                     ; Source File            ; N/A                          ;                                ;
; hard_block:auto_generated_inst ; Auto-generated ; Source File       ; N/A                     ; Source File            ; N/A                          ; hard_block:auto_generated_inst ;
+--------------------------------+----------------+-------------------+-------------------------+------------------------+------------------------------+--------------------------------+


+------------------------------------------------------------------------------------------------------------------------------------+
; Incremental Compilation Placement Preservation                                                                                     ;
+--------------------------------+-----------------------+-------------------------+-------------------+---------------------+-------+
; Partition Name                 ; Preservation Achieved ; Preservation Level Used ; Netlist Type Used ; Preservation Method ; Notes ;
+--------------------------------+-----------------------+-------------------------+-------------------+---------------------+-------+
; Top                            ; 0.00 % ( 0 / 7441 )   ; N/A                     ; Source File       ; N/A                 ;       ;
; hard_block:auto_generated_inst ; 0.00 % ( 0 / 0 )      ; N/A                     ; Source File       ; N/A                 ;       ;
+--------------------------------+-----------------------+-------------------------+-------------------+---------------------+-------+


+--------------+
; Pin-Out File ;
+--------------+
The pin-out file can be found in C:/Users/User/Desktop/Programas/PBL SD 26.2/PBL-SD-26.2/pbl_gpuv2_restored/output_files/top_de1_soc.pin.


+---------------------------------------------------------------------------------------------+
; Fitter Resource Usage Summary                                                               ;
+-------------------------------------------------------------+-----------------------+-------+
; Resource                                                    ; Usage                 ; %     ;
+-------------------------------------------------------------+-----------------------+-------+
; Logic utilization (ALMs needed / total ALMs on device)      ; 2,933 / 32,070        ; 9 %   ;
; ALMs needed [=A-B+C]                                        ; 2,933                 ;       ;
;     [A] ALMs used in final placement [=a+b+c+d]             ; 3,597 / 32,070        ; 11 %  ;
;         [a] ALMs used for LUT logic and registers           ; 1,233                 ;       ;
;         [b] ALMs used for LUT logic                         ; 1,619                 ;       ;
;         [c] ALMs used for registers                         ; 745                   ;       ;
;         [d] ALMs used for memory (up to half of total ALMs) ; 0                     ;       ;
;     [B] Estimate of ALMs recoverable by dense packing       ; 921 / 32,070          ; 3 %   ;
;     [C] Estimate of ALMs unavailable [=a+b+c+d]             ; 257 / 32,070          ; < 1 % ;
;         [a] Due to location constrained logic               ; 0                     ;       ;
;         [b] Due to LAB-wide signal conflicts                ; 257                   ;       ;
;         [c] Due to LAB input limits                         ; 0                     ;       ;
;         [d] Due to virtual I/Os                             ; 0                     ;       ;
;                                                             ;                       ;       ;
; Difficulty packing design                                   ; Low                   ;       ;
;                                                             ;                       ;       ;
; Total LABs:  partially or completely used                   ; 541 / 3,207           ; 17 %  ;
;     -- Logic LABs                                           ; 541                   ;       ;
;     -- Memory LABs (up to half of total LABs)               ; 0                     ;       ;
;                                                             ;                       ;       ;
; Combinational ALUT usage for logic                          ; 3,723                 ;       ;
;     -- 7 input functions                                    ; 76                    ;       ;
;     -- 6 input functions                                    ; 2,604                 ;       ;
;     -- 5 input functions                                    ; 118                   ;       ;
;     -- 4 input functions                                    ; 47                    ;       ;
;     -- <=3 input functions                                  ; 878                   ;       ;
; Combinational ALUT usage for route-throughs                 ; 552                   ;       ;
;                                                             ;                       ;       ;
; Dedicated logic registers                                   ; 3,959                 ;       ;
;     -- By type:                                             ;                       ;       ;
;         -- Primary logic registers                          ; 3,954 / 64,140        ; 6 %   ;
;         -- Secondary logic registers                        ; 5 / 64,140            ; < 1 % ;
;     -- By function:                                         ;                       ;       ;
;         -- Design implementation registers                  ; 3,959                 ;       ;
;         -- Routing optimization registers                   ; 0                     ;       ;
;                                                             ;                       ;       ;
; Virtual pins                                                ; 0                     ;       ;
; I/O pins                                                    ; 34 / 457              ; 7 %   ;
;     -- Clock pins                                           ; 4 / 8                 ; 50 %  ;
;     -- Dedicated input pins                                 ; 0 / 21                ; 0 %   ;
;                                                             ;                       ;       ;
; Hard processor system peripheral utilization                ;                       ;       ;
;     -- Boot from FPGA                                       ; 0 / 1 ( 0 % )         ;       ;
;     -- Clock resets                                         ; 0 / 1 ( 0 % )         ;       ;
;     -- Cross trigger                                        ; 0 / 1 ( 0 % )         ;       ;
;     -- S2F AXI                                              ; 0 / 1 ( 0 % )         ;       ;
;     -- F2S AXI                                              ; 0 / 1 ( 0 % )         ;       ;
;     -- AXI Lightweight                                      ; 0 / 1 ( 0 % )         ;       ;
;     -- SDRAM                                                ; 0 / 1 ( 0 % )         ;       ;
;     -- Interrupts                                           ; 0 / 1 ( 0 % )         ;       ;
;     -- JTAG                                                 ; 0 / 1 ( 0 % )         ;       ;
;     -- Loan I/O                                             ; 0 / 1 ( 0 % )         ;       ;
;     -- MPU event standby                                    ; 0 / 1 ( 0 % )         ;       ;
;     -- MPU general purpose                                  ; 0 / 1 ( 0 % )         ;       ;
;     -- STM event                                            ; 0 / 1 ( 0 % )         ;       ;
;     -- TPIU trace                                           ; 0 / 1 ( 0 % )         ;       ;
;     -- DMA                                                  ; 0 / 1 ( 0 % )         ;       ;
;     -- CAN                                                  ; 0 / 2 ( 0 % )         ;       ;
;     -- EMAC                                                 ; 0 / 2 ( 0 % )         ;       ;
;     -- I2C                                                  ; 0 / 4 ( 0 % )         ;       ;
;     -- NAND Flash                                           ; 0 / 1 ( 0 % )         ;       ;
;     -- QSPI                                                 ; 0 / 1 ( 0 % )         ;       ;
;     -- SDMMC                                                ; 0 / 1 ( 0 % )         ;       ;
;     -- SPI Master                                           ; 0 / 2 ( 0 % )         ;       ;
;     -- SPI Slave                                            ; 0 / 2 ( 0 % )         ;       ;
;     -- UART                                                 ; 0 / 2 ( 0 % )         ;       ;
;     -- USB                                                  ; 0 / 2 ( 0 % )         ;       ;
;                                                             ;                       ;       ;
; M10K blocks                                                 ; 0 / 397               ; 0 %   ;
; Total MLAB memory bits                                      ; 0                     ;       ;
; Total block memory bits                                     ; 0 / 4,065,280         ; 0 %   ;
; Total block memory implementation bits                      ; 0 / 4,065,280         ; 0 %   ;
;                                                             ;                       ;       ;
; Total DSP Blocks                                            ; 0 / 87                ; 0 %   ;
;                                                             ;                       ;       ;
; Fractional PLLs                                             ; 0 / 6                 ; 0 %   ;
; Global signals                                              ; 1                     ;       ;
;     -- Global clocks                                        ; 1 / 16                ; 6 %   ;
;     -- Quadrant clocks                                      ; 0 / 66                ; 0 %   ;
;     -- Horizontal periphery clocks                          ; 0 / 18                ; 0 %   ;
; SERDES Transmitters                                         ; 0 / 100               ; 0 %   ;
; SERDES Receivers                                            ; 0 / 100               ; 0 %   ;
; JTAGs                                                       ; 0 / 1                 ; 0 %   ;
; ASMI blocks                                                 ; 0 / 1                 ; 0 %   ;
; CRC blocks                                                  ; 0 / 1                 ; 0 %   ;
; Remote update blocks                                        ; 0 / 1                 ; 0 %   ;
; Oscillator blocks                                           ; 0 / 1                 ; 0 %   ;
; Impedance control blocks                                    ; 0 / 4                 ; 0 %   ;
; Hard Memory Controllers                                     ; 0 / 2                 ; 0 %   ;
; Average interconnect usage (total/H/V)                      ; 3.4% / 3.3% / 3.4%    ;       ;
; Peak interconnect usage (total/H/V)                         ; 31.2% / 31.0% / 31.8% ;       ;
; Maximum fan-out                                             ; 3959                  ;       ;
; Highest non-global fan-out                                  ; 3601                  ;       ;
; Total fan-out                                               ; 30163                 ;       ;
; Average fan-out                                             ; 3.63                  ;       ;
+-------------------------------------------------------------+-----------------------+-------+


+----------------------------------------------------------------------------------------------------------------------+
; Fitter Partition Statistics                                                                                          ;
+-------------------------------------------------------------+-----------------------+--------------------------------+
; Statistic                                                   ; Top                   ; hard_block:auto_generated_inst ;
+-------------------------------------------------------------+-----------------------+--------------------------------+
; Logic utilization (ALMs needed / total ALMs on device)      ; 2933 / 32070 ( 9 % )  ; 0 / 32070 ( 0 % )              ;
; ALMs needed [=A-B+C]                                        ; 2933                  ; 0                              ;
;     [A] ALMs used in final placement [=a+b+c+d]             ; 3597 / 32070 ( 11 % ) ; 0 / 32070 ( 0 % )              ;
;         [a] ALMs used for LUT logic and registers           ; 1233                  ; 0                              ;
;         [b] ALMs used for LUT logic                         ; 1619                  ; 0                              ;
;         [c] ALMs used for registers                         ; 745                   ; 0                              ;
;         [d] ALMs used for memory (up to half of total ALMs) ; 0                     ; 0                              ;
;     [B] Estimate of ALMs recoverable by dense packing       ; 921 / 32070 ( 3 % )   ; 0 / 32070 ( 0 % )              ;
;     [C] Estimate of ALMs unavailable [=a+b+c+d]             ; 257 / 32070 ( < 1 % ) ; 0 / 32070 ( 0 % )              ;
;         [a] Due to location constrained logic               ; 0                     ; 0                              ;
;         [b] Due to LAB-wide signal conflicts                ; 257                   ; 0                              ;
;         [c] Due to LAB input limits                         ; 0                     ; 0                              ;
;         [d] Due to virtual I/Os                             ; 0                     ; 0                              ;
;                                                             ;                       ;                                ;
; Difficulty packing design                                   ; Low                   ; Low                            ;
;                                                             ;                       ;                                ;
; Total LABs:  partially or completely used                   ; 541 / 3207 ( 17 % )   ; 0 / 3207 ( 0 % )               ;
;     -- Logic LABs                                           ; 541                   ; 0                              ;
;     -- Memory LABs (up to half of total LABs)               ; 0                     ; 0                              ;
;                                                             ;                       ;                                ;
; Combinational ALUT usage for logic                          ; 3723                  ; 0                              ;
;     -- 7 input functions                                    ; 76                    ; 0                              ;
;     -- 6 input functions                                    ; 2604                  ; 0                              ;
;     -- 5 input functions                                    ; 118                   ; 0                              ;
;     -- 4 input functions                                    ; 47                    ; 0                              ;
;     -- <=3 input functions                                  ; 878                   ; 0                              ;
; Combinational ALUT usage for route-throughs                 ; 552                   ; 0                              ;
; Memory ALUT usage                                           ; 0                     ; 0                              ;
;     -- 64-address deep                                      ; 0                     ; 0                              ;
;     -- 32-address deep                                      ; 0                     ; 0                              ;
;                                                             ;                       ;                                ;
; Dedicated logic registers                                   ; 0                     ; 0                              ;
;     -- By type:                                             ;                       ;                                ;
;         -- Primary logic registers                          ; 3954 / 64140 ( 6 % )  ; 0 / 64140 ( 0 % )              ;
;         -- Secondary logic registers                        ; 5 / 64140 ( < 1 % )   ; 0 / 64140 ( 0 % )              ;
;     -- By function:                                         ;                       ;                                ;
;         -- Design implementation registers                  ; 3959                  ; 0                              ;
;         -- Routing optimization registers                   ; 0                     ; 0                              ;
;                                                             ;                       ;                                ;
;                                                             ;                       ;                                ;
; Virtual pins                                                ; 0                     ; 0                              ;
; I/O pins                                                    ; 34                    ; 0                              ;
; I/O registers                                               ; 0                     ; 0                              ;
; Total block memory bits                                     ; 0                     ; 0                              ;
; Total block memory implementation bits                      ; 0                     ; 0                              ;
; Clock enable block                                          ; 1 / 116 ( < 1 % )     ; 0 / 116 ( 0 % )                ;
;                                                             ;                       ;                                ;
; Connections                                                 ;                       ;                                ;
;     -- Input Connections                                    ; 0                     ; 0                              ;
;     -- Registered Input Connections                         ; 0                     ; 0                              ;
;     -- Output Connections                                   ; 0                     ; 0                              ;
;     -- Registered Output Connections                        ; 0                     ; 0                              ;
;                                                             ;                       ;                                ;
; Internal Connections                                        ;                       ;                                ;
;     -- Total Connections                                    ; 30163                 ; 0                              ;
;     -- Registered Connections                               ; 10124                 ; 0                              ;
;                                                             ;                       ;                                ;
; External Connections                                        ;                       ;                                ;
;     -- Top                                                  ; 0                     ; 0                              ;
;     -- hard_block:auto_generated_inst                       ; 0                     ; 0                              ;
;                                                             ;                       ;                                ;
; Partition Interface                                         ;                       ;                                ;
;     -- Input Ports                                          ; 5                     ; 0                              ;
;     -- Output Ports                                         ; 29                    ; 0                              ;
;     -- Bidir Ports                                          ; 0                     ; 0                              ;
;                                                             ;                       ;                                ;
; Registered Ports                                            ;                       ;                                ;
;     -- Registered Input Ports                               ; 0                     ; 0                              ;
;     -- Registered Output Ports                              ; 0                     ; 0                              ;
;                                                             ;                       ;                                ;
; Port Connectivity                                           ;                       ;                                ;
;     -- Input Ports driven by GND                            ; 0                     ; 0                              ;
;     -- Output Ports driven by GND                           ; 0                     ; 0                              ;
;     -- Input Ports driven by VCC                            ; 0                     ; 0                              ;
;     -- Output Ports driven by VCC                           ; 0                     ; 0                              ;
;     -- Input Ports with no Source                           ; 0                     ; 0                              ;
;     -- Output Ports with no Source                          ; 0                     ; 0                              ;
;     -- Input Ports with no Fanout                           ; 0                     ; 0                              ;
;     -- Output Ports with no Fanout                          ; 0                     ; 0                              ;
+-------------------------------------------------------------+-----------------------+--------------------------------+


+-----------------------------------------------------------------------------------------------------------------------------------------------------------------------------------------------------------------------------------------------------------------------------------------+
; Input Pins                                                                                                                                                                                                                                                                              ;
+----------+-------+----------+--------------+--------------+--------------+-----------------------+--------------------+--------+----------------+-----------------+----------+--------------+--------------+-------------+---------------------------+----------------------+-----------+
; Name     ; Pin # ; I/O Bank ; X coordinate ; Y coordinate ; Z coordinate ; Combinational Fan-Out ; Registered Fan-Out ; Global ; Input Register ; PCI I/O Enabled ; Bus Hold ; Weak Pull Up ; I/O Standard ; Termination ; Termination Control Block ; Location assigned by ; Slew Rate ;
+----------+-------+----------+--------------+--------------+--------------+-----------------------+--------------------+--------+----------------+-----------------+----------+--------------+--------------+-------------+---------------------------+----------------------+-----------+
; CLOCK_50 ; AF14  ; 3B       ; 32           ; 0            ; 0            ; 1                     ; 0                  ; no     ; no             ; no              ; no       ; Off          ; 2.5 V        ; Off         ; --                        ; User                 ; no        ;
; KEY[0]   ; AA14  ; 3B       ; 36           ; 0            ; 0            ; 17                    ; 0                  ; no     ; no             ; no              ; no       ; Off          ; 2.5 V        ; Off         ; --                        ; User                 ; no        ;
; KEY[1]   ; AA15  ; 3B       ; 36           ; 0            ; 17           ; 8                     ; 0                  ; no     ; no             ; no              ; no       ; Off          ; 2.5 V        ; Off         ; --                        ; User                 ; no        ;
; KEY[2]   ; W15   ; 3B       ; 40           ; 0            ; 0            ; 0                     ; 0                  ; no     ; no             ; no              ; no       ; Off          ; 2.5 V        ; Off         ; --                        ; User                 ; no        ;
; KEY[3]   ; Y16   ; 3B       ; 40           ; 0            ; 17           ; 0                     ; 0                  ; no     ; no             ; no              ; no       ; Off          ; 2.5 V        ; Off         ; --                        ; User                 ; no        ;
+----------+-------+----------+--------------+--------------+--------------+-----------------------+--------------------+--------+----------------+-----------------+----------+--------------+--------------+-------------+---------------------------+----------------------+-----------+


+--------------------------------------------------------------------------------------------------------------------------------------------------------------------------------------------------------------------------------------------------------------------------------------------------------------------------------------------------------------------------------------------------------------------------------------------------------------------------------------------------+
; Output Pins                                                                                                                                                                                                                                                                                                                                                                                                                                                                                      ;
+-------------+-------+----------+--------------+--------------+--------------+-----------------+------------------------+-----------+-----------------+------------+---------------+----------+--------------+--------------+------------------+-----------------------------------+---------------------------+----------------------------+-----------------------------+---------------------+-----------------------------+----------------------+----------------------+---------------------+
; Name        ; Pin # ; I/O Bank ; X coordinate ; Y coordinate ; Z coordinate ; Output Register ; Output Enable Register ; Slew Rate ; PCI I/O Enabled ; Open Drain ; TRI Primitive ; Bus Hold ; Weak Pull Up ; I/O Standard ; Current Strength ; Termination                       ; Termination Control Block ; Output Buffer Pre-emphasis ; Voltage Output Differential ; Output Buffer Delay ; Output Buffer Delay Control ; Location assigned by ; Output Enable Source ; Output Enable Group ;
+-------------+-------+----------+--------------+--------------+--------------+-----------------+------------------------+-----------+-----------------+------------+---------------+----------+--------------+--------------+------------------+-----------------------------------+---------------------------+----------------------------+-----------------------------+---------------------+-----------------------------+----------------------+----------------------+---------------------+
; VGA_BLANK_N ; F10   ; 8A       ; 6            ; 81           ; 17           ; no              ; no                     ; 1         ; no              ; no         ; no            ; no       ; Off          ; 2.5 V        ; Default          ; Series 50 Ohm without Calibration ; --                        ; no                         ; no                          ; 0                   ; Off                         ; User                 ; -                    ; -                   ;
; VGA_B[0]    ; B13   ; 8A       ; 40           ; 81           ; 34           ; no              ; no                     ; 1         ; no              ; no         ; no            ; no       ; Off          ; 2.5 V        ; Default          ; Series 50 Ohm without Calibration ; --                        ; no                         ; no                          ; 0                   ; Off                         ; User                 ; -                    ; -                   ;
; VGA_B[1]    ; G13   ; 8A       ; 28           ; 81           ; 17           ; no              ; no                     ; 1         ; no              ; no         ; no            ; no       ; Off          ; 2.5 V        ; Default          ; Series 50 Ohm without Calibration ; --                        ; no                         ; no                          ; 0                   ; Off                         ; User                 ; -                    ; -                   ;
; VGA_B[2]    ; H13   ; 8A       ; 20           ; 81           ; 0            ; no              ; no                     ; 1         ; no              ; no         ; no            ; no       ; Off          ; 2.5 V        ; Default          ; Series 50 Ohm without Calibration ; --                        ; no                         ; no                          ; 0                   ; Off                         ; User                 ; -                    ; -                   ;
; VGA_B[3]    ; F14   ; 8A       ; 36           ; 81           ; 17           ; no              ; no                     ; 1         ; no              ; no         ; no            ; no       ; Off          ; 2.5 V        ; Default          ; Series 50 Ohm without Calibration ; --                        ; no                         ; no                          ; 0                   ; Off                         ; User                 ; -                    ; -                   ;
; VGA_B[4]    ; H14   ; 8A       ; 28           ; 81           ; 0            ; no              ; no                     ; 1         ; no              ; no         ; no            ; no       ; Off          ; 2.5 V        ; Default          ; Series 50 Ohm without Calibration ; --                        ; no                         ; no                          ; 0                   ; Off                         ; User                 ; -                    ; -                   ;
; VGA_B[5]    ; F15   ; 8A       ; 36           ; 81           ; 0            ; no              ; no                     ; 1         ; no              ; no         ; no            ; no       ; Off          ; 2.5 V        ; Default          ; Series 50 Ohm without Calibration ; --                        ; no                         ; no                          ; 0                   ; Off                         ; User                 ; -                    ; -                   ;
; VGA_B[6]    ; G15   ; 8A       ; 40           ; 81           ; 17           ; no              ; no                     ; 1         ; no              ; no         ; no            ; no       ; Off          ; 2.5 V        ; Default          ; Series 50 Ohm without Calibration ; --                        ; no                         ; no                          ; 0                   ; Off                         ; User                 ; -                    ; -                   ;
; VGA_B[7]    ; J14   ; 8A       ; 32           ; 81           ; 17           ; no              ; no                     ; 1         ; no              ; no         ; no            ; no       ; Off          ; 2.5 V        ; Default          ; Series 50 Ohm without Calibration ; --                        ; no                         ; no                          ; 0                   ; Off                         ; User                 ; -                    ; -                   ;
; VGA_CLK     ; A11   ; 8A       ; 38           ; 81           ; 34           ; no              ; no                     ; 1         ; no              ; no         ; no            ; no       ; Off          ; 2.5 V        ; Default          ; Series 50 Ohm without Calibration ; --                        ; no                         ; no                          ; 0                   ; Off                         ; User                 ; -                    ; -                   ;
; VGA_G[0]    ; J9    ; 8A       ; 4            ; 81           ; 17           ; no              ; no                     ; 1         ; no              ; no         ; no            ; no       ; Off          ; 2.5 V        ; Default          ; Series 50 Ohm without Calibration ; --                        ; no                         ; no                          ; 0                   ; Off                         ; User                 ; -                    ; -                   ;
; VGA_G[1]    ; J10   ; 8A       ; 4            ; 81           ; 0            ; no              ; no                     ; 1         ; no              ; no         ; no            ; no       ; Off          ; 2.5 V        ; Default          ; Series 50 Ohm without Calibration ; --                        ; no                         ; no                          ; 0                   ; Off                         ; User                 ; -                    ; -                   ;
; VGA_G[2]    ; H12   ; 8A       ; 20           ; 81           ; 17           ; no              ; no                     ; 1         ; no              ; no         ; no            ; no       ; Off          ; 2.5 V        ; Default          ; Series 50 Ohm without Calibration ; --                        ; no                         ; no                          ; 0                   ; Off                         ; User                 ; -                    ; -                   ;
; VGA_G[3]    ; G10   ; 8A       ; 6            ; 81           ; 0            ; no              ; no                     ; 1         ; no              ; no         ; no            ; no       ; Off          ; 2.5 V        ; Default          ; Series 50 Ohm without Calibration ; --                        ; no                         ; no                          ; 0                   ; Off                         ; User                 ; -                    ; -                   ;
; VGA_G[4]    ; G11   ; 8A       ; 10           ; 81           ; 57           ; no              ; no                     ; 1         ; no              ; no         ; no            ; no       ; Off          ; 2.5 V        ; Default          ; Series 50 Ohm without Calibration ; --                        ; no                         ; no                          ; 0                   ; Off                         ; User                 ; -                    ; -                   ;
; VGA_G[5]    ; G12   ; 8A       ; 10           ; 81           ; 40           ; no              ; no                     ; 1         ; no              ; no         ; no            ; no       ; Off          ; 2.5 V        ; Default          ; Series 50 Ohm without Calibration ; --                        ; no                         ; no                          ; 0                   ; Off                         ; User                 ; -                    ; -                   ;
; VGA_G[6]    ; F11   ; 8A       ; 18           ; 81           ; 40           ; no              ; no                     ; 1         ; no              ; no         ; no            ; no       ; Off          ; 2.5 V        ; Default          ; Series 50 Ohm without Calibration ; --                        ; no                         ; no                          ; 0                   ; Off                         ; User                 ; -                    ; -                   ;
; VGA_G[7]    ; E11   ; 8A       ; 18           ; 81           ; 57           ; no              ; no                     ; 1         ; no              ; no         ; no            ; no       ; Off          ; 2.5 V        ; Default          ; Series 50 Ohm without Calibration ; --                        ; no                         ; no                          ; 0                   ; Off                         ; User                 ; -                    ; -                   ;
; VGA_HS      ; B11   ; 8A       ; 36           ; 81           ; 51           ; no              ; no                     ; 1         ; no              ; no         ; no            ; no       ; Off          ; 2.5 V        ; Default          ; Series 50 Ohm without Calibration ; --                        ; no                         ; no                          ; 0                   ; Off                         ; User                 ; -                    ; -                   ;
; VGA_R[0]    ; A13   ; 8A       ; 40           ; 81           ; 51           ; no              ; no                     ; 1         ; no              ; no         ; no            ; no       ; Off          ; 2.5 V        ; Default          ; Series 50 Ohm without Calibration ; --                        ; no                         ; no                          ; 0                   ; Off                         ; User                 ; -                    ; -                   ;
; VGA_R[1]    ; C13   ; 8A       ; 38           ; 81           ; 0            ; no              ; no                     ; 1         ; no              ; no         ; no            ; no       ; Off          ; 2.5 V        ; Default          ; Series 50 Ohm without Calibration ; --                        ; no                         ; no                          ; 0                   ; Off                         ; User                 ; -                    ; -                   ;
; VGA_R[2]    ; E13   ; 8A       ; 26           ; 81           ; 57           ; no              ; no                     ; 1         ; no              ; no         ; no            ; no       ; Off          ; 2.5 V        ; Default          ; Series 50 Ohm without Calibration ; --                        ; no                         ; no                          ; 0                   ; Off                         ; User                 ; -                    ; -                   ;
; VGA_R[3]    ; B12   ; 8A       ; 38           ; 81           ; 17           ; no              ; no                     ; 1         ; no              ; no         ; no            ; no       ; Off          ; 2.5 V        ; Default          ; Series 50 Ohm without Calibration ; --                        ; no                         ; no                          ; 0                   ; Off                         ; User                 ; -                    ; -                   ;
; VGA_R[4]    ; C12   ; 8A       ; 36           ; 81           ; 34           ; no              ; no                     ; 1         ; no              ; no         ; no            ; no       ; Off          ; 2.5 V        ; Default          ; Series 50 Ohm without Calibration ; --                        ; no                         ; no                          ; 0                   ; Off                         ; User                 ; -                    ; -                   ;
; VGA_R[5]    ; D12   ; 8A       ; 22           ; 81           ; 17           ; no              ; no                     ; 1         ; no              ; no         ; no            ; no       ; Off          ; 2.5 V        ; Default          ; Series 50 Ohm without Calibration ; --                        ; no                         ; no                          ; 0                   ; Off                         ; User                 ; -                    ; -                   ;
; VGA_R[6]    ; E12   ; 8A       ; 22           ; 81           ; 0            ; no              ; no                     ; 1         ; no              ; no         ; no            ; no       ; Off          ; 2.5 V        ; Default          ; Series 50 Ohm without Calibration ; --                        ; no                         ; no                          ; 0                   ; Off                         ; User                 ; -                    ; -                   ;
; VGA_R[7]    ; F13   ; 8A       ; 26           ; 81           ; 40           ; no              ; no                     ; 1         ; no              ; no         ; no            ; no       ; Off          ; 2.5 V        ; Default          ; Series 50 Ohm without Calibration ; --                        ; no                         ; no                          ; 0                   ; Off                         ; User                 ; -                    ; -                   ;
; VGA_SYNC_N  ; C10   ; 8A       ; 28           ; 81           ; 34           ; no              ; no                     ; 1         ; no              ; no         ; no            ; no       ; Off          ; 2.5 V        ; Default          ; Series 50 Ohm without Calibration ; --                        ; no                         ; no                          ; 0                   ; Off                         ; User                 ; -                    ; -                   ;
; VGA_VS      ; D11   ; 8A       ; 34           ; 81           ; 40           ; no              ; no                     ; 1         ; no              ; no         ; no            ; no       ; Off          ; 2.5 V        ; Default          ; Series 50 Ohm without Calibration ; --                        ; no                         ; no                          ; 0                   ; Off                         ; User                 ; -                    ; -                   ;
+-------------+-------+----------+--------------+--------------+--------------+-----------------+------------------------+-----------+-----------------+------------+---------------+----------+--------------+--------------+------------------+-----------------------------------+---------------------------+----------------------------+-----------------------------+---------------------+-----------------------------+----------------------+----------------------+---------------------+


+----------------------------------------------------------------------------+
; I/O Bank Usage                                                             ;
+----------+------------------+---------------+--------------+---------------+
; I/O Bank ; Usage            ; VCCIO Voltage ; VREF Voltage ; VCCPD Voltage ;
+----------+------------------+---------------+--------------+---------------+
; B2L      ; 0 / 0 ( -- )     ; --            ; --           ; --            ;
; B1L      ; 0 / 0 ( -- )     ; --            ; --           ; --            ;
; 3A       ; 0 / 32 ( 0 % )   ; 2.5V          ; --           ; 2.5V          ;
; 3B       ; 5 / 48 ( 10 % )  ; 2.5V          ; --           ; 2.5V          ;
; 4A       ; 0 / 80 ( 0 % )   ; 2.5V          ; --           ; 2.5V          ;
; 5A       ; 0 / 32 ( 0 % )   ; 2.5V          ; --           ; 2.5V          ;
; 5B       ; 0 / 16 ( 0 % )   ; 2.5V          ; --           ; 2.5V          ;
; 6B       ; 0 / 44 ( 0 % )   ; 2.5V          ; --           ; 2.5V          ;
; 6A       ; 0 / 56 ( 0 % )   ; 2.5V          ; --           ; 2.5V          ;
; 7A       ; 0 / 19 ( 0 % )   ; 2.5V          ; --           ; 2.5V          ;
; 7B       ; 0 / 22 ( 0 % )   ; 2.5V          ; --           ; 2.5V          ;
; 7C       ; 0 / 12 ( 0 % )   ; 2.5V          ; --           ; 2.5V          ;
; 7D       ; 0 / 14 ( 0 % )   ; 2.5V          ; --           ; 2.5V          ;
; 8A       ; 29 / 80 ( 36 % ) ; 2.5V          ; --           ; 2.5V          ;
+----------+------------------+---------------+--------------+---------------+


+-----------------------------------------------------------------------------------------------------------------------------------------------------------------------------------+
; All Package Pins                                                                                                                                                                  ;
+----------+------------+----------------+---------------------------------+--------+--------------+---------------------+--------------+-----------------+----------+--------------+
; Location ; Pad Number ; I/O Bank       ; Pin Name/Usage                  ; Dir.   ; I/O Standard ; Voltage             ; I/O Type     ; User Assignment ; Bus Hold ; Weak Pull Up ;
+----------+------------+----------------+---------------------------------+--------+--------------+---------------------+--------------+-----------------+----------+--------------+
; A2       ;            ;                ; GND                             ; gnd    ;              ;                     ; --           ;                 ; --       ; --           ;
; A3       ; 493        ; 8A             ; RESERVED_INPUT_WITH_WEAK_PULLUP ;        ;              ;                     ; Column I/O   ;                 ; no       ; On           ;
; A4       ; 491        ; 8A             ; RESERVED_INPUT_WITH_WEAK_PULLUP ;        ;              ;                     ; Column I/O   ;                 ; no       ; On           ;
; A5       ; 489        ; 8A             ; RESERVED_INPUT_WITH_WEAK_PULLUP ;        ;              ;                     ; Column I/O   ;                 ; no       ; On           ;
; A6       ; 487        ; 8A             ; RESERVED_INPUT_WITH_WEAK_PULLUP ;        ;              ;                     ; Column I/O   ;                 ; no       ; On           ;
; A7       ;            ; 8A             ; VCCIO8A                         ; power  ;              ; 2.5V                ; --           ;                 ; --       ; --           ;
; A8       ; 473        ; 8A             ; RESERVED_INPUT_WITH_WEAK_PULLUP ;        ;              ;                     ; Column I/O   ;                 ; no       ; On           ;
; A9       ; 471        ; 8A             ; RESERVED_INPUT_WITH_WEAK_PULLUP ;        ;              ;                     ; Column I/O   ;                 ; no       ; On           ;
; A10      ; 465        ; 8A             ; RESERVED_INPUT_WITH_WEAK_PULLUP ;        ;              ;                     ; Column I/O   ;                 ; no       ; On           ;
; A11      ; 463        ; 8A             ; VGA_CLK                         ; output ; 2.5 V        ;                     ; Column I/O   ; Y               ; no       ; Off          ;
; A12      ;            ;                ; GND                             ; gnd    ;              ;                     ; --           ;                 ; --       ; --           ;
; A13      ; 461        ; 8A             ; VGA_R[0]                        ; output ; 2.5 V        ;                     ; Column I/O   ; Y               ; no       ; Off          ;
; A14      ; 455        ; 7D             ; RESERVED_INPUT_WITH_WEAK_PULLUP ;        ;              ;                     ; Column I/O   ;                 ; no       ; On           ;
; A15      ; 447        ; 7D             ; RESERVED_INPUT_WITH_WEAK_PULLUP ;        ;              ;                     ; Column I/O   ;                 ; no       ; On           ;
; A16      ; 439        ; 7C             ; RESERVED_INPUT_WITH_WEAK_PULLUP ;        ;              ;                     ; Column I/O   ;                 ; no       ; On           ;
; A17      ;            ;                ; GND                             ; gnd    ;              ;                     ; --           ;                 ; --       ; --           ;
; A18      ; 425        ; 7B             ; RESERVED_INPUT_WITH_WEAK_PULLUP ;        ;              ;                     ; Column I/O   ;                 ; no       ; On           ;
; A19      ; 423        ; 7B             ; RESERVED_INPUT_WITH_WEAK_PULLUP ;        ;              ;                     ; Column I/O   ;                 ; no       ; On           ;
; A20      ; 415        ; 7B             ; RESERVED_INPUT_WITH_WEAK_PULLUP ;        ;              ;                     ; Column I/O   ;                 ; no       ; On           ;
; A21      ; 411        ; 7B             ; RESERVED_INPUT_WITH_WEAK_PULLUP ;        ;              ;                     ; Column I/O   ;                 ; no       ; On           ;
; A22      ;            ;                ; GND                             ; gnd    ;              ;                     ; --           ;                 ; --       ; --           ;
; A23      ; 395        ; 7A             ; RESERVED_INPUT_WITH_WEAK_PULLUP ;        ;              ;                     ; Column I/O   ;                 ; no       ; On           ;
; A24      ; 391        ; 7A             ; RESERVED_INPUT_WITH_WEAK_PULLUP ;        ;              ;                     ; Column I/O   ;                 ; no       ; On           ;
; A25      ; 389        ; 7A             ; RESERVED_INPUT_WITH_WEAK_PULLUP ;        ;              ;                     ; Column I/O   ;                 ; no       ; On           ;
; A26      ; 382        ; 7A             ; ^GND                            ;        ;              ;                     ; --           ;                 ; --       ; --           ;
; A27      ;            ;                ; GND                             ; gnd    ;              ;                     ; --           ;                 ; --       ; --           ;
; A28      ; 380        ; 7A             ; ^HPS_TRST                       ;        ;              ;                     ; --           ;                 ; --       ; --           ;
; A29      ; 378        ; 7A             ; ^HPS_TMS                        ;        ;              ;                     ; --           ;                 ; --       ; --           ;
; AA1      ;            ;                ; GND                             ; gnd    ;              ;                     ; --           ;                 ; --       ; --           ;
; AA2      ;            ;                ; GND                             ; gnd    ;              ;                     ; --           ;                 ; --       ; --           ;
; AA3      ;            ;                ; GND                             ; gnd    ;              ;                     ; --           ;                 ; --       ; --           ;
; AA4      ;            ;                ; GND                             ; gnd    ;              ;                     ; --           ;                 ; --       ; --           ;
; AA5      ;            ; --             ; VCC                             ; power  ;              ; 1.1V                ; --           ;                 ; --       ; --           ;
; AA6      ;            ;                ; GND                             ; gnd    ;              ;                     ; --           ;                 ; --       ; --           ;
; AA7      ;            ;                ; DNU                             ;        ;              ;                     ; --           ;                 ; --       ; --           ;
; AA8      ;            ; --             ; VCCA_FPLL                       ; power  ;              ; 2.5V                ; --           ;                 ; --       ; --           ;
; AA9      ;            ;                ; GND                             ; gnd    ;              ;                     ; --           ;                 ; --       ; --           ;
; AA10     ;            ; 3A             ; VCCPD3A                         ; power  ;              ; 2.5V                ; --           ;                 ; --       ; --           ;
; AA11     ;            ;                ; GND                             ; gnd    ;              ;                     ; --           ;                 ; --       ; --           ;
; AA12     ; 74         ; 3A             ; RESERVED_INPUT_WITH_WEAK_PULLUP ;        ;              ;                     ; Column I/O   ;                 ; no       ; On           ;
; AA13     ; 90         ; 3B             ; RESERVED_INPUT_WITH_WEAK_PULLUP ;        ;              ;                     ; Column I/O   ;                 ; no       ; On           ;
; AA14     ; 122        ; 3B             ; KEY[0]                          ; input  ; 2.5 V        ;                     ; Column I/O   ; Y               ; no       ; Off          ;
; AA15     ; 120        ; 3B             ; KEY[1]                          ; input  ; 2.5 V        ;                     ; Column I/O   ; Y               ; no       ; Off          ;
; AA16     ; 146        ; 4A             ; RESERVED_INPUT_WITH_WEAK_PULLUP ;        ;              ;                     ; Column I/O   ;                 ; no       ; On           ;
; AA17     ;            ; 4A             ; VCCIO4A                         ; power  ;              ; 2.5V                ; --           ;                 ; --       ; --           ;
; AA18     ; 168        ; 4A             ; RESERVED_INPUT_WITH_WEAK_PULLUP ;        ;              ;                     ; Column I/O   ;                 ; no       ; On           ;
; AA19     ; 176        ; 4A             ; RESERVED_INPUT_WITH_WEAK_PULLUP ;        ;              ;                     ; Column I/O   ;                 ; no       ; On           ;
; AA20     ; 200        ; 4A             ; RESERVED_INPUT_WITH_WEAK_PULLUP ;        ;              ;                     ; Column I/O   ;                 ; no       ; On           ;
; AA21     ; 210        ; 4A             ; RESERVED_INPUT_WITH_WEAK_PULLUP ;        ;              ;                     ; Column I/O   ;                 ; no       ; On           ;
; AA22     ;            ;                ; GND                             ; gnd    ;              ;                     ; --           ;                 ; --       ; --           ;
; AA23     ;            ; --             ; VCCPGM                          ; power  ;              ; 1.8V/2.5V/3.0V/3.3V ; --           ;                 ; --       ; --           ;
; AA24     ; 228        ; 5A             ; RESERVED_INPUT_WITH_WEAK_PULLUP ;        ;              ;                     ; Row I/O      ;                 ; no       ; On           ;
; AA25     ; 224        ; 5A             ; RESERVED_INPUT_WITH_WEAK_PULLUP ;        ;              ;                     ; Row I/O      ;                 ; no       ; On           ;
; AA26     ; 252        ; 5B             ; RESERVED_INPUT_WITH_WEAK_PULLUP ;        ;              ;                     ; Row I/O      ;                 ; no       ; On           ;
; AA27     ;            ; 5B             ; VCCIO5B                         ; power  ;              ; 2.5V                ; --           ;                 ; --       ; --           ;
; AA28     ; 251        ; 5B             ; RESERVED_INPUT_WITH_WEAK_PULLUP ;        ;              ;                     ; Row I/O      ;                 ; no       ; On           ;
; AA29     ;            ; 5B             ; VREFB5BN0                       ; power  ;              ;                     ; --           ;                 ; --       ; --           ;
; AA30     ; 250        ; 5B             ; RESERVED_INPUT_WITH_WEAK_PULLUP ;        ;              ;                     ; Row I/O      ;                 ; no       ; On           ;
; AB1      ;            ;                ; GND                             ; gnd    ;              ;                     ; --           ;                 ; --       ; --           ;
; AB2      ;            ;                ; GND                             ; gnd    ;              ;                     ; --           ;                 ; --       ; --           ;
; AB3      ;            ;                ; DNU                             ;        ;              ;                     ; --           ;                 ; --       ; --           ;
; AB4      ;            ;                ; DNU                             ;        ;              ;                     ; --           ;                 ; --       ; --           ;
; AB5      ;            ;                ; GND                             ; gnd    ;              ;                     ; --           ;                 ; --       ; --           ;
; AB6      ;            ; --             ; VCCA_FPLL                       ; power  ;              ; 2.5V                ; --           ;                 ; --       ; --           ;
; AB7      ;            ;                ; GND                             ; gnd    ;              ;                     ; --           ;                 ; --       ; --           ;
; AB8      ; 43         ; 3A             ; ^nCSO, DATA4                    ;        ;              ;                     ; Weak Pull Up ;                 ; --       ; On           ;
; AB9      ; 42         ; 3A             ; #TDO                            ; output ;              ;                     ; --           ;                 ; --       ; --           ;
; AB10     ;            ; --             ; VCCPGM                          ; power  ;              ; 1.8V/2.5V/3.0V/3.3V ; --           ;                 ; --       ; --           ;
; AB11     ;            ; --             ; VCC_AUX                         ; power  ;              ; 2.5V                ; --           ;                 ; --       ; --           ;
; AB12     ; 72         ; 3A             ; RESERVED_INPUT_WITH_WEAK_PULLUP ;        ;              ;                     ; Column I/O   ;                 ; no       ; On           ;
; AB13     ; 88         ; 3B             ; RESERVED_INPUT_WITH_WEAK_PULLUP ;        ;              ;                     ; Column I/O   ;                 ; no       ; On           ;
; AB14     ;            ; 3B             ; VCCIO3B                         ; power  ;              ; 2.5V                ; --           ;                 ; --       ; --           ;
; AB15     ; 106        ; 3B             ; RESERVED_INPUT_WITH_WEAK_PULLUP ;        ;              ;                     ; Column I/O   ;                 ; no       ; On           ;
; AB16     ;            ; --             ; VCC_AUX                         ; power  ;              ; 2.5V                ; --           ;                 ; --       ; --           ;
; AB17     ; 144        ; 4A             ; RESERVED_INPUT_WITH_WEAK_PULLUP ;        ;              ;                     ; Column I/O   ;                 ; no       ; On           ;
; AB18     ;            ; 3B, 4A         ; VCCPD3B4A                       ; power  ;              ; 2.5V                ; --           ;                 ; --       ; --           ;
; AB19     ;            ;                ; GND                             ; gnd    ;              ;                     ; --           ;                 ; --       ; --           ;
; AB20     ;            ; 3B, 4A         ; VCCPD3B4A                       ; power  ;              ; 2.5V                ; --           ;                 ; --       ; --           ;
; AB21     ; 208        ; 4A             ; RESERVED_INPUT_WITH_WEAK_PULLUP ;        ;              ;                     ; Column I/O   ;                 ; no       ; On           ;
; AB22     ; 225        ; 5A             ; RESERVED_INPUT_WITH_WEAK_PULLUP ;        ;              ;                     ; Row I/O      ;                 ; no       ; On           ;
; AB23     ; 227        ; 5A             ; RESERVED_INPUT_WITH_WEAK_PULLUP ;        ;              ;                     ; Row I/O      ;                 ; no       ; On           ;
; AB24     ;            ; 5A             ; VCCIO5A                         ; power  ;              ; 2.5V                ; --           ;                 ; --       ; --           ;
; AB25     ; 230        ; 5A             ; RESERVED_INPUT_WITH_WEAK_PULLUP ;        ;              ;                     ; Row I/O      ;                 ; no       ; On           ;
; AB26     ; 226        ; 5A             ; RESERVED_INPUT_WITH_WEAK_PULLUP ;        ;              ;                     ; Row I/O      ;                 ; no       ; On           ;
; AB27     ; 254        ; 5B             ; RESERVED_INPUT_WITH_WEAK_PULLUP ;        ;              ;                     ; Row I/O      ;                 ; no       ; On           ;
; AB28     ; 249        ; 5B             ; RESERVED_INPUT_WITH_WEAK_PULLUP ;        ;              ;                     ; Row I/O      ;                 ; no       ; On           ;
; AB29     ;            ;                ; GND                             ; gnd    ;              ;                     ; --           ;                 ; --       ; --           ;
; AB30     ; 248        ; 5B             ; RESERVED_INPUT_WITH_WEAK_PULLUP ;        ;              ;                     ; Row I/O      ;                 ; no       ; On           ;
; AC1      ;            ;                ; GND                             ; gnd    ;              ;                     ; --           ;                 ; --       ; --           ;
; AC2      ;            ;                ; GND                             ; gnd    ;              ;                     ; --           ;                 ; --       ; --           ;
; AC3      ;            ;                ; GND                             ; gnd    ;              ;                     ; --           ;                 ; --       ; --           ;
; AC4      ;            ;                ; GND                             ; gnd    ;              ;                     ; --           ;                 ; --       ; --           ;
; AC5      ; 46         ; 3A             ; #TCK                            ; input  ;              ;                     ; --           ;                 ; --       ; --           ;
; AC6      ;            ;                ; GND                             ; gnd    ;              ;                     ; --           ;                 ; --       ; --           ;
; AC7      ; 45         ; 3A             ; ^AS_DATA3, DATA3                ;        ;              ;                     ; Weak Pull Up ;                 ; --       ; On           ;
; AC8      ;            ;                ; GND                             ; gnd    ;              ;                     ; --           ;                 ; --       ; --           ;
; AC9      ; 58         ; 3A             ; RESERVED_INPUT_WITH_WEAK_PULLUP ;        ;              ;                     ; Column I/O   ;                 ; no       ; On           ;
; AC10     ;            ; 3A             ; VCCPD3A                         ; power  ;              ; 2.5V                ; --           ;                 ; --       ; --           ;
; AC11     ;            ; 3A             ; VCCIO3A                         ; power  ;              ; 2.5V                ; --           ;                 ; --       ; --           ;
; AC12     ; 82         ; 3A             ; RESERVED_INPUT_WITH_WEAK_PULLUP ;        ;              ;                     ; Column I/O   ;                 ; no       ; On           ;
; AC13     ;            ; 3B, 4A         ; VCCPD3B4A                       ; power  ;              ; 2.5V                ; --           ;                 ; --       ; --           ;
; AC14     ; 104        ; 3B             ; RESERVED_INPUT_WITH_WEAK_PULLUP ;        ;              ;                     ; Column I/O   ;                 ; no       ; On           ;
; AC15     ;            ; 3B, 4A         ; VCCPD3B4A                       ; power  ;              ; 2.5V                ; --           ;                 ; --       ; --           ;
; AC16     ;            ;                ; GND                             ; gnd    ;              ;                     ; --           ;                 ; --       ; --           ;
; AC17     ;            ; 3B, 4A         ; VCCPD3B4A                       ; power  ;              ; 2.5V                ; --           ;                 ; --       ; --           ;
; AC18     ; 162        ; 4A             ; RESERVED_INPUT_WITH_WEAK_PULLUP ;        ;              ;                     ; Column I/O   ;                 ; no       ; On           ;
; AC19     ;            ; 3B, 4A         ; VCCPD3B4A                       ; power  ;              ; 2.5V                ; --           ;                 ; --       ; --           ;
; AC20     ; 186        ; 4A             ; RESERVED_INPUT_WITH_WEAK_PULLUP ;        ;              ;                     ; Column I/O   ;                 ; no       ; On           ;
; AC21     ;            ; 4A             ; VCCIO4A                         ; power  ;              ; 2.5V                ; --           ;                 ; --       ; --           ;
; AC22     ; 207        ; 4A             ; RESERVED_INPUT_WITH_WEAK_PULLUP ;        ;              ;                     ; Column I/O   ;                 ; no       ; On           ;
; AC23     ; 205        ; 4A             ; RESERVED_INPUT_WITH_WEAK_PULLUP ;        ;              ;                     ; Column I/O   ;                 ; no       ; On           ;
; AC24     ;            ; 5A             ; VREFB5AN0                       ; power  ;              ;                     ; --           ;                 ; --       ; --           ;
; AC25     ; 215        ; 5A             ; RESERVED_INPUT_WITH_WEAK_PULLUP ;        ;              ;                     ; Row I/O      ;                 ; no       ; On           ;
; AC26     ;            ;                ; GND                             ; gnd    ;              ;                     ; --           ;                 ; --       ; --           ;
; AC27     ; 242        ; 5A             ; RESERVED_INPUT_WITH_WEAK_PULLUP ;        ;              ;                     ; Row I/O      ;                 ; no       ; On           ;
; AC28     ; 245        ; 5B             ; RESERVED_INPUT_WITH_WEAK_PULLUP ;        ;              ;                     ; Row I/O      ;                 ; no       ; On           ;
; AC29     ; 247        ; 5B             ; RESERVED_INPUT_WITH_WEAK_PULLUP ;        ;              ;                     ; Row I/O      ;                 ; no       ; On           ;
; AC30     ; 259        ; 5B             ; RESERVED_INPUT_WITH_WEAK_PULLUP ;        ;              ;                     ; Row I/O      ;                 ; no       ; On           ;
; AD1      ;            ;                ; GND                             ; gnd    ;              ;                     ; --           ;                 ; --       ; --           ;
; AD2      ;            ;                ; GND                             ; gnd    ;              ;                     ; --           ;                 ; --       ; --           ;
; AD3      ;            ;                ; DNU                             ;        ;              ;                     ; --           ;                 ; --       ; --           ;
; AD4      ;            ;                ; DNU                             ;        ;              ;                     ; --           ;                 ; --       ; --           ;
; AD5      ;            ;                ; GND                             ; gnd    ;              ;                     ; --           ;                 ; --       ; --           ;
; AD6      ;            ; 3A             ; VREFB3AN0                       ; power  ;              ;                     ; --           ;                 ; --       ; --           ;
; AD7      ; 62         ; 3A             ; RESERVED_INPUT_WITH_WEAK_PULLUP ;        ;              ;                     ; Column I/O   ;                 ; no       ; On           ;
; AD8      ;            ; 3A             ; VCCIO3A                         ; power  ;              ; 2.5V                ; --           ;                 ; --       ; --           ;
; AD9      ; 55         ; 3A             ; RESERVED_INPUT_WITH_WEAK_PULLUP ;        ;              ;                     ; Column I/O   ;                 ; no       ; On           ;
; AD10     ; 56         ; 3A             ; RESERVED_INPUT_WITH_WEAK_PULLUP ;        ;              ;                     ; Column I/O   ;                 ; no       ; On           ;
; AD11     ; 54         ; 3A             ; RESERVED_INPUT_WITH_WEAK_PULLUP ;        ;              ;                     ; Column I/O   ;                 ; no       ; On           ;
; AD12     ; 80         ; 3A             ; RESERVED_INPUT_WITH_WEAK_PULLUP ;        ;              ;                     ; Column I/O   ;                 ; no       ; On           ;
; AD13     ;            ; 3B             ; VCCIO3B                         ; power  ;              ; 2.5V                ; --           ;                 ; --       ; --           ;
; AD14     ; 98         ; 3B             ; RESERVED_INPUT_WITH_WEAK_PULLUP ;        ;              ;                     ; Column I/O   ;                 ; no       ; On           ;
; AD15     ;            ;                ; DNU                             ;        ;              ;                     ; --           ;                 ; --       ; --           ;
; AD16     ;            ; 3B, 4A         ; VCCPD3B4A                       ; power  ;              ; 2.5V                ; --           ;                 ; --       ; --           ;
; AD17     ; 160        ; 4A             ; RESERVED_INPUT_WITH_WEAK_PULLUP ;        ;              ;                     ; Column I/O   ;                 ; no       ; On           ;
; AD18     ;            ; 4A             ; VCCIO4A                         ; power  ;              ; 2.5V                ; --           ;                 ; --       ; --           ;
; AD19     ; 184        ; 4A             ; RESERVED_INPUT_WITH_WEAK_PULLUP ;        ;              ;                     ; Column I/O   ;                 ; no       ; On           ;
; AD20     ; 199        ; 4A             ; RESERVED_INPUT_WITH_WEAK_PULLUP ;        ;              ;                     ; Column I/O   ;                 ; no       ; On           ;
; AD21     ; 197        ; 4A             ; RESERVED_INPUT_WITH_WEAK_PULLUP ;        ;              ;                     ; Column I/O   ;                 ; no       ; On           ;
; AD22     ;            ; --             ; VCC_AUX                         ; power  ;              ; 2.5V                ; --           ;                 ; --       ; --           ;
; AD23     ;            ;                ; GND                             ; gnd    ;              ;                     ; --           ;                 ; --       ; --           ;
; AD24     ; 211        ; 4A             ; RESERVED_INPUT_WITH_WEAK_PULLUP ;        ;              ;                     ; Column I/O   ;                 ; no       ; On           ;
; AD25     ; 213        ; 5A             ; RESERVED_INPUT_WITH_WEAK_PULLUP ;        ;              ;                     ; Row I/O      ;                 ; no       ; On           ;
; AD26     ; 240        ; 5A             ; RESERVED_INPUT_WITH_WEAK_PULLUP ;        ;              ;                     ; Row I/O      ;                 ; no       ; On           ;
; AD27     ; 222        ; 5A             ; RESERVED_INPUT_WITH_WEAK_PULLUP ;        ;              ;                     ; Row I/O      ;                 ; no       ; On           ;
; AD28     ;            ; 5A             ; VCCIO5A                         ; power  ;              ; 2.5V                ; --           ;                 ; --       ; --           ;
; AD29     ; 255        ; 5B             ; RESERVED_INPUT_WITH_WEAK_PULLUP ;        ;              ;                     ; Row I/O      ;                 ; no       ; On           ;
; AD30     ; 257        ; 5B             ; RESERVED_INPUT_WITH_WEAK_PULLUP ;        ;              ;                     ; Row I/O      ;                 ; no       ; On           ;
; AE1      ;            ;                ; GND                             ; gnd    ;              ;                     ; --           ;                 ; --       ; --           ;
; AE2      ;            ;                ; GND                             ; gnd    ;              ;                     ; --           ;                 ; --       ; --           ;
; AE3      ;            ;                ; GND                             ; gnd    ;              ;                     ; --           ;                 ; --       ; --           ;
; AE4      ;            ;                ; GND                             ; gnd    ;              ;                     ; --           ;                 ; --       ; --           ;
; AE5      ; 49         ; 3A             ; ^AS_DATA1, DATA1                ;        ;              ;                     ; Weak Pull Up ;                 ; --       ; On           ;
; AE6      ; 51         ; 3A             ; ^AS_DATA0, ASDO, DATA0          ;        ;              ;                     ; Weak Pull Up ;                 ; --       ; On           ;
; AE7      ; 60         ; 3A             ; RESERVED_INPUT_WITH_WEAK_PULLUP ;        ;              ;                     ; Column I/O   ;                 ; no       ; On           ;
; AE8      ; 47         ; 3A             ; ^AS_DATA2, DATA2                ;        ;              ;                     ; Weak Pull Up ;                 ; --       ; On           ;
; AE9      ; 53         ; 3A             ; RESERVED_INPUT_WITH_WEAK_PULLUP ;        ;              ;                     ; Column I/O   ;                 ; no       ; On           ;
; AE10     ;            ;                ; GND                             ; gnd    ;              ;                     ; --           ;                 ; --       ; --           ;
; AE11     ; 59         ; 3A             ; RESERVED_INPUT_WITH_WEAK_PULLUP ;        ;              ;                     ; Column I/O   ;                 ; no       ; On           ;
; AE12     ; 52         ; 3A             ; RESERVED_INPUT_WITH_WEAK_PULLUP ;        ;              ;                     ; Column I/O   ;                 ; no       ; On           ;
; AE13     ; 95         ; 3B             ; RESERVED_INPUT_WITH_WEAK_PULLUP ;        ;              ;                     ; Column I/O   ;                 ; no       ; On           ;
; AE14     ; 96         ; 3B             ; RESERVED_INPUT_WITH_WEAK_PULLUP ;        ;              ;                     ; Column I/O   ;                 ; no       ; On           ;
; AE15     ;            ; 3B             ; VCCIO3B                         ; power  ;              ; 2.5V                ; --           ;                 ; --       ; --           ;
; AE16     ; 139        ; 4A             ; RESERVED_INPUT_WITH_WEAK_PULLUP ;        ;              ;                     ; Column I/O   ;                 ; no       ; On           ;
; AE17     ; 135        ; 4A             ; RESERVED_INPUT_WITH_WEAK_PULLUP ;        ;              ;                     ; Column I/O   ;                 ; no       ; On           ;
; AE18     ; 167        ; 4A             ; RESERVED_INPUT_WITH_WEAK_PULLUP ;        ;              ;                     ; Column I/O   ;                 ; no       ; On           ;
; AE19     ; 165        ; 4A             ; RESERVED_INPUT_WITH_WEAK_PULLUP ;        ;              ;                     ; Column I/O   ;                 ; no       ; On           ;
; AE20     ;            ;                ; GND                             ; gnd    ;              ;                     ; --           ;                 ; --       ; --           ;
; AE21     ;            ; 3B, 4A         ; VCCPD3B4A                       ; power  ;              ; 2.5V                ; --           ;                 ; --       ; --           ;
; AE22     ; 191        ; 4A             ; RESERVED_INPUT_WITH_WEAK_PULLUP ;        ;              ;                     ; Column I/O   ;                 ; no       ; On           ;
; AE23     ; 189        ; 4A             ; RESERVED_INPUT_WITH_WEAK_PULLUP ;        ;              ;                     ; Column I/O   ;                 ; no       ; On           ;
; AE24     ; 209        ; 4A             ; RESERVED_INPUT_WITH_WEAK_PULLUP ;        ;              ;                     ; Column I/O   ;                 ; no       ; On           ;
; AE25     ;            ; 4A             ; VCCIO4A                         ; power  ;              ; 2.5V                ; --           ;                 ; --       ; --           ;
; AE26     ; 220        ; 5A             ; RESERVED_INPUT_WITH_WEAK_PULLUP ;        ;              ;                     ; Row I/O      ;                 ; no       ; On           ;
; AE27     ; 229        ; 5A             ; RESERVED_INPUT_WITH_WEAK_PULLUP ;        ;              ;                     ; Row I/O      ;                 ; no       ; On           ;
; AE28     ; 231        ; 5A             ; RESERVED_INPUT_WITH_WEAK_PULLUP ;        ;              ;                     ; Row I/O      ;                 ; no       ; On           ;
; AE29     ; 253        ; 5B             ; RESERVED_INPUT_WITH_WEAK_PULLUP ;        ;              ;                     ; Row I/O      ;                 ; no       ; On           ;
; AE30     ;            ; 5B             ; VCCIO5B                         ; power  ;              ; 2.5V                ; --           ;                 ; --       ; --           ;
; AF1      ;            ;                ; GND                             ; gnd    ;              ;                     ; --           ;                 ; --       ; --           ;
; AF2      ;            ;                ; GND                             ; gnd    ;              ;                     ; --           ;                 ; --       ; --           ;
; AF3      ;            ;                ; GND                             ; gnd    ;              ;                     ; --           ;                 ; --       ; --           ;
; AF4      ; 66         ; 3A             ; RESERVED_INPUT_WITH_WEAK_PULLUP ;        ;              ;                     ; Column I/O   ;                 ; no       ; On           ;
; AF5      ; 64         ; 3A             ; RESERVED_INPUT_WITH_WEAK_PULLUP ;        ;              ;                     ; Column I/O   ;                 ; no       ; On           ;
; AF6      ; 75         ; 3A             ; RESERVED_INPUT_WITH_WEAK_PULLUP ;        ;              ;                     ; Column I/O   ;                 ; no       ; On           ;
; AF7      ;            ; 3A             ; VCCIO3A                         ; power  ;              ; 2.5V                ; --           ;                 ; --       ; --           ;
; AF8      ; 70         ; 3A             ; RESERVED_INPUT_WITH_WEAK_PULLUP ;        ;              ;                     ; Column I/O   ;                 ; no       ; On           ;
; AF9      ; 67         ; 3A             ; RESERVED_INPUT_WITH_WEAK_PULLUP ;        ;              ;                     ; Column I/O   ;                 ; no       ; On           ;
; AF10     ; 57         ; 3A             ; RESERVED_INPUT_WITH_WEAK_PULLUP ;        ;              ;                     ; Column I/O   ;                 ; no       ; On           ;
; AF11     ; 87         ; 3B             ; RESERVED_INPUT_WITH_WEAK_PULLUP ;        ;              ;                     ; Column I/O   ;                 ; no       ; On           ;
; AF12     ;            ;                ; GND                             ; gnd    ;              ;                     ; --           ;                 ; --       ; --           ;
; AF13     ; 93         ; 3B             ; RESERVED_INPUT_WITH_WEAK_PULLUP ;        ;              ;                     ; Column I/O   ;                 ; no       ; On           ;
; AF14     ; 114        ; 3B             ; CLOCK_50                        ; input  ; 2.5 V        ;                     ; Column I/O   ; Y               ; no       ; Off          ;
; AF15     ; 112        ; 3B             ; RESERVED_INPUT_WITH_WEAK_PULLUP ;        ;              ;                     ; Column I/O   ;                 ; no       ; On           ;
; AF16     ; 137        ; 4A             ; RESERVED_INPUT_WITH_WEAK_PULLUP ;        ;              ;                     ; Column I/O   ;                 ; no       ; On           ;
; AF17     ;            ;                ; GND                             ; gnd    ;              ;                     ; --           ;                 ; --       ; --           ;
; AF18     ; 133        ; 4A             ; RESERVED_INPUT_WITH_WEAK_PULLUP ;        ;              ;                     ; Column I/O   ;                 ; no       ; On           ;
; AF19     ; 159        ; 4A             ; RESERVED_INPUT_WITH_WEAK_PULLUP ;        ;              ;                     ; Column I/O   ;                 ; no       ; On           ;
; AF20     ; 175        ; 4A             ; RESERVED_INPUT_WITH_WEAK_PULLUP ;        ;              ;                     ; Column I/O   ;                 ; no       ; On           ;
; AF21     ; 173        ; 4A             ; RESERVED_INPUT_WITH_WEAK_PULLUP ;        ;              ;                     ; Column I/O   ;                 ; no       ; On           ;
; AF22     ;            ; 4A             ; VCCIO4A                         ; power  ;              ; 2.5V                ; --           ;                 ; --       ; --           ;
; AF23     ; 183        ; 4A             ; RESERVED_INPUT_WITH_WEAK_PULLUP ;        ;              ;                     ; Column I/O   ;                 ; no       ; On           ;
; AF24     ; 181        ; 4A             ; RESERVED_INPUT_WITH_WEAK_PULLUP ;        ;              ;                     ; Column I/O   ;                 ; no       ; On           ;
; AF25     ; 206        ; 4A             ; RESERVED_INPUT_WITH_WEAK_PULLUP ;        ;              ;                     ; Column I/O   ;                 ; no       ; On           ;
; AF26     ; 204        ; 4A             ; RESERVED_INPUT_WITH_WEAK_PULLUP ;        ;              ;                     ; Column I/O   ;                 ; no       ; On           ;
; AF27     ;            ;                ; GND                             ; gnd    ;              ;                     ; --           ;                 ; --       ; --           ;
; AF28     ; 235        ; 5A             ; RESERVED_INPUT_WITH_WEAK_PULLUP ;        ;              ;                     ; Row I/O      ;                 ; no       ; On           ;
; AF29     ; 237        ; 5A             ; RESERVED_INPUT_WITH_WEAK_PULLUP ;        ;              ;                     ; Row I/O      ;                 ; no       ; On           ;
; AF30     ; 239        ; 5A             ; RESERVED_INPUT_WITH_WEAK_PULLUP ;        ;              ;                     ; Row I/O      ;                 ; no       ; On           ;
; AG1      ; 71         ; 3A             ; RESERVED_INPUT_WITH_WEAK_PULLUP ;        ;              ;                     ; Column I/O   ;                 ; no       ; On           ;
; AG2      ; 83         ; 3A             ; RESERVED_INPUT_WITH_WEAK_PULLUP ;        ;              ;                     ; Column I/O   ;                 ; no       ; On           ;
; AG3      ; 63         ; 3A             ; RESERVED_INPUT_WITH_WEAK_PULLUP ;        ;              ;                     ; Column I/O   ;                 ; no       ; On           ;
; AG4      ;            ; 3A             ; VCCIO3A                         ; power  ;              ; 2.5V                ; --           ;                 ; --       ; --           ;
; AG5      ; 78         ; 3A             ; RESERVED_INPUT_WITH_WEAK_PULLUP ;        ;              ;                     ; Column I/O   ;                 ; no       ; On           ;
; AG6      ; 73         ; 3A             ; RESERVED_INPUT_WITH_WEAK_PULLUP ;        ;              ;                     ; Column I/O   ;                 ; no       ; On           ;
; AG7      ; 68         ; 3A             ; RESERVED_INPUT_WITH_WEAK_PULLUP ;        ;              ;                     ; Column I/O   ;                 ; no       ; On           ;
; AG8      ; 65         ; 3A             ; RESERVED_INPUT_WITH_WEAK_PULLUP ;        ;              ;                     ; Column I/O   ;                 ; no       ; On           ;
; AG9      ;            ;                ; GND                             ; gnd    ;              ;                     ; --           ;                 ; --       ; --           ;
; AG10     ; 86         ; 3B             ; RESERVED_INPUT_WITH_WEAK_PULLUP ;        ;              ;                     ; Column I/O   ;                 ; no       ; On           ;
; AG11     ; 85         ; 3B             ; RESERVED_INPUT_WITH_WEAK_PULLUP ;        ;              ;                     ; Column I/O   ;                 ; no       ; On           ;
; AG12     ; 103        ; 3B             ; RESERVED_INPUT_WITH_WEAK_PULLUP ;        ;              ;                     ; Column I/O   ;                 ; no       ; On           ;
; AG13     ; 101        ; 3B             ; RESERVED_INPUT_WITH_WEAK_PULLUP ;        ;              ;                     ; Column I/O   ;                 ; no       ; On           ;
; AG14     ;            ;                ; GND                             ; gnd    ;              ;                     ; --           ;                 ; --       ; --           ;
; AG15     ; 127        ; 3B             ; RESERVED_INPUT_WITH_WEAK_PULLUP ;        ;              ;                     ; Column I/O   ;                 ; no       ; On           ;
; AG16     ; 134        ; 4A             ; RESERVED_INPUT_WITH_WEAK_PULLUP ;        ;              ;                     ; Column I/O   ;                 ; no       ; On           ;
; AG17     ; 132        ; 4A             ; RESERVED_INPUT_WITH_WEAK_PULLUP ;        ;              ;                     ; Column I/O   ;                 ; no       ; On           ;
; AG18     ; 150        ; 4A             ; RESERVED_INPUT_WITH_WEAK_PULLUP ;        ;              ;                     ; Column I/O   ;                 ; no       ; On           ;
; AG19     ;            ; 4A             ; VCCIO4A                         ; power  ;              ; 2.5V                ; --           ;                 ; --       ; --           ;
; AG20     ; 157        ; 4A             ; RESERVED_INPUT_WITH_WEAK_PULLUP ;        ;              ;                     ; Column I/O   ;                 ; no       ; On           ;
; AG21     ; 143        ; 4A             ; RESERVED_INPUT_WITH_WEAK_PULLUP ;        ;              ;                     ; Column I/O   ;                 ; no       ; On           ;
; AG22     ; 166        ; 4A             ; RESERVED_INPUT_WITH_WEAK_PULLUP ;        ;              ;                     ; Column I/O   ;                 ; no       ; On           ;
; AG23     ; 163        ; 4A             ; RESERVED_INPUT_WITH_WEAK_PULLUP ;        ;              ;                     ; Column I/O   ;                 ; no       ; On           ;
; AG24     ;            ;                ; GND                             ; gnd    ;              ;                     ; --           ;                 ; --       ; --           ;
; AG25     ; 190        ; 4A             ; RESERVED_INPUT_WITH_WEAK_PULLUP ;        ;              ;                     ; Column I/O   ;                 ; no       ; On           ;
; AG26     ; 203        ; 4A             ; RESERVED_INPUT_WITH_WEAK_PULLUP ;        ;              ;                     ; Column I/O   ;                 ; no       ; On           ;
; AG27     ; 212        ; 5A             ; RESERVED_INPUT_WITH_WEAK_PULLUP ;        ;              ;                     ; Row I/O      ;                 ; no       ; On           ;
; AG28     ; 233        ; 5A             ; RESERVED_INPUT_WITH_WEAK_PULLUP ;        ;              ;                     ; Row I/O      ;                 ; no       ; On           ;
; AG29     ;            ; 5A             ; VCCIO5A                         ; power  ;              ; 2.5V                ; --           ;                 ; --       ; --           ;
; AG30     ; 243        ; 5A             ; RESERVED_INPUT_WITH_WEAK_PULLUP ;        ;              ;                     ; Row I/O      ;                 ; no       ; On           ;
; AH1      ;            ;                ; GND                             ; gnd    ;              ;                     ; --           ;                 ; --       ; --           ;
; AH2      ; 69         ; 3A             ; RESERVED_INPUT_WITH_WEAK_PULLUP ;        ;              ;                     ; Column I/O   ;                 ; no       ; On           ;
; AH3      ; 81         ; 3A             ; RESERVED_INPUT_WITH_WEAK_PULLUP ;        ;              ;                     ; Column I/O   ;                 ; no       ; On           ;
; AH4      ; 61         ; 3A             ; RESERVED_INPUT_WITH_WEAK_PULLUP ;        ;              ;                     ; Column I/O   ;                 ; no       ; On           ;
; AH5      ; 76         ; 3A             ; RESERVED_INPUT_WITH_WEAK_PULLUP ;        ;              ;                     ; Column I/O   ;                 ; no       ; On           ;
; AH6      ;            ;                ; GND                             ; gnd    ;              ;                     ; --           ;                 ; --       ; --           ;
; AH7      ; 115        ; 3B             ; RESERVED_INPUT_WITH_WEAK_PULLUP ;        ;              ;                     ; Column I/O   ;                 ; no       ; On           ;
; AH8      ; 113        ; 3B             ; RESERVED_INPUT_WITH_WEAK_PULLUP ;        ;              ;                     ; Column I/O   ;                 ; no       ; On           ;
; AH9      ; 84         ; 3B             ; RESERVED_INPUT_WITH_WEAK_PULLUP ;        ;              ;                     ; Column I/O   ;                 ; no       ; On           ;
; AH10     ; 118        ; 3B             ; RESERVED_INPUT_WITH_WEAK_PULLUP ;        ;              ;                     ; Column I/O   ;                 ; no       ; On           ;
; AH11     ;            ;                ; GND                             ; gnd    ;              ;                     ; --           ;                 ; --       ; --           ;
; AH12     ; 126        ; 3B             ; RESERVED_INPUT_WITH_WEAK_PULLUP ;        ;              ;                     ; Column I/O   ;                 ; no       ; On           ;
; AH13     ; 111        ; 3B             ; RESERVED_INPUT_WITH_WEAK_PULLUP ;        ;              ;                     ; Column I/O   ;                 ; no       ; On           ;
; AH14     ; 109        ; 3B             ; RESERVED_INPUT_WITH_WEAK_PULLUP ;        ;              ;                     ; Column I/O   ;                 ; no       ; On           ;
; AH15     ; 125        ; 3B             ; RESERVED_INPUT_WITH_WEAK_PULLUP ;        ;              ;                     ; Column I/O   ;                 ; no       ; On           ;
; AH16     ;            ; 4A             ; VCCIO4A                         ; power  ;              ; 2.5V                ; --           ;                 ; --       ; --           ;
; AH17     ; 147        ; 4A             ; RESERVED_INPUT_WITH_WEAK_PULLUP ;        ;              ;                     ; Column I/O   ;                 ; no       ; On           ;
; AH18     ; 145        ; 4A             ; RESERVED_INPUT_WITH_WEAK_PULLUP ;        ;              ;                     ; Column I/O   ;                 ; no       ; On           ;
; AH19     ; 148        ; 4A             ; RESERVED_INPUT_WITH_WEAK_PULLUP ;        ;              ;                     ; Column I/O   ;                 ; no       ; On           ;
; AH20     ; 141        ; 4A             ; RESERVED_INPUT_WITH_WEAK_PULLUP ;        ;              ;                     ; Column I/O   ;                 ; no       ; On           ;
; AH21     ;            ;                ; GND                             ; gnd    ;              ;                     ; --           ;                 ; --       ; --           ;
; AH22     ; 164        ; 4A             ; RESERVED_INPUT_WITH_WEAK_PULLUP ;        ;              ;                     ; Column I/O   ;                 ; no       ; On           ;
; AH23     ; 174        ; 4A             ; RESERVED_INPUT_WITH_WEAK_PULLUP ;        ;              ;                     ; Column I/O   ;                 ; no       ; On           ;
; AH24     ; 161        ; 4A             ; RESERVED_INPUT_WITH_WEAK_PULLUP ;        ;              ;                     ; Column I/O   ;                 ; no       ; On           ;
; AH25     ; 188        ; 4A             ; RESERVED_INPUT_WITH_WEAK_PULLUP ;        ;              ;                     ; Column I/O   ;                 ; no       ; On           ;
; AH26     ;            ; 4A             ; VCCIO4A                         ; power  ;              ; 2.5V                ; --           ;                 ; --       ; --           ;
; AH27     ; 201        ; 4A             ; RESERVED_INPUT_WITH_WEAK_PULLUP ;        ;              ;                     ; Column I/O   ;                 ; no       ; On           ;
; AH28     ; 214        ; 5A             ; RESERVED_INPUT_WITH_WEAK_PULLUP ;        ;              ;                     ; Row I/O      ;                 ; no       ; On           ;
; AH29     ; 218        ; 5A             ; RESERVED_INPUT_WITH_WEAK_PULLUP ;        ;              ;                     ; Row I/O      ;                 ; no       ; On           ;
; AH30     ; 241        ; 5A             ; RESERVED_INPUT_WITH_WEAK_PULLUP ;        ;              ;                     ; Row I/O      ;                 ; no       ; On           ;
; AJ1      ; 79         ; 3A             ; RESERVED_INPUT_WITH_WEAK_PULLUP ;        ;              ;                     ; Column I/O   ;                 ; no       ; On           ;
; AJ2      ; 77         ; 3A             ; RESERVED_INPUT_WITH_WEAK_PULLUP ;        ;              ;                     ; Column I/O   ;                 ; no       ; On           ;
; AJ3      ;            ;                ; GND                             ; gnd    ;              ;                     ; --           ;                 ; --       ; --           ;
; AJ4      ; 94         ; 3B             ; RESERVED_INPUT_WITH_WEAK_PULLUP ;        ;              ;                     ; Column I/O   ;                 ; no       ; On           ;
; AJ5      ; 99         ; 3B             ; RESERVED_INPUT_WITH_WEAK_PULLUP ;        ;              ;                     ; Column I/O   ;                 ; no       ; On           ;
; AJ6      ; 102        ; 3B             ; RESERVED_INPUT_WITH_WEAK_PULLUP ;        ;              ;                     ; Column I/O   ;                 ; no       ; On           ;
; AJ7      ; 100        ; 3B             ; RESERVED_INPUT_WITH_WEAK_PULLUP ;        ;              ;                     ; Column I/O   ;                 ; no       ; On           ;
; AJ8      ;            ; 3B             ; VCCIO3B                         ; power  ;              ; 2.5V                ; --           ;                 ; --       ; --           ;
; AJ9      ; 110        ; 3B             ; RESERVED_INPUT_WITH_WEAK_PULLUP ;        ;              ;                     ; Column I/O   ;                 ; no       ; On           ;
; AJ10     ; 116        ; 3B             ; RESERVED_INPUT_WITH_WEAK_PULLUP ;        ;              ;                     ; Column I/O   ;                 ; no       ; On           ;
; AJ11     ; 119        ; 3B             ; RESERVED_INPUT_WITH_WEAK_PULLUP ;        ;              ;                     ; Column I/O   ;                 ; no       ; On           ;
; AJ12     ; 124        ; 3B             ; RESERVED_INPUT_WITH_WEAK_PULLUP ;        ;              ;                     ; Column I/O   ;                 ; no       ; On           ;
; AJ13     ;            ; 3B             ; VCCIO3B                         ; power  ;              ; 2.5V                ; --           ;                 ; --       ; --           ;
; AJ14     ; 131        ; 3B             ; RESERVED_INPUT_WITH_WEAK_PULLUP ;        ;              ;                     ; Column I/O   ;                 ; no       ; On           ;
; AJ15     ;            ; 3B             ; VREFB3BN0                       ; power  ;              ;                     ; --           ;                 ; --       ; --           ;
; AJ16     ; 142        ; 4A             ; RESERVED_INPUT_WITH_WEAK_PULLUP ;        ;              ;                     ; Column I/O   ;                 ; no       ; On           ;
; AJ17     ; 151        ; 4A             ; RESERVED_INPUT_WITH_WEAK_PULLUP ;        ;              ;                     ; Column I/O   ;                 ; no       ; On           ;
; AJ18     ;            ;                ; GND                             ; gnd    ;              ;                     ; --           ;                 ; --       ; --           ;
; AJ19     ; 155        ; 4A             ; RESERVED_INPUT_WITH_WEAK_PULLUP ;        ;              ;                     ; Column I/O   ;                 ; no       ; On           ;
; AJ20     ; 158        ; 4A             ; RESERVED_INPUT_WITH_WEAK_PULLUP ;        ;              ;                     ; Column I/O   ;                 ; no       ; On           ;
; AJ21     ; 156        ; 4A             ; RESERVED_INPUT_WITH_WEAK_PULLUP ;        ;              ;                     ; Column I/O   ;                 ; no       ; On           ;
; AJ22     ; 172        ; 4A             ; RESERVED_INPUT_WITH_WEAK_PULLUP ;        ;              ;                     ; Column I/O   ;                 ; no       ; On           ;
; AJ23     ;            ; 4A             ; VCCIO4A                         ; power  ;              ; 2.5V                ; --           ;                 ; --       ; --           ;
; AJ24     ; 182        ; 4A             ; RESERVED_INPUT_WITH_WEAK_PULLUP ;        ;              ;                     ; Column I/O   ;                 ; no       ; On           ;
; AJ25     ; 180        ; 4A             ; RESERVED_INPUT_WITH_WEAK_PULLUP ;        ;              ;                     ; Column I/O   ;                 ; no       ; On           ;
; AJ26     ; 187        ; 4A             ; RESERVED_INPUT_WITH_WEAK_PULLUP ;        ;              ;                     ; Column I/O   ;                 ; no       ; On           ;
; AJ27     ; 195        ; 4A             ; RESERVED_INPUT_WITH_WEAK_PULLUP ;        ;              ;                     ; Column I/O   ;                 ; no       ; On           ;
; AJ28     ;            ;                ; GND                             ; gnd    ;              ;                     ; --           ;                 ; --       ; --           ;
; AJ29     ; 216        ; 5A             ; RESERVED_INPUT_WITH_WEAK_PULLUP ;        ;              ;                     ; Row I/O      ;                 ; no       ; On           ;
; AJ30     ;            ;                ; GND                             ; gnd    ;              ;                     ; --           ;                 ; --       ; --           ;
; AK2      ; 91         ; 3B             ; RESERVED_INPUT_WITH_WEAK_PULLUP ;        ;              ;                     ; Column I/O   ;                 ; no       ; On           ;
; AK3      ; 89         ; 3B             ; RESERVED_INPUT_WITH_WEAK_PULLUP ;        ;              ;                     ; Column I/O   ;                 ; no       ; On           ;
; AK4      ; 92         ; 3B             ; RESERVED_INPUT_WITH_WEAK_PULLUP ;        ;              ;                     ; Column I/O   ;                 ; no       ; On           ;
; AK5      ;            ;                ; GND                             ; gnd    ;              ;                     ; --           ;                 ; --       ; --           ;
; AK6      ; 97         ; 3B             ; RESERVED_INPUT_WITH_WEAK_PULLUP ;        ;              ;                     ; Column I/O   ;                 ; no       ; On           ;
; AK7      ; 107        ; 3B             ; RESERVED_INPUT_WITH_WEAK_PULLUP ;        ;              ;                     ; Column I/O   ;                 ; no       ; On           ;
; AK8      ; 105        ; 3B             ; RESERVED_INPUT_WITH_WEAK_PULLUP ;        ;              ;                     ; Column I/O   ;                 ; no       ; On           ;
; AK9      ; 108        ; 3B             ; RESERVED_INPUT_WITH_WEAK_PULLUP ;        ;              ;                     ; Column I/O   ;                 ; no       ; On           ;
; AK10     ;            ; 3B             ; VCCIO3B                         ; power  ;              ; 2.5V                ; --           ;                 ; --       ; --           ;
; AK11     ; 117        ; 3B             ; RESERVED_INPUT_WITH_WEAK_PULLUP ;        ;              ;                     ; Column I/O   ;                 ; no       ; On           ;
; AK12     ; 123        ; 3B             ; RESERVED_INPUT_WITH_WEAK_PULLUP ;        ;              ;                     ; Column I/O   ;                 ; no       ; On           ;
; AK13     ; 121        ; 3B             ; RESERVED_INPUT_WITH_WEAK_PULLUP ;        ;              ;                     ; Column I/O   ;                 ; no       ; On           ;
; AK14     ; 129        ; 3B             ; RESERVED_INPUT_WITH_WEAK_PULLUP ;        ;              ;                     ; Column I/O   ;                 ; no       ; On           ;
; AK15     ;            ;                ; GND                             ; gnd    ;              ;                     ; --           ;                 ; --       ; --           ;
; AK16     ; 140        ; 4A             ; RESERVED_INPUT_WITH_WEAK_PULLUP ;        ;              ;                     ; Column I/O   ;                 ; no       ; On           ;
; AK17     ;            ; 4A             ; VREFB4AN0                       ; power  ;              ;                     ; --           ;                 ; --       ; --           ;
; AK18     ; 149        ; 4A             ; RESERVED_INPUT_WITH_WEAK_PULLUP ;        ;              ;                     ; Column I/O   ;                 ; no       ; On           ;
; AK19     ; 153        ; 4A             ; RESERVED_INPUT_WITH_WEAK_PULLUP ;        ;              ;                     ; Column I/O   ;                 ; no       ; On           ;
; AK20     ;            ; 4A             ; VCCIO4A                         ; power  ;              ; 2.5V                ; --           ;                 ; --       ; --           ;
; AK21     ; 171        ; 4A             ; RESERVED_INPUT_WITH_WEAK_PULLUP ;        ;              ;                     ; Column I/O   ;                 ; no       ; On           ;
; AK22     ; 169        ; 4A             ; RESERVED_INPUT_WITH_WEAK_PULLUP ;        ;              ;                     ; Column I/O   ;                 ; no       ; On           ;
; AK23     ; 179        ; 4A             ; RESERVED_INPUT_WITH_WEAK_PULLUP ;        ;              ;                     ; Column I/O   ;                 ; no       ; On           ;
; AK24     ; 177        ; 4A             ; RESERVED_INPUT_WITH_WEAK_PULLUP ;        ;              ;                     ; Column I/O   ;                 ; no       ; On           ;
; AK25     ;            ;                ; GND                             ; gnd    ;              ;                     ; --           ;                 ; --       ; --           ;
; AK26     ; 185        ; 4A             ; RESERVED_INPUT_WITH_WEAK_PULLUP ;        ;              ;                     ; Column I/O   ;                 ; no       ; On           ;
; AK27     ; 193        ; 4A             ; RESERVED_INPUT_WITH_WEAK_PULLUP ;        ;              ;                     ; Column I/O   ;                 ; no       ; On           ;
; AK28     ; 198        ; 4A             ; RESERVED_INPUT_WITH_WEAK_PULLUP ;        ;              ;                     ; Column I/O   ;                 ; no       ; On           ;
; AK29     ; 196        ; 4A             ; RESERVED_INPUT_WITH_WEAK_PULLUP ;        ;              ;                     ; Column I/O   ;                 ; no       ; On           ;
; B1       ; 509        ; 8A             ; RESERVED_INPUT_WITH_WEAK_PULLUP ;        ;              ;                     ; Column I/O   ;                 ; no       ; On           ;
; B2       ; 507        ; 8A             ; RESERVED_INPUT_WITH_WEAK_PULLUP ;        ;              ;                     ; Column I/O   ;                 ; no       ; On           ;
; B3       ; 513        ; 8A             ; RESERVED_INPUT_WITH_WEAK_PULLUP ;        ;              ;                     ; Column I/O   ;                 ; no       ; On           ;
; B4       ;            ; 8A             ; VCCIO8A                         ; power  ;              ; 2.5V                ; --           ;                 ; --       ; --           ;
; B5       ; 512        ; 8A             ; RESERVED_INPUT_WITH_WEAK_PULLUP ;        ;              ;                     ; Column I/O   ;                 ; no       ; On           ;
; B6       ; 510        ; 8A             ; RESERVED_INPUT_WITH_WEAK_PULLUP ;        ;              ;                     ; Column I/O   ;                 ; no       ; On           ;
; B7       ; 477        ; 8A             ; RESERVED_INPUT_WITH_WEAK_PULLUP ;        ;              ;                     ; Column I/O   ;                 ; no       ; On           ;
; B8       ; 481        ; 8A             ; RESERVED_INPUT_WITH_WEAK_PULLUP ;        ;              ;                     ; Column I/O   ;                 ; no       ; On           ;
; B9       ;            ;                ; GND                             ; gnd    ;              ;                     ; --           ;                 ; --       ; --           ;
; B10      ;            ; 8A             ; VREFB8AN0                       ; power  ;              ;                     ; --           ;                 ; --       ; --           ;
; B11      ; 469        ; 8A             ; VGA_HS                          ; output ; 2.5 V        ;                     ; Column I/O   ; Y               ; no       ; Off          ;
; B12      ; 464        ; 8A             ; VGA_R[3]                        ; output ; 2.5 V        ;                     ; Column I/O   ; Y               ; no       ; Off          ;
; B13      ; 459        ; 8A             ; VGA_B[0]                        ; output ; 2.5 V        ;                     ; Column I/O   ; Y               ; no       ; Off          ;
; B14      ;            ;                ; GND                             ; gnd    ;              ;                     ; --           ;                 ; --       ; --           ;
; B15      ; 451        ; 7D             ; RESERVED_INPUT_WITH_WEAK_PULLUP ;        ;              ;                     ; Column I/O   ;                 ; no       ; On           ;
; B16      ; 441        ; 7C             ; RESERVED_INPUT_WITH_WEAK_PULLUP ;        ;              ;                     ; Column I/O   ;                 ; no       ; On           ;
; B17      ; 431        ; 7C             ; RESERVED_INPUT_WITH_WEAK_PULLUP ;        ;              ;                     ; Column I/O   ;                 ; no       ; On           ;
; B18      ; 418        ; 7B             ; RESERVED_INPUT_WITH_WEAK_PULLUP ;        ;              ;                     ; Column I/O   ;                 ; no       ; On           ;
; B19      ;            ;                ; GND                             ; gnd    ;              ;                     ; --           ;                 ; --       ; --           ;
; B20      ; 417        ; 7B             ; RESERVED_INPUT_WITH_WEAK_PULLUP ;        ;              ;                     ; Column I/O   ;                 ; no       ; On           ;
; B21      ; 413        ; 7B             ; RESERVED_INPUT_WITH_WEAK_PULLUP ;        ;              ;                     ; Column I/O   ;                 ; no       ; On           ;
; B22      ; 399        ; 7A             ; RESERVED_INPUT_WITH_WEAK_PULLUP ;        ;              ;                     ; Column I/O   ;                 ; no       ; On           ;
; B23      ; 397        ; 7A             ; RESERVED_INPUT_WITH_WEAK_PULLUP ;        ;              ;                     ; Column I/O   ;                 ; no       ; On           ;
; B24      ;            ;                ; GND                             ; gnd    ;              ;                     ; --           ;                 ; --       ; --           ;
; B25      ; 387        ; 7A             ; RESERVED_INPUT_WITH_WEAK_PULLUP ;        ;              ;                     ; Column I/O   ;                 ; no       ; On           ;
; B26      ; 386        ; 7A             ; RESERVED_INPUT_WITH_WEAK_PULLUP ;        ;              ;                     ; Column I/O   ;                 ; no       ; On           ;
; B27      ; 381        ; 7A             ; ^HPS_TDI                        ;        ;              ;                     ; --           ;                 ; --       ; --           ;
; B28      ; 376        ; 7A             ; ^HPS_TDO                        ;        ;              ;                     ; --           ;                 ; --       ; --           ;
; B29      ;            ;                ; GND                             ; gnd    ;              ;                     ; --           ;                 ; --       ; --           ;
; B30      ; 365        ; 6A             ; RESERVED_INPUT_WITH_WEAK_PULLUP ;        ;              ;                     ; Row I/O      ;                 ; no       ; On           ;
; C1       ;            ;                ; GND                             ; gnd    ;              ;                     ; --           ;                 ; --       ; --           ;
; C2       ; 517        ; 8A             ; RESERVED_INPUT_WITH_WEAK_PULLUP ;        ;              ;                     ; Column I/O   ;                 ; no       ; On           ;
; C3       ; 511        ; 8A             ; RESERVED_INPUT_WITH_WEAK_PULLUP ;        ;              ;                     ; Column I/O   ;                 ; no       ; On           ;
; C4       ; 501        ; 8A             ; RESERVED_INPUT_WITH_WEAK_PULLUP ;        ;              ;                     ; Column I/O   ;                 ; no       ; On           ;
; C5       ; 497        ; 8A             ; RESERVED_INPUT_WITH_WEAK_PULLUP ;        ;              ;                     ; Column I/O   ;                 ; no       ; On           ;
; C6       ;            ;                ; GND                             ; gnd    ;              ;                     ; --           ;                 ; --       ; --           ;
; C7       ; 475        ; 8A             ; RESERVED_INPUT_WITH_WEAK_PULLUP ;        ;              ;                     ; Column I/O   ;                 ; no       ; On           ;
; C8       ; 479        ; 8A             ; RESERVED_INPUT_WITH_WEAK_PULLUP ;        ;              ;                     ; Column I/O   ;                 ; no       ; On           ;
; C9       ; 485        ; 8A             ; RESERVED_INPUT_WITH_WEAK_PULLUP ;        ;              ;                     ; Column I/O   ;                 ; no       ; On           ;
; C10      ; 483        ; 8A             ; VGA_SYNC_N                      ; output ; 2.5 V        ;                     ; Column I/O   ; Y               ; no       ; Off          ;
; C11      ;            ; 8A             ; VCCIO8A                         ; power  ;              ; 2.5V                ; --           ;                 ; --       ; --           ;
; C12      ; 467        ; 8A             ; VGA_R[4]                        ; output ; 2.5 V        ;                     ; Column I/O   ; Y               ; no       ; Off          ;
; C13      ; 462        ; 8A             ; VGA_R[1]                        ; output ; 2.5 V        ;                     ; Column I/O   ; Y               ; no       ; Off          ;
; C14      ; 448        ; 7D             ; RESERVED_INPUT_WITH_WEAK_PULLUP ;        ;              ;                     ; Column I/O   ;                 ; no       ; On           ;
; C15      ; 453        ; 7D             ; RESERVED_INPUT_WITH_WEAK_PULLUP ;        ;              ;                     ; Column I/O   ;                 ; no       ; On           ;
; C16      ;            ;                ; GND                             ; gnd    ;              ;                     ; --           ;                 ; --       ; --           ;
; C17      ; 433        ; 7C             ; RESERVED_INPUT_WITH_WEAK_PULLUP ;        ;              ;                     ; Column I/O   ;                 ; no       ; On           ;
; C18      ; 435        ; 7C             ; RESERVED_INPUT_WITH_WEAK_PULLUP ;        ;              ;                     ; Column I/O   ;                 ; no       ; On           ;
; C19      ; 427        ; 7B             ; RESERVED_INPUT_WITH_WEAK_PULLUP ;        ;              ;                     ; Column I/O   ;                 ; no       ; On           ;
; C20      ; 421        ; 7B             ; RESERVED_INPUT_WITH_WEAK_PULLUP ;        ;              ;                     ; Column I/O   ;                 ; no       ; On           ;
; C21      ;            ;                ; GND                             ; gnd    ;              ;                     ; --           ;                 ; --       ; --           ;
; C22      ; 396        ; 7A             ; RESERVED_INPUT_WITH_WEAK_PULLUP ;        ;              ;                     ; Column I/O   ;                 ; no       ; On           ;
; C23      ; 401        ; 7A             ; RESERVED_INPUT_WITH_WEAK_PULLUP ;        ;              ;                     ; Column I/O   ;                 ; no       ; On           ;
; C24      ; 393        ; 7A             ; RESERVED_INPUT_WITH_WEAK_PULLUP ;        ;              ;                     ; Column I/O   ;                 ; no       ; On           ;
; C25      ; 388        ; 7A             ; RESERVED_INPUT_WITH_WEAK_PULLUP ;        ;              ;                     ; Column I/O   ;                 ; no       ; On           ;
; C26      ;            ;                ; GND                             ; gnd    ;              ;                     ; --           ;                 ; --       ; --           ;
; C27      ; 374        ; 7A             ; ^HPS_nRST                       ;        ;              ;                     ; --           ;                 ; --       ; --           ;
; C28      ; 369        ; 6A             ; RESERVED_INPUT_WITH_WEAK_PULLUP ;        ;              ;                     ; Row I/O      ;                 ; no       ; On           ;
; C29      ; 367        ; 6A             ; RESERVED_INPUT_WITH_WEAK_PULLUP ;        ;              ;                     ; Row I/O      ;                 ; no       ; On           ;
; C30      ; 363        ; 6A             ; RESERVED_INPUT_WITH_WEAK_PULLUP ;        ;              ;                     ; Row I/O      ;                 ; no       ; On           ;
; D1       ; 529        ; 8A             ; RESERVED_INPUT_WITH_WEAK_PULLUP ;        ;              ;                     ; Column I/O   ;                 ; no       ; On           ;
; D2       ; 515        ; 8A             ; RESERVED_INPUT_WITH_WEAK_PULLUP ;        ;              ;                     ; Column I/O   ;                 ; no       ; On           ;
; D3       ;            ;                ; GND                             ; gnd    ;              ;                     ; --           ;                 ; --       ; --           ;
; D4       ; 521        ; 8A             ; RESERVED_INPUT_WITH_WEAK_PULLUP ;        ;              ;                     ; Column I/O   ;                 ; no       ; On           ;
; D5       ; 499        ; 8A             ; RESERVED_INPUT_WITH_WEAK_PULLUP ;        ;              ;                     ; Column I/O   ;                 ; no       ; On           ;
; D6       ; 495        ; 8A             ; RESERVED_INPUT_WITH_WEAK_PULLUP ;        ;              ;                     ; Column I/O   ;                 ; no       ; On           ;
; D7       ; 505        ; 8A             ; RESERVED_INPUT_WITH_WEAK_PULLUP ;        ;              ;                     ; Column I/O   ;                 ; no       ; On           ;
; D8       ;            ; 8A             ; VCCIO8A                         ; power  ;              ; 2.5V                ; --           ;                 ; --       ; --           ;
; D9       ; 480        ; 8A             ; RESERVED_INPUT_WITH_WEAK_PULLUP ;        ;              ;                     ; Column I/O   ;                 ; no       ; On           ;
; D10      ; 472        ; 8A             ; RESERVED_INPUT_WITH_WEAK_PULLUP ;        ;              ;                     ; Column I/O   ;                 ; no       ; On           ;
; D11      ; 470        ; 8A             ; VGA_VS                          ; output ; 2.5 V        ;                     ; Column I/O   ; Y               ; no       ; Off          ;
; D12      ; 496        ; 8A             ; VGA_R[5]                        ; output ; 2.5 V        ;                     ; Column I/O   ; Y               ; no       ; Off          ;
; D13      ;            ;                ; GND                             ; gnd    ;              ;                     ; --           ;                 ; --       ; --           ;
; D14      ; 446        ; 7D             ; RESERVED_INPUT_WITH_WEAK_PULLUP ;        ;              ;                     ; Column I/O   ;                 ; no       ; On           ;
; D15      ; 449        ; 7D             ; RESERVED_INPUT_WITH_WEAK_PULLUP ;        ;              ;                     ; Column I/O   ;                 ; no       ; On           ;
; D16      ; 445        ; 7D             ; RESERVED_INPUT_WITH_WEAK_PULLUP ;        ;              ;                     ; Column I/O   ;                 ; no       ; On           ;
; D17      ; 440        ; 7C             ; RESERVED_INPUT_WITH_WEAK_PULLUP ;        ;              ;                     ; Column I/O   ;                 ; no       ; On           ;
; D18      ;            ; 7C             ; VCCIO7C_HPS                     ; power  ;              ; 2.5V                ; --           ;                 ; --       ; --           ;
; D19      ; 426        ; 7B             ; RESERVED_INPUT_WITH_WEAK_PULLUP ;        ;              ;                     ; Column I/O   ;                 ; no       ; On           ;
; D20      ; 420        ; 7B             ; RESERVED_INPUT_WITH_WEAK_PULLUP ;        ;              ;                     ; Column I/O   ;                 ; no       ; On           ;
; D21      ; 419        ; 7B             ; RESERVED_INPUT_WITH_WEAK_PULLUP ;        ;              ;                     ; Column I/O   ;                 ; no       ; On           ;
; D22      ; 402        ; 7A             ; RESERVED_INPUT_WITH_WEAK_PULLUP ;        ;              ;                     ; Column I/O   ;                 ; no       ; On           ;
; D23      ;            ;                ; GND                             ; gnd    ;              ;                     ; --           ;                 ; --       ; --           ;
; D24      ; 404        ; 7A             ; RESERVED_INPUT_WITH_WEAK_PULLUP ;        ;              ;                     ; Column I/O   ;                 ; no       ; On           ;
; D25      ; 384        ; 7A             ; ^HPS_CLK1                       ;        ;              ;                     ; --           ;                 ; --       ; --           ;
; D26      ; 373        ; 7A             ; ^GND                            ;        ;              ;                     ; --           ;                 ; --       ; --           ;
; D27      ; 371        ; 6A             ; HPS_RZQ_0                       ;        ;              ;                     ; --           ;                 ; no       ; On           ;
; D28      ;            ; 6A             ; VCCIO6A_HPS                     ; power  ;              ; 2.5V                ; --           ;                 ; --       ; --           ;
; D29      ; 361        ; 6A             ; RESERVED_INPUT_WITH_WEAK_PULLUP ;        ;              ;                     ; Row I/O      ;                 ; no       ; On           ;
; D30      ; 359        ; 6A             ; RESERVED_INPUT_WITH_WEAK_PULLUP ;        ;              ;                     ; Row I/O      ;                 ; no       ; On           ;
; E1       ; 527        ; 8A             ; RESERVED_INPUT_WITH_WEAK_PULLUP ;        ;              ;                     ; Column I/O   ;                 ; no       ; On           ;
; E2       ; 525        ; 8A             ; RESERVED_INPUT_WITH_WEAK_PULLUP ;        ;              ;                     ; Column I/O   ;                 ; no       ; On           ;
; E3       ; 523        ; 8A             ; RESERVED_INPUT_WITH_WEAK_PULLUP ;        ;              ;                     ; Column I/O   ;                 ; no       ; On           ;
; E4       ; 519        ; 8A             ; RESERVED_INPUT_WITH_WEAK_PULLUP ;        ;              ;                     ; Column I/O   ;                 ; no       ; On           ;
; E5       ;            ; 8A             ; VCCIO8A                         ; power  ;              ; 2.5V                ; --           ;                 ; --       ; --           ;
; E6       ; 533        ; 8A             ; RESERVED_INPUT_WITH_WEAK_PULLUP ;        ;              ;                     ; Column I/O   ;                 ; no       ; On           ;
; E7       ; 531        ; 8A             ; RESERVED_INPUT_WITH_WEAK_PULLUP ;        ;              ;                     ; Column I/O   ;                 ; no       ; On           ;
; E8       ; 503        ; 8A             ; RESERVED_INPUT_WITH_WEAK_PULLUP ;        ;              ;                     ; Column I/O   ;                 ; no       ; On           ;
; E9       ; 478        ; 8A             ; RESERVED_INPUT_WITH_WEAK_PULLUP ;        ;              ;                     ; Column I/O   ;                 ; no       ; On           ;
; E10      ;            ;                ; GND                             ; gnd    ;              ;                     ; --           ;                 ; --       ; --           ;
; E11      ; 504        ; 8A             ; VGA_G[7]                        ; output ; 2.5 V        ;                     ; Column I/O   ; Y               ; no       ; Off          ;
; E12      ; 494        ; 8A             ; VGA_R[6]                        ; output ; 2.5 V        ;                     ; Column I/O   ; Y               ; no       ; Off          ;
; E13      ; 488        ; 8A             ; VGA_R[2]                        ; output ; 2.5 V        ;                     ; Column I/O   ; Y               ; no       ; Off          ;
; E14      ; 454        ; 7D             ; RESERVED_INPUT_WITH_WEAK_PULLUP ;        ;              ;                     ; Column I/O   ;                 ; no       ; On           ;
; E15      ;            ; 7D             ; VCCIO7D_HPS                     ; power  ;              ; 2.5V                ; --           ;                 ; --       ; --           ;
; E16      ; 443        ; 7D             ; RESERVED_INPUT_WITH_WEAK_PULLUP ;        ;              ;                     ; Column I/O   ;                 ; no       ; On           ;
; E17      ; 438        ; 7C             ; RESERVED_INPUT_WITH_WEAK_PULLUP ;        ;              ;                     ; Column I/O   ;                 ; no       ; On           ;
; E18      ; 437        ; 7C             ; RESERVED_INPUT_WITH_WEAK_PULLUP ;        ;              ;                     ; Column I/O   ;                 ; no       ; On           ;
; E19      ; 424        ; 7B             ; RESERVED_INPUT_WITH_WEAK_PULLUP ;        ;              ;                     ; Column I/O   ;                 ; no       ; On           ;
; E20      ;            ; 7B             ; VCCIO7B_HPS                     ; power  ;              ; 2.5V                ; --           ;                 ; --       ; --           ;
; E21      ; 412        ; 7B             ; RESERVED_INPUT_WITH_WEAK_PULLUP ;        ;              ;                     ; Column I/O   ;                 ; no       ; On           ;
; E22      ;            ; 7A, 7B, 7C, 7D ; VREFB7A7B7C7DN0_HPS             ; power  ;              ;                     ; --           ;                 ; --       ; --           ;
; E23      ; 394        ; 7A             ; RESERVED_INPUT_WITH_WEAK_PULLUP ;        ;              ;                     ; Column I/O   ;                 ; no       ; On           ;
; E24      ; 403        ; 7A             ; RESERVED_INPUT_WITH_WEAK_PULLUP ;        ;              ;                     ; Column I/O   ;                 ; no       ; On           ;
; E25      ;            ;                ; GND                             ; gnd    ;              ;                     ; --           ;                 ; --       ; --           ;
; E26      ;            ;                ; DNU                             ;        ;              ;                     ; --           ;                 ; --       ; --           ;
; E27      ; 357        ; 6A             ; RESERVED_INPUT_WITH_WEAK_PULLUP ;        ;              ;                     ; Row I/O      ;                 ; no       ; On           ;
; E28      ; 351        ; 6A             ; RESERVED_INPUT_WITH_WEAK_PULLUP ;        ;              ;                     ; Row I/O      ;                 ; no       ; On           ;
; E29      ; 353        ; 6A             ; RESERVED_INPUT_WITH_WEAK_PULLUP ;        ;              ;                     ; Row I/O      ;                 ; no       ; On           ;
; E30      ;            ;                ; GND                             ; gnd    ;              ;                     ; --           ;                 ; --       ; --           ;
; F1       ;            ;                ; DNU                             ;        ;              ;                     ; --           ;                 ; --       ; --           ;
; F2       ;            ;                ; GND                             ; gnd    ;              ;                     ; --           ;                 ; --       ; --           ;
; F3       ; 539        ; 9A             ; ^CONF_DONE                      ;        ;              ;                     ; --           ;                 ; --       ; --           ;
; F4       ; 541        ; 9A             ; ^nSTATUS                        ;        ;              ;                     ; --           ;                 ; --       ; --           ;
; F5       ;            ;                ; GND                             ; gnd    ;              ;                     ; --           ;                 ; --       ; --           ;
; F6       ; 537        ; 8A             ; RESERVED_INPUT_WITH_WEAK_PULLUP ;        ;              ;                     ; Column I/O   ;                 ; no       ; On           ;
; F7       ;            ;                ; GND                             ; gnd    ;              ;                     ; --           ;                 ; --       ; --           ;
; F8       ; 536        ; 8A             ; RESERVED_INPUT_WITH_WEAK_PULLUP ;        ;              ;                     ; Column I/O   ;                 ; no       ; On           ;
; F9       ; 534        ; 8A             ; RESERVED_INPUT_WITH_WEAK_PULLUP ;        ;              ;                     ; Column I/O   ;                 ; no       ; On           ;
; F10      ; 528        ; 8A             ; VGA_BLANK_N                     ; output ; 2.5 V        ;                     ; Column I/O   ; Y               ; no       ; Off          ;
; F11      ; 502        ; 8A             ; VGA_G[6]                        ; output ; 2.5 V        ;                     ; Column I/O   ; Y               ; no       ; Off          ;
; F12      ;            ; 8A             ; VCCIO8A                         ; power  ;              ; 2.5V                ; --           ;                 ; --       ; --           ;
; F13      ; 486        ; 8A             ; VGA_R[7]                        ; output ; 2.5 V        ;                     ; Column I/O   ; Y               ; no       ; Off          ;
; F14      ; 468        ; 8A             ; VGA_B[3]                        ; output ; 2.5 V        ;                     ; Column I/O   ; Y               ; no       ; Off          ;
; F15      ; 466        ; 8A             ; VGA_B[5]                        ; output ; 2.5 V        ;                     ; Column I/O   ; Y               ; no       ; Off          ;
; F16      ; 442        ; 7D             ; RESERVED_INPUT_WITH_WEAK_PULLUP ;        ;              ;                     ; Column I/O   ;                 ; no       ; On           ;
; F17      ;            ;                ; GND                             ; gnd    ;              ;                     ; --           ;                 ; --       ; --           ;
; F18      ; 430        ; 7C             ; RESERVED_INPUT_WITH_WEAK_PULLUP ;        ;              ;                     ; Column I/O   ;                 ; no       ; On           ;
; F19      ; 410        ; 7B             ; RESERVED_INPUT_WITH_WEAK_PULLUP ;        ;              ;                     ; Column I/O   ;                 ; no       ; On           ;
; F20      ; 407        ; 7B             ; RESERVED_INPUT_WITH_WEAK_PULLUP ;        ;              ;                     ; Column I/O   ;                 ; no       ; On           ;
; F21      ; 409        ; 7B             ; RESERVED_INPUT_WITH_WEAK_PULLUP ;        ;              ;                     ; Column I/O   ;                 ; no       ; On           ;
; F22      ;            ; 7A             ; VCCIO7A_HPS                     ; power  ;              ; 2.5V                ; --           ;                 ; --       ; --           ;
; F23      ; 375        ; 7A             ; ^HPS_nPOR                       ;        ;              ;                     ; --           ;                 ; --       ; --           ;
; F24      ; 383        ; 7A             ; ^HPS_PORSEL                     ;        ;              ;                     ; --           ;                 ; --       ; --           ;
; F25      ; 385        ; 7A             ; ^HPS_CLK2                       ;        ;              ;                     ; --           ;                 ; --       ; --           ;
; F26      ; 341        ; 6A             ; RESERVED_INPUT_WITH_WEAK_PULLUP ;        ;              ;                     ; Row I/O      ;                 ; no       ; On           ;
; F27      ;            ;                ; GND                             ; gnd    ;              ;                     ; --           ;                 ; --       ; --           ;
; F28      ; 345        ; 6A             ; RESERVED_INPUT_WITH_WEAK_PULLUP ;        ;              ;                     ; Row I/O      ;                 ; no       ; On           ;
; F29      ; 349        ; 6A             ; RESERVED_INPUT_WITH_WEAK_PULLUP ;        ;              ;                     ; Row I/O      ;                 ; no       ; On           ;
; F30      ; 347        ; 6A             ; RESERVED_INPUT_WITH_WEAK_PULLUP ;        ;              ;                     ; Row I/O      ;                 ; no       ; On           ;
; G1       ;            ;                ; GND                             ;        ;              ;                     ; --           ;                 ; --       ; --           ;
; G2       ;            ;                ; DNU                             ;        ;              ;                     ; --           ;                 ; --       ; --           ;
; G3       ;            ;                ; GND                             ; gnd    ;              ;                     ; --           ;                 ; --       ; --           ;
; G4       ;            ;                ; GND                             ; gnd    ;              ;                     ; --           ;                 ; --       ; --           ;
; G5       ; 542        ; 9A             ; ^nCE                            ;        ;              ;                     ; --           ;                 ; --       ; --           ;
; G6       ; 543        ; 9A             ; ^MSEL2                          ;        ;              ;                     ; --           ;                 ; --       ; --           ;
; G7       ; 535        ; 8A             ; RESERVED_INPUT_WITH_WEAK_PULLUP ;        ;              ;                     ; Column I/O   ;                 ; no       ; On           ;
; G8       ; 492        ; 8A             ; RESERVED_INPUT_WITH_WEAK_PULLUP ;        ;              ;                     ; Column I/O   ;                 ; no       ; On           ;
; G9       ;            ; 8A             ; VCCIO8A                         ; power  ;              ; 2.5V                ; --           ;                 ; --       ; --           ;
; G10      ; 526        ; 8A             ; VGA_G[3]                        ; output ; 2.5 V        ;                     ; Column I/O   ; Y               ; no       ; Off          ;
; G11      ; 520        ; 8A             ; VGA_G[4]                        ; output ; 2.5 V        ;                     ; Column I/O   ; Y               ; no       ; Off          ;
; G12      ; 518        ; 8A             ; VGA_G[5]                        ; output ; 2.5 V        ;                     ; Column I/O   ; Y               ; no       ; Off          ;
; G13      ; 484        ; 8A             ; VGA_B[1]                        ; output ; 2.5 V        ;                     ; Column I/O   ; Y               ; no       ; Off          ;
; G14      ;            ; 8A             ; VCCIO8A                         ; power  ;              ; 2.5V                ; --           ;                 ; --       ; --           ;
; G15      ; 460        ; 8A             ; VGA_B[6]                        ; output ; 2.5 V        ;                     ; Column I/O   ; Y               ; no       ; Off          ;
; G16      ; 444        ; 7D             ; RESERVED_INPUT_WITH_WEAK_PULLUP ;        ;              ;                     ; Column I/O   ;                 ; no       ; On           ;
; G17      ; 436        ; 7C             ; RESERVED_INPUT_WITH_WEAK_PULLUP ;        ;              ;                     ; Column I/O   ;                 ; no       ; On           ;
; G18      ; 432        ; 7C             ; RESERVED_INPUT_WITH_WEAK_PULLUP ;        ;              ;                     ; Column I/O   ;                 ; no       ; On           ;
; G19      ;            ; 7B             ; VCCIO7B_HPS                     ; power  ;              ; 2.5V                ; --           ;                 ; --       ; --           ;
; G20      ; 416        ; 7B             ; RESERVED_INPUT_WITH_WEAK_PULLUP ;        ;              ;                     ; Column I/O   ;                 ; no       ; On           ;
; G21      ; 392        ; 7A             ; RESERVED_INPUT_WITH_WEAK_PULLUP ;        ;              ;                     ; Column I/O   ;                 ; no       ; On           ;
; G22      ; 400        ; 7A             ; RESERVED_INPUT_WITH_WEAK_PULLUP ;        ;              ;                     ; Column I/O   ;                 ; no       ; On           ;
; G23      ; 377        ; 7A             ; ^VCCRSTCLK_HPS                  ;        ;              ;                     ; --           ;                 ; --       ; --           ;
; G24      ;            ;                ; GND                             ; gnd    ;              ;                     ; --           ;                 ; --       ; --           ;
; G25      ; 370        ; 6A             ; RESERVED_INPUT_WITH_WEAK_PULLUP ;        ;              ;                     ; Row I/O      ;                 ; no       ; On           ;
; G26      ; 362        ; 6A             ; RESERVED_INPUT_WITH_WEAK_PULLUP ;        ;              ;                     ; Row I/O      ;                 ; no       ; On           ;
; G27      ; 339        ; 6A             ; RESERVED_INPUT_WITH_WEAK_PULLUP ;        ;              ;                     ; Row I/O      ;                 ; --       ; --           ;
; G28      ; 335        ; 6A             ; RESERVED_INPUT_WITH_WEAK_PULLUP ;        ;              ;                     ; Row I/O      ;                 ; no       ; On           ;
; G29      ;            ; 6A             ; VCCIO6A_HPS                     ; power  ;              ; 2.5V                ; --           ;                 ; --       ; --           ;
; G30      ; 343        ; 6A             ; RESERVED_INPUT_WITH_WEAK_PULLUP ;        ;              ;                     ; Row I/O      ;                 ; no       ; On           ;
; H1       ;            ;                ; GND                             ; gnd    ;              ;                     ; --           ;                 ; --       ; --           ;
; H2       ;            ;                ; GND                             ; gnd    ;              ;                     ; --           ;                 ; --       ; --           ;
; H3       ;            ;                ; DNU                             ;        ;              ;                     ; --           ;                 ; --       ; --           ;
; H4       ;            ;                ; DNU                             ;        ;              ;                     ; --           ;                 ; --       ; --           ;
; H5       ;            ;                ; GND                             ; gnd    ;              ;                     ; --           ;                 ; --       ; --           ;
; H6       ;            ; 8A             ; VCCIO8A                         ; power  ;              ; 2.5V                ; --           ;                 ; --       ; --           ;
; H7       ; 508        ; 8A             ; RESERVED_INPUT_WITH_WEAK_PULLUP ;        ;              ;                     ; Column I/O   ;                 ; no       ; On           ;
; H8       ; 490        ; 8A             ; RESERVED_INPUT_WITH_WEAK_PULLUP ;        ;              ;                     ; Column I/O   ;                 ; no       ; On           ;
; H9       ;            ; --             ; VCCBAT                          ; power  ;              ; 1.2V                ; --           ;                 ; --       ; --           ;
; H10      ;            ; --             ; VCC_AUX                         ; power  ;              ; 2.5V                ; --           ;                 ; --       ; --           ;
; H11      ;            ;                ; GND                             ; gnd    ;              ;                     ; --           ;                 ; --       ; --           ;
; H12      ; 500        ; 8A             ; VGA_G[2]                        ; output ; 2.5 V        ;                     ; Column I/O   ; Y               ; no       ; Off          ;
; H13      ; 498        ; 8A             ; VGA_B[2]                        ; output ; 2.5 V        ;                     ; Column I/O   ; Y               ; no       ; Off          ;
; H14      ; 482        ; 8A             ; VGA_B[4]                        ; output ; 2.5 V        ;                     ; Column I/O   ; Y               ; no       ; Off          ;
; H15      ; 458        ; 8A             ; RESERVED_INPUT_WITH_WEAK_PULLUP ;        ;              ;                     ; Column I/O   ;                 ; no       ; On           ;
; H16      ;            ; 7D             ; VCCIO7D_HPS                     ; power  ;              ; 2.5V                ; --           ;                 ; --       ; --           ;
; H17      ; 434        ; 7C             ; RESERVED_INPUT_WITH_WEAK_PULLUP ;        ;              ;                     ; Column I/O   ;                 ; no       ; On           ;
; H18      ; 422        ; 7B             ; RESERVED_INPUT_WITH_WEAK_PULLUP ;        ;              ;                     ; Column I/O   ;                 ; no       ; On           ;
; H19      ; 406        ; 7B             ; RESERVED_INPUT_WITH_WEAK_PULLUP ;        ;              ;                     ; Column I/O   ;                 ; no       ; On           ;
; H20      ; 398        ; 7A             ; RESERVED_INPUT_WITH_WEAK_PULLUP ;        ;              ;                     ; Column I/O   ;                 ; no       ; On           ;
; H21      ;            ; 7A             ; VCCIO7A_HPS                     ; power  ;              ; 2.5V                ; --           ;                 ; --       ; --           ;
; H22      ; 379        ; 7A             ; ^HPS_TCK                        ;        ;              ;                     ; --           ;                 ; --       ; --           ;
; H23      ; 390        ; 7A             ; RESERVED_INPUT_WITH_WEAK_PULLUP ;        ;              ;                     ; Column I/O   ;                 ; no       ; On           ;
; H24      ; 364        ; 6A             ; RESERVED_INPUT_WITH_WEAK_PULLUP ;        ;              ;                     ; Row I/O      ;                 ; no       ; On           ;
; H25      ; 368        ; 6A             ; RESERVED_INPUT_WITH_WEAK_PULLUP ;        ;              ;                     ; Row I/O      ;                 ; no       ; On           ;
; H26      ;            ; 6A             ; VCCIO6A_HPS                     ; power  ;              ; 2.5V                ; --           ;                 ; --       ; --           ;
; H27      ; 360        ; 6A             ; RESERVED_INPUT_WITH_WEAK_PULLUP ;        ;              ;                     ; Row I/O      ;                 ; no       ; On           ;
; H28      ; 333        ; 6A             ; RESERVED_INPUT_WITH_WEAK_PULLUP ;        ;              ;                     ; Row I/O      ;                 ; no       ; On           ;
; H29      ; 331        ; 6A             ; RESERVED_INPUT_WITH_WEAK_PULLUP ;        ;              ;                     ; Row I/O      ;                 ; no       ; On           ;
; H30      ; 337        ; 6A             ; RESERVED_INPUT_WITH_WEAK_PULLUP ;        ;              ;                     ; Row I/O      ;                 ; no       ; On           ;
; J1       ;            ;                ; GND                             ; gnd    ;              ;                     ; --           ;                 ; --       ; --           ;
; J2       ;            ;                ; GND                             ; gnd    ;              ;                     ; --           ;                 ; --       ; --           ;
; J3       ;            ;                ; GND                             ; gnd    ;              ;                     ; --           ;                 ; --       ; --           ;
; J4       ;            ;                ; GND                             ; gnd    ;              ;                     ; --           ;                 ; --       ; --           ;
; J5       ; 545        ; 9A             ; ^nCONFIG                        ;        ;              ;                     ; --           ;                 ; --       ; --           ;
; J6       ; 547        ; 9A             ; ^GND                            ;        ;              ;                     ; --           ;                 ; --       ; --           ;
; J7       ; 506        ; 8A             ; RESERVED_INPUT_WITH_WEAK_PULLUP ;        ;              ;                     ; Column I/O   ;                 ; no       ; On           ;
; J8       ;            ;                ; GND                             ; gnd    ;              ;                     ; --           ;                 ; --       ; --           ;
; J9       ; 532        ; 8A             ; VGA_G[0]                        ; output ; 2.5 V        ;                     ; Column I/O   ; Y               ; no       ; Off          ;
; J10      ; 530        ; 8A             ; VGA_G[1]                        ; output ; 2.5 V        ;                     ; Column I/O   ; Y               ; no       ; Off          ;
; J11      ;            ; --             ; VCCPGM                          ; power  ;              ; 1.8V/2.5V/3.0V/3.3V ; --           ;                 ; --       ; --           ;
; J12      ; 516        ; 8A             ; RESERVED_INPUT_WITH_WEAK_PULLUP ;        ;              ;                     ; Column I/O   ;                 ; no       ; On           ;
; J13      ;            ; 8A             ; VCCIO8A                         ; power  ;              ; 2.5V                ; --           ;                 ; --       ; --           ;
; J14      ; 476        ; 8A             ; VGA_B[7]                        ; output ; 2.5 V        ;                     ; Column I/O   ; Y               ; no       ; Off          ;
; J15      ;            ;                ; DNU                             ;        ;              ;                     ; --           ;                 ; --       ; --           ;
; J16      ;            ; --             ; VCC_AUX                         ; power  ;              ; 2.5V                ; --           ;                 ; --       ; --           ;
; J17      ;            ; 7C             ; VCCPD7C_HPS                     ; power  ;              ; 2.5V                ; --           ;                 ; --       ; --           ;
; J18      ;            ;                ; GND                             ; gnd    ;              ;                     ; --           ;                 ; --       ; --           ;
; J19      ; 408        ; 7B             ; RESERVED_INPUT_WITH_WEAK_PULLUP ;        ;              ;                     ; Column I/O   ;                 ; no       ; On           ;
; J20      ;            ; --             ; VCCRSTCLK_HPS                   ; power  ;              ; 1.8V/2.5V/3.0V/3.3V ; --           ;                 ; --       ; --           ;
; J21      ;            ; --             ; VCC_AUX_SHARED                  ; power  ;              ; 2.5V                ; --           ;                 ; --       ; --           ;
; J22      ; 372        ; 7A             ; ^GND                            ;        ;              ;                     ; --           ;                 ; --       ; --           ;
; J23      ; 354        ; 6A             ; RESERVED_INPUT_WITH_WEAK_PULLUP ;        ;              ;                     ; Row I/O      ;                 ; no       ; On           ;
; J24      ; 352        ; 6A             ; RESERVED_INPUT_WITH_WEAK_PULLUP ;        ;              ;                     ; Row I/O      ;                 ; no       ; On           ;
; J25      ; 344        ; 6A             ; RESERVED_INPUT_WITH_WEAK_PULLUP ;        ;              ;                     ; Row I/O      ;                 ; no       ; On           ;
; J26      ; 323        ; 6A             ; RESERVED_INPUT_WITH_WEAK_PULLUP ;        ;              ;                     ; Row I/O      ;                 ; no       ; On           ;
; J27      ; 346        ; 6A             ; RESERVED_INPUT_WITH_WEAK_PULLUP ;        ;              ;                     ; Row I/O      ;                 ; no       ; On           ;
; J28      ;            ;                ; GND                             ; gnd    ;              ;                     ; --           ;                 ; --       ; --           ;
; J29      ; 327        ; 6A             ; RESERVED_INPUT_WITH_WEAK_PULLUP ;        ;              ;                     ; Row I/O      ;                 ; no       ; On           ;
; J30      ; 329        ; 6A             ; RESERVED_INPUT_WITH_WEAK_PULLUP ;        ;              ;                     ; Row I/O      ;                 ; no       ; On           ;
; K1       ;            ;                ; GND                             ; gnd    ;              ;                     ; --           ;                 ; --       ; --           ;
; K2       ;            ;                ; GND                             ; gnd    ;              ;                     ; --           ;                 ; --       ; --           ;
; K3       ;            ;                ; DNU                             ;        ;              ;                     ; --           ;                 ; --       ; --           ;
; K4       ;            ;                ; DNU                             ;        ;              ;                     ; --           ;                 ; --       ; --           ;
; K5       ;            ;                ; GND                             ; gnd    ;              ;                     ; --           ;                 ; --       ; --           ;
; K6       ; 540        ; 9A             ; ^MSEL1                          ;        ;              ;                     ; --           ;                 ; --       ; --           ;
; K7       ; 522        ; 8A             ; RESERVED_INPUT_WITH_WEAK_PULLUP ;        ;              ;                     ; Column I/O   ;                 ; no       ; On           ;
; K8       ; 524        ; 8A             ; RESERVED_INPUT_WITH_WEAK_PULLUP ;        ;              ;                     ; Column I/O   ;                 ; no       ; On           ;
; K9       ;            ; --             ; VCCA_FPLL                       ; power  ;              ; 2.5V                ; --           ;                 ; --       ; --           ;
; K10      ;            ;                ; GND                             ; gnd    ;              ;                     ; --           ;                 ; --       ; --           ;
; K11      ;            ; 8A             ; VCCPD8A                         ; power  ;              ; 2.5V                ; --           ;                 ; --       ; --           ;
; K12      ; 514        ; 8A             ; RESERVED_INPUT_WITH_WEAK_PULLUP ;        ;              ;                     ; Column I/O   ;                 ; no       ; On           ;
; K13      ;            ; 8A             ; VCCPD8A                         ; power  ;              ; 2.5V                ; --           ;                 ; --       ; --           ;
; K14      ; 474        ; 8A             ; RESERVED_INPUT_WITH_WEAK_PULLUP ;        ;              ;                     ; Column I/O   ;                 ; no       ; On           ;
; K15      ;            ;                ; GND                             ; gnd    ;              ;                     ; --           ;                 ; --       ; --           ;
; K16      ;            ; 7D             ; VCCPD7D_HPS                     ; power  ;              ; 2.5V                ; --           ;                 ; --       ; --           ;
; K17      ; 414        ; 7B             ; RESERVED_INPUT_WITH_WEAK_PULLUP ;        ;              ;                     ; Column I/O   ;                 ; no       ; On           ;
; K18      ;            ; 7B             ; VCCPD7B_HPS                     ; power  ;              ; 2.5V                ; --           ;                 ; --       ; --           ;
; K19      ;            ; 7A             ; VCCPD7A_HPS                     ; power  ;              ; 2.5V                ; --           ;                 ; --       ; --           ;
; K20      ;            ;                ; GND                             ; gnd    ;              ;                     ; --           ;                 ; --       ; --           ;
; K21      ; 366        ; 6A             ; RESERVED_INPUT_WITH_WEAK_PULLUP ;        ;              ;                     ; Row I/O      ;                 ; no       ; On           ;
; K22      ; 336        ; 6A             ; RESERVED_INPUT_WITH_WEAK_PULLUP ;        ;              ;                     ; Row I/O      ;                 ; no       ; On           ;
; K23      ; 338        ; 6A             ; RESERVED_INPUT_WITH_WEAK_PULLUP ;        ;              ;                     ; Row I/O      ;                 ; no       ; On           ;
; K24      ;            ; 6A             ; VCCIO6A_HPS                     ; power  ;              ; 2.5V                ; --           ;                 ; --       ; --           ;
; K25      ;            ;                ; GND                             ; gnd    ;              ;                     ; --           ;                 ; --       ; --           ;
; K26      ; 322        ; 6A             ; RESERVED_INPUT_WITH_WEAK_PULLUP ;        ;              ;                     ; Row I/O      ;                 ; no       ; On           ;
; K27      ; 319        ; 6A             ; RESERVED_INPUT_WITH_WEAK_PULLUP ;        ;              ;                     ; Row I/O      ;                 ; no       ; On           ;
; K28      ; 325        ; 6A             ; RESERVED_INPUT_WITH_WEAK_PULLUP ;        ;              ;                     ; Row I/O      ;                 ; no       ; On           ;
; K29      ; 321        ; 6A             ; RESERVED_INPUT_WITH_WEAK_PULLUP ;        ;              ;                     ; Row I/O      ;                 ; no       ; On           ;
; K30      ;            ; 6A             ; VCCIO6A_HPS                     ; power  ;              ; 2.5V                ; --           ;                 ; --       ; --           ;
; L1       ;            ;                ; GND                             ; gnd    ;              ;                     ; --           ;                 ; --       ; --           ;
; L2       ;            ;                ; GND                             ; gnd    ;              ;                     ; --           ;                 ; --       ; --           ;
; L3       ;            ;                ; GND                             ; gnd    ;              ;                     ; --           ;                 ; --       ; --           ;
; L4       ;            ;                ; GND                             ; gnd    ;              ;                     ; --           ;                 ; --       ; --           ;
; L5       ;            ; --             ; VCC                             ; power  ;              ; 1.1V                ; --           ;                 ; --       ; --           ;
; L6       ;            ;                ; GND                             ; gnd    ;              ;                     ; --           ;                 ; --       ; --           ;
; L7       ; 544        ; 9A             ; ^MSEL3                          ;        ;              ;                     ; --           ;                 ; --       ; --           ;
; L8       ; 538        ; 9A             ; ^MSEL0                          ;        ;              ;                     ; --           ;                 ; --       ; --           ;
; L9       ; 546        ; 9A             ; ^MSEL4                          ;        ;              ;                     ; --           ;                 ; --       ; --           ;
; L10      ;            ; 8A             ; VCCPD8A                         ; power  ;              ; 2.5V                ; --           ;                 ; --       ; --           ;
; L11      ;            ;                ; GND                             ; gnd    ;              ;                     ; --           ;                 ; --       ; --           ;
; L12      ;            ; 8A             ; VCCPD8A                         ; power  ;              ; 2.5V                ; --           ;                 ; --       ; --           ;
; L13      ;            ;                ; GND                             ; gnd    ;              ;                     ; --           ;                 ; --       ; --           ;
; L14      ;            ; 8A             ; VCCPD8A                         ; power  ;              ; 2.5V                ; --           ;                 ; --       ; --           ;
; L15      ;            ;                ; GND                             ; gnd    ;              ;                     ; --           ;                 ; --       ; --           ;
; L16      ;            ; --             ; VCC_HPS                         ; power  ;              ; 1.1V                ; --           ;                 ; --       ; --           ;
; L17      ;            ;                ; GND                             ; gnd    ;              ;                     ; --           ;                 ; --       ; --           ;
; L18      ;            ; --             ; VCC_HPS                         ; power  ;              ; 1.1V                ; --           ;                 ; --       ; --           ;
; L19      ;            ;                ; GND                             ; gnd    ;              ;                     ; --           ;                 ; --       ; --           ;
; L20      ;            ; --             ; VCC_HPS                         ; power  ;              ; 1.1V                ; --           ;                 ; --       ; --           ;
; L21      ;            ; --             ; VCCPLL_HPS                      ; power  ;              ; 2.5V                ; --           ;                 ; --       ; --           ;
; L22      ;            ;                ; GND                             ; gnd    ;              ;                     ; --           ;                 ; --       ; --           ;
; L23      ; 350        ; 6A             ; RESERVED_INPUT_WITH_WEAK_PULLUP ;        ;              ;                     ; Row I/O      ;                 ; no       ; On           ;
; L24      ; 328        ; 6A             ; RESERVED_INPUT_WITH_WEAK_PULLUP ;        ;              ;                     ; Row I/O      ;                 ; no       ; On           ;
; L25      ; 330        ; 6A             ; RESERVED_INPUT_WITH_WEAK_PULLUP ;        ;              ;                     ; Row I/O      ;                 ; no       ; On           ;
; L26      ; 320        ; 6A             ; RESERVED_INPUT_WITH_WEAK_PULLUP ;        ;              ;                     ; Row I/O      ;                 ; no       ; On           ;
; L27      ;            ; 6A             ; VCCIO6A_HPS                     ; power  ;              ; 2.5V                ; --           ;                 ; --       ; --           ;
; L28      ; 313        ; 6A             ; RESERVED_INPUT_WITH_WEAK_PULLUP ;        ;              ;                     ; Row I/O      ;                 ; no       ; On           ;
; L29      ; 315        ; 6A             ; RESERVED_INPUT_WITH_WEAK_PULLUP ;        ;              ;                     ; Row I/O      ;                 ; no       ; On           ;
; L30      ; 317        ; 6A             ; RESERVED_INPUT_WITH_WEAK_PULLUP ;        ;              ;                     ; Row I/O      ;                 ; no       ; On           ;
; M1       ;            ;                ; GND                             ; gnd    ;              ;                     ; --           ;                 ; --       ; --           ;
; M2       ;            ;                ; GND                             ; gnd    ;              ;                     ; --           ;                 ; --       ; --           ;
; M3       ;            ;                ; DNU                             ;        ;              ;                     ; --           ;                 ; --       ; --           ;
; M4       ;            ;                ; DNU                             ;        ;              ;                     ; --           ;                 ; --       ; --           ;
; M5       ;            ;                ; GND                             ; gnd    ;              ;                     ; --           ;                 ; --       ; --           ;
; M6       ;            ; --             ; VCC                             ; power  ;              ; 1.1V                ; --           ;                 ; --       ; --           ;
; M7       ;            ;                ; GND                             ; gnd    ;              ;                     ; --           ;                 ; --       ; --           ;
; M8       ;            ;                ; GND                             ; gnd    ;              ;                     ; --           ;                 ; --       ; --           ;
; M9       ;            ; --             ; VCC                             ; power  ;              ; 1.1V                ; --           ;                 ; --       ; --           ;
; M10      ;            ;                ; GND                             ; gnd    ;              ;                     ; --           ;                 ; --       ; --           ;
; M11      ;            ; --             ; VCC                             ; power  ;              ; 1.1V                ; --           ;                 ; --       ; --           ;
; M12      ;            ;                ; GND                             ; gnd    ;              ;                     ; --           ;                 ; --       ; --           ;
; M13      ;            ; --             ; VCC                             ; power  ;              ; 1.1V                ; --           ;                 ; --       ; --           ;
; M14      ;            ;                ; GND                             ; gnd    ;              ;                     ; --           ;                 ; --       ; --           ;
; M15      ;            ; --             ; VCC_HPS                         ; power  ;              ; 1.1V                ; --           ;                 ; --       ; --           ;
; M16      ;            ;                ; GND                             ; gnd    ;              ;                     ; --           ;                 ; --       ; --           ;
; M17      ; 450        ; 7D             ; RESERVED_INPUT_WITH_WEAK_PULLUP ;        ;              ;                     ; Column I/O   ;                 ; no       ; On           ;
; M18      ;            ;                ; GND                             ; gnd    ;              ;                     ; --           ;                 ; --       ; --           ;
; M19      ; 334        ; 6A             ; RESERVED_INPUT_WITH_WEAK_PULLUP ;        ;              ;                     ; Row I/O      ;                 ; no       ; On           ;
; M20      ;            ;                ; GND                             ; gnd    ;              ;                     ; --           ;                 ; --       ; --           ;
; M21      ;            ; 6A, 6B         ; VCCPD6A6B_HPS                   ; power  ;              ; 2.5V                ; --           ;                 ; --       ; --           ;
; M22      ; 308        ; 6A             ; RESERVED_INPUT_WITH_WEAK_PULLUP ;        ;              ;                     ; Row I/O      ;                 ; no       ; On           ;
; M23      ; 348        ; 6A             ; RESERVED_INPUT_WITH_WEAK_PULLUP ;        ;              ;                     ; Row I/O      ;                 ; no       ; On           ;
; M24      ;            ; 6A             ; VCCIO6A_HPS                     ; power  ;              ; 2.5V                ; --           ;                 ; --       ; --           ;
; M25      ; 324        ; 6A             ; RESERVED_INPUT_WITH_WEAK_PULLUP ;        ;              ;                     ; Row I/O      ;                 ; no       ; On           ;
; M26      ; 314        ; 6A             ; RESERVED_INPUT_WITH_WEAK_PULLUP ;        ;              ;                     ; Row I/O      ;                 ; no       ; On           ;
; M27      ; 312        ; 6A             ; RESERVED_INPUT_WITH_WEAK_PULLUP ;        ;              ;                     ; Row I/O      ;                 ; no       ; On           ;
; M28      ; 309        ; 6A             ; RESERVED_INPUT_WITH_WEAK_PULLUP ;        ;              ;                     ; Row I/O      ;                 ; no       ; On           ;
; M29      ;            ;                ; GND                             ; gnd    ;              ;                     ; --           ;                 ; --       ; --           ;
; M30      ; 311        ; 6A             ; RESERVED_INPUT_WITH_WEAK_PULLUP ;        ;              ;                     ; Row I/O      ;                 ; no       ; On           ;
; N1       ;            ;                ; GND                             ; gnd    ;              ;                     ; --           ;                 ; --       ; --           ;
; N2       ;            ;                ; GND                             ; gnd    ;              ;                     ; --           ;                 ; --       ; --           ;
; N3       ;            ;                ; GND                             ; gnd    ;              ;                     ; --           ;                 ; --       ; --           ;
; N4       ;            ;                ; GND                             ; gnd    ;              ;                     ; --           ;                 ; --       ; --           ;
; N5       ;            ; --             ; VCC                             ; power  ;              ; 1.1V                ; --           ;                 ; --       ; --           ;
; N6       ;            ;                ; GND                             ; gnd    ;              ;                     ; --           ;                 ; --       ; --           ;
; N7       ;            ; --             ; VCCA_FPLL                       ; power  ;              ; 2.5V                ; --           ;                 ; --       ; --           ;
; N8       ;            ;                ; GND                             ; gnd    ;              ;                     ; --           ;                 ; --       ; --           ;
; N9       ;            ;                ; GND                             ; gnd    ;              ;                     ; --           ;                 ; --       ; --           ;
; N10      ;            ; --             ; VCC                             ; power  ;              ; 1.1V                ; --           ;                 ; --       ; --           ;
; N11      ;            ;                ; GND                             ; gnd    ;              ;                     ; --           ;                 ; --       ; --           ;
; N12      ;            ; --             ; VCC                             ; power  ;              ; 1.1V                ; --           ;                 ; --       ; --           ;
; N13      ;            ;                ; GND                             ; gnd    ;              ;                     ; --           ;                 ; --       ; --           ;
; N14      ;            ; --             ; VCC                             ; power  ;              ; 1.1V                ; --           ;                 ; --       ; --           ;
; N15      ;            ;                ; GND                             ; gnd    ;              ;                     ; --           ;                 ; --       ; --           ;
; N16      ; 452        ; 7D             ; RESERVED_INPUT_WITH_WEAK_PULLUP ;        ;              ;                     ; Column I/O   ;                 ; no       ; On           ;
; N17      ;            ;                ; GND                             ; gnd    ;              ;                     ; --           ;                 ; --       ; --           ;
; N18      ; 332        ; 6A             ; RESERVED_INPUT_WITH_WEAK_PULLUP ;        ;              ;                     ; Row I/O      ;                 ; no       ; On           ;
; N19      ;            ;                ; GND                             ; gnd    ;              ;                     ; --           ;                 ; --       ; --           ;
; N20      ;            ; --             ; VCC_HPS                         ; power  ;              ; 1.1V                ; --           ;                 ; --       ; --           ;
; N21      ;            ; 6A             ; VCCIO6A_HPS                     ; power  ;              ; 2.5V                ; --           ;                 ; --       ; --           ;
; N22      ;            ; 6A, 6B         ; VCCPD6A6B_HPS                   ; power  ;              ; 2.5V                ; --           ;                 ; --       ; --           ;
; N23      ; 310        ; 6A             ; RESERVED_INPUT_WITH_WEAK_PULLUP ;        ;              ;                     ; Row I/O      ;                 ; no       ; On           ;
; N24      ; 318        ; 6A             ; RESERVED_INPUT_WITH_WEAK_PULLUP ;        ;              ;                     ; Row I/O      ;                 ; no       ; On           ;
; N25      ; 316        ; 6A             ; RESERVED_INPUT_WITH_WEAK_PULLUP ;        ;              ;                     ; Row I/O      ;                 ; no       ; On           ;
; N26      ;            ;                ; GND                             ; gnd    ;              ;                     ; --           ;                 ; --       ; --           ;
; N27      ; 297        ; 6B             ; RESERVED_INPUT_WITH_WEAK_PULLUP ;        ;              ;                     ; Row I/O      ;                 ; no       ; On           ;
; N28      ; 303        ; 6B             ; RESERVED_INPUT_WITH_WEAK_PULLUP ;        ;              ;                     ; Row I/O      ;                 ; no       ; On           ;
; N29      ; 305        ; 6B             ; RESERVED_INPUT_WITH_WEAK_PULLUP ;        ;              ;                     ; Row I/O      ;                 ; no       ; On           ;
; N30      ; 307        ; 6B             ; RESERVED_INPUT_WITH_WEAK_PULLUP ;        ;              ;                     ; Row I/O      ;                 ; no       ; On           ;
; P1       ;            ;                ; GND                             ; gnd    ;              ;                     ; --           ;                 ; --       ; --           ;
; P2       ;            ;                ; GND                             ; gnd    ;              ;                     ; --           ;                 ; --       ; --           ;
; P3       ;            ;                ; DNU                             ;        ;              ;                     ; --           ;                 ; --       ; --           ;
; P4       ;            ;                ; DNU                             ;        ;              ;                     ; --           ;                 ; --       ; --           ;
; P5       ;            ;                ; GND                             ; gnd    ;              ;                     ; --           ;                 ; --       ; --           ;
; P6       ;            ; --             ; VCCA_FPLL                       ; power  ;              ; 2.5V                ; --           ;                 ; --       ; --           ;
; P7       ;            ;                ; GND                             ; gnd    ;              ;                     ; --           ;                 ; --       ; --           ;
; P8       ;            ;                ; GND                             ; gnd    ;              ;                     ; --           ;                 ; --       ; --           ;
; P9       ;            ;                ; GND                             ; gnd    ;              ;                     ; --           ;                 ; --       ; --           ;
; P10      ;            ;                ; GND                             ; gnd    ;              ;                     ; --           ;                 ; --       ; --           ;
; P11      ;            ; --             ; VCC                             ; power  ;              ; 1.1V                ; --           ;                 ; --       ; --           ;
; P12      ;            ;                ; GND                             ; gnd    ;              ;                     ; --           ;                 ; --       ; --           ;
; P13      ;            ; --             ; VCC                             ; power  ;              ; 1.1V                ; --           ;                 ; --       ; --           ;
; P14      ;            ;                ; GND                             ; gnd    ;              ;                     ; --           ;                 ; --       ; --           ;
; P15      ;            ; --             ; VCC_HPS                         ; power  ;              ; 1.1V                ; --           ;                 ; --       ; --           ;
; P16      ;            ;                ; GND                             ; gnd    ;              ;                     ; --           ;                 ; --       ; --           ;
; P17      ;            ; --             ; VCC_HPS                         ; power  ;              ; 1.1V                ; --           ;                 ; --       ; --           ;
; P18      ;            ;                ; GND                             ; gnd    ;              ;                     ; --           ;                 ; --       ; --           ;
; P19      ;            ; --             ; VCC_HPS                         ; power  ;              ; 1.1V                ; --           ;                 ; --       ; --           ;
; P20      ;            ;                ; GND                             ; gnd    ;              ;                     ; --           ;                 ; --       ; --           ;
; P21      ;            ; 6A, 6B         ; VCCPD6A6B_HPS                   ; power  ;              ; 2.5V                ; --           ;                 ; --       ; --           ;
; P22      ; 294        ; 6B             ; RESERVED_INPUT_WITH_WEAK_PULLUP ;        ;              ;                     ; Row I/O      ;                 ; no       ; On           ;
; P23      ;            ; 6B             ; VCCIO6B_HPS                     ; power  ;              ; 2.5V                ; --           ;                 ; --       ; --           ;
; P24      ; 290        ; 6B             ; RESERVED_INPUT_WITH_WEAK_PULLUP ;        ;              ;                     ; Row I/O      ;                 ; no       ; On           ;
; P25      ; 288        ; 6B             ; RESERVED_INPUT_WITH_WEAK_PULLUP ;        ;              ;                     ; Row I/O      ;                 ; no       ; On           ;
; P26      ; 298        ; 6B             ; RESERVED_INPUT_WITH_WEAK_PULLUP ;        ;              ;                     ; Row I/O      ;                 ; no       ; On           ;
; P27      ; 296        ; 6B             ; RESERVED_INPUT_WITH_WEAK_PULLUP ;        ;              ;                     ; Row I/O      ;                 ; no       ; On           ;
; P28      ;            ; 6B             ; VCCIO6B_HPS                     ; power  ;              ; 2.5V                ; --           ;                 ; --       ; --           ;
; P29      ; 299        ; 6B             ; RESERVED_INPUT_WITH_WEAK_PULLUP ;        ;              ;                     ; Row I/O      ;                 ; no       ; On           ;
; P30      ; 301        ; 6B             ; RESERVED_INPUT_WITH_WEAK_PULLUP ;        ;              ;                     ; Row I/O      ;                 ; no       ; On           ;
; R1       ;            ;                ; GND                             ; gnd    ;              ;                     ; --           ;                 ; --       ; --           ;
; R2       ;            ;                ; GND                             ; gnd    ;              ;                     ; --           ;                 ; --       ; --           ;
; R3       ;            ;                ; GND                             ; gnd    ;              ;                     ; --           ;                 ; --       ; --           ;
; R4       ;            ;                ; GND                             ; gnd    ;              ;                     ; --           ;                 ; --       ; --           ;
; R5       ;            ; --             ; VCC                             ; power  ;              ; 1.1V                ; --           ;                 ; --       ; --           ;
; R6       ;            ;                ; GND                             ; gnd    ;              ;                     ; --           ;                 ; --       ; --           ;
; R7       ;            ; --             ; VCCA_FPLL                       ; power  ;              ; 2.5V                ; --           ;                 ; --       ; --           ;
; R8       ;            ;                ; GND                             ; gnd    ;              ;                     ; --           ;                 ; --       ; --           ;
; R9       ;            ;                ; GND                             ; gnd    ;              ;                     ; --           ;                 ; --       ; --           ;
; R10      ;            ; --             ; VCC                             ; power  ;              ; 1.1V                ; --           ;                 ; --       ; --           ;
; R11      ;            ;                ; GND                             ; gnd    ;              ;                     ; --           ;                 ; --       ; --           ;
; R12      ;            ; --             ; VCC                             ; power  ;              ; 1.1V                ; --           ;                 ; --       ; --           ;
; R13      ;            ;                ; GND                             ; gnd    ;              ;                     ; --           ;                 ; --       ; --           ;
; R14      ;            ; --             ; VCC                             ; power  ;              ; 1.1V                ; --           ;                 ; --       ; --           ;
; R15      ;            ;                ; GND                             ; gnd    ;              ;                     ; --           ;                 ; --       ; --           ;
; R16      ;            ; --             ; VCC_HPS                         ; power  ;              ; 1.1V                ; --           ;                 ; --       ; --           ;
; R17      ;            ;                ; GND                             ; gnd    ;              ;                     ; --           ;                 ; --       ; --           ;
; R18      ; 302        ; 6B             ; RESERVED_INPUT_WITH_WEAK_PULLUP ;        ;              ;                     ; Row I/O      ;                 ; no       ; On           ;
; R19      ; 300        ; 6B             ; RESERVED_INPUT_WITH_WEAK_PULLUP ;        ;              ;                     ; Row I/O      ;                 ; no       ; On           ;
; R20      ;            ; 6A, 6B         ; VCCPD6A6B_HPS                   ; power  ;              ; 2.5V                ; --           ;                 ; --       ; --           ;
; R21      ; 286        ; 6B             ; RESERVED_INPUT_WITH_WEAK_PULLUP ;        ;              ;                     ; Row I/O      ;                 ; no       ; On           ;
; R22      ; 284        ; 6B             ; RESERVED_INPUT_WITH_WEAK_PULLUP ;        ;              ;                     ; Row I/O      ;                 ; no       ; On           ;
; R23      ;            ; 6A, 6B         ; VCCPD6A6B_HPS                   ; power  ;              ; 2.5V                ; --           ;                 ; --       ; --           ;
; R24      ; 272        ; 6B             ; RESERVED_INPUT_WITH_WEAK_PULLUP ;        ;              ;                     ; Row I/O      ;                 ; no       ; On           ;
; R25      ;            ; 6B             ; VCCIO6B_HPS                     ; power  ;              ; 2.5V                ; --           ;                 ; --       ; --           ;
; R26      ; 280        ; 6B             ; RESERVED_INPUT_WITH_WEAK_PULLUP ;        ;              ;                     ; Row I/O      ;                 ; no       ; On           ;
; R27      ; 282        ; 6B             ; RESERVED_INPUT_WITH_WEAK_PULLUP ;        ;              ;                     ; Row I/O      ;                 ; no       ; On           ;
; R28      ; 293        ; 6B             ; RESERVED_INPUT_WITH_WEAK_PULLUP ;        ;              ;                     ; Row I/O      ;                 ; no       ; On           ;
; R29      ; 295        ; 6B             ; RESERVED_INPUT_WITH_WEAK_PULLUP ;        ;              ;                     ; Row I/O      ;                 ; no       ; On           ;
; R30      ;            ;                ; GND                             ; gnd    ;              ;                     ; --           ;                 ; --       ; --           ;
; T1       ;            ;                ; GND                             ; gnd    ;              ;                     ; --           ;                 ; --       ; --           ;
; T2       ;            ;                ; GND                             ; gnd    ;              ;                     ; --           ;                 ; --       ; --           ;
; T3       ;            ;                ; DNU                             ;        ;              ;                     ; --           ;                 ; --       ; --           ;
; T4       ;            ;                ; DNU                             ;        ;              ;                     ; --           ;                 ; --       ; --           ;
; T5       ;            ;                ; GND                             ; gnd    ;              ;                     ; --           ;                 ; --       ; --           ;
; T6       ;            ; --             ; VCC                             ; power  ;              ; 1.1V                ; --           ;                 ; --       ; --           ;
; T7       ;            ;                ; GND                             ; gnd    ;              ;                     ; --           ;                 ; --       ; --           ;
; T8       ;            ;                ; GND                             ; gnd    ;              ;                     ; --           ;                 ; --       ; --           ;
; T9       ;            ;                ; GND                             ; gnd    ;              ;                     ; --           ;                 ; --       ; --           ;
; T10      ;            ;                ; GND                             ; gnd    ;              ;                     ; --           ;                 ; --       ; --           ;
; T11      ;            ; --             ; VCC                             ; power  ;              ; 1.1V                ; --           ;                 ; --       ; --           ;
; T12      ;            ;                ; GND                             ; gnd    ;              ;                     ; --           ;                 ; --       ; --           ;
; T13      ;            ; --             ; VCC                             ; power  ;              ; 1.1V                ; --           ;                 ; --       ; --           ;
; T14      ;            ;                ; GND                             ; gnd    ;              ;                     ; --           ;                 ; --       ; --           ;
; T15      ;            ;                ; GND                             ; gnd    ;              ;                     ; --           ;                 ; --       ; --           ;
; T16      ;            ;                ; GND                             ; gnd    ;              ;                     ; --           ;                 ; --       ; --           ;
; T17      ;            ; --             ; VCC_HPS                         ; power  ;              ; 1.1V                ; --           ;                 ; --       ; --           ;
; T18      ;            ;                ; GND                             ; gnd    ;              ;                     ; --           ;                 ; --       ; --           ;
; T19      ;            ; --             ; VCC_HPS                         ; power  ;              ; 1.1V                ; --           ;                 ; --       ; --           ;
; T20      ;            ;                ; GND                             ; gnd    ;              ;                     ; --           ;                 ; --       ; --           ;
; T21      ; 278        ; 6B             ; RESERVED_INPUT_WITH_WEAK_PULLUP ;        ;              ;                     ; Row I/O      ;                 ; no       ; On           ;
; T22      ;            ; 6B             ; VCCIO6B_HPS                     ; power  ;              ; 2.5V                ; --           ;                 ; --       ; --           ;
; T23      ; 270        ; 6B             ; RESERVED_INPUT_WITH_WEAK_PULLUP ;        ;              ;                     ; Row I/O      ;                 ; no       ; On           ;
; T24      ; 268        ; 6B             ; RESERVED_INPUT_WITH_WEAK_PULLUP ;        ;              ;                     ; Row I/O      ;                 ; no       ; On           ;
; T25      ; 266        ; 6B             ; RESERVED_INPUT_WITH_WEAK_PULLUP ;        ;              ;                     ; Row I/O      ;                 ; no       ; On           ;
; T26      ; 304        ; 6B             ; RESERVED_INPUT_WITH_WEAK_PULLUP ;        ;              ;                     ; Row I/O      ;                 ; no       ; On           ;
; T27      ;            ;                ; GND                             ; gnd    ;              ;                     ; --           ;                 ; --       ; --           ;
; T28      ; 287        ; 6B             ; RESERVED_INPUT_WITH_WEAK_PULLUP ;        ;              ;                     ; Row I/O      ;                 ; no       ; On           ;
; T29      ; 289        ; 6B             ; RESERVED_INPUT_WITH_WEAK_PULLUP ;        ;              ;                     ; Row I/O      ;                 ; no       ; On           ;
; T30      ; 291        ; 6B             ; RESERVED_INPUT_WITH_WEAK_PULLUP ;        ;              ;                     ; Row I/O      ;                 ; no       ; On           ;
; U1       ;            ;                ; GND                             ; gnd    ;              ;                     ; --           ;                 ; --       ; --           ;
; U2       ;            ;                ; GND                             ; gnd    ;              ;                     ; --           ;                 ; --       ; --           ;
; U3       ;            ;                ; GND                             ; gnd    ;              ;                     ; --           ;                 ; --       ; --           ;
; U4       ;            ;                ; GND                             ; gnd    ;              ;                     ; --           ;                 ; --       ; --           ;
; U5       ;            ; --             ; VCC                             ; power  ;              ; 1.1V                ; --           ;                 ; --       ; --           ;
; U6       ;            ;                ; GND                             ; gnd    ;              ;                     ; --           ;                 ; --       ; --           ;
; U7       ; 50         ; 3A             ; ^DCLK                           ;        ;              ;                     ; Weak Pull Up ;                 ; --       ; On           ;
; U8       ; 48         ; 3A             ; #TDI                            ; input  ;              ;                     ; --           ;                 ; --       ; --           ;
; U9       ;            ;                ; GND                             ; gnd    ;              ;                     ; --           ;                 ; --       ; --           ;
; U10      ;            ; --             ; VCC                             ; power  ;              ; 1.1V                ; --           ;                 ; --       ; --           ;
; U11      ;            ;                ; GND                             ; gnd    ;              ;                     ; --           ;                 ; --       ; --           ;
; U12      ;            ; --             ; VCC                             ; power  ;              ; 1.1V                ; --           ;                 ; --       ; --           ;
; U13      ;            ;                ; GND                             ; gnd    ;              ;                     ; --           ;                 ; --       ; --           ;
; U14      ;            ; --             ; VCC                             ; power  ;              ; 1.1V                ; --           ;                 ; --       ; --           ;
; U15      ;            ;                ; GND                             ; gnd    ;              ;                     ; --           ;                 ; --       ; --           ;
; U16      ;            ; --             ; VCC_HPS                         ; power  ;              ; 1.1V                ; --           ;                 ; --       ; --           ;
; U17      ;            ;                ; GND                             ; gnd    ;              ;                     ; --           ;                 ; --       ; --           ;
; U18      ;            ; --             ; VCC_HPS                         ; power  ;              ; 1.1V                ; --           ;                 ; --       ; --           ;
; U19      ;            ; 6B             ; VCCIO6B_HPS                     ; power  ;              ; 2.5V                ; --           ;                 ; --       ; --           ;
; U20      ; 276        ; 6B             ; RESERVED_INPUT_WITH_WEAK_PULLUP ;        ;              ;                     ; Row I/O      ;                 ; no       ; On           ;
; U21      ;            ; --             ; VCC                             ; power  ;              ; 1.1V                ; --           ;                 ; --       ; --           ;
; U22      ;            ;                ; GND                             ; gnd    ;              ;                     ; --           ;                 ; --       ; --           ;
; U23      ;            ; 5B             ; VCCPD5B                         ; power  ;              ; 2.5V                ; --           ;                 ; --       ; --           ;
; U24      ;            ;                ; GND                             ; gnd    ;              ;                     ; --           ;                 ; --       ; --           ;
; U25      ; 264        ; 6B             ; RESERVED_INPUT_WITH_WEAK_PULLUP ;        ;              ;                     ; Row I/O      ;                 ; no       ; On           ;
; U26      ; 306        ; 6B             ; RESERVED_INPUT_WITH_WEAK_PULLUP ;        ;              ;                     ; Row I/O      ;                 ; no       ; On           ;
; U27      ; 273        ; 6B             ; RESERVED_INPUT_WITH_WEAK_PULLUP ;        ;              ;                     ; Row I/O      ;                 ; no       ; On           ;
; U28      ; 285        ; 6B             ; RESERVED_INPUT_WITH_WEAK_PULLUP ;        ;              ;                     ; Row I/O      ;                 ; no       ; On           ;
; U29      ;            ;                ; GND                             ; gnd    ;              ;                     ; --           ;                 ; --       ; --           ;
; U30      ; 283        ; 6B             ; RESERVED_INPUT_WITH_WEAK_PULLUP ;        ;              ;                     ; Row I/O      ;                 ; --       ; --           ;
; V1       ;            ;                ; GND                             ; gnd    ;              ;                     ; --           ;                 ; --       ; --           ;
; V2       ;            ;                ; GND                             ; gnd    ;              ;                     ; --           ;                 ; --       ; --           ;
; V3       ;            ;                ; DNU                             ;        ;              ;                     ; --           ;                 ; --       ; --           ;
; V4       ;            ;                ; DNU                             ;        ;              ;                     ; --           ;                 ; --       ; --           ;
; V5       ;            ;                ; GND                             ; gnd    ;              ;                     ; --           ;                 ; --       ; --           ;
; V6       ;            ; --             ; VCCA_FPLL                       ; power  ;              ; 2.5V                ; --           ;                 ; --       ; --           ;
; V7       ;            ;                ; GND                             ; gnd    ;              ;                     ; --           ;                 ; --       ; --           ;
; V8       ;            ; --             ; VCCA_FPLL                       ; power  ;              ; 2.5V                ; --           ;                 ; --       ; --           ;
; V9       ; 44         ; 3A             ; #TMS                            ; input  ;              ;                     ; --           ;                 ; --       ; --           ;
; V10      ;            ;                ; GND                             ; gnd    ;              ;                     ; --           ;                 ; --       ; --           ;
; V11      ;            ; --             ; VCC                             ; power  ;              ; 1.1V                ; --           ;                 ; --       ; --           ;
; V12      ;            ;                ; GND                             ; gnd    ;              ;                     ; --           ;                 ; --       ; --           ;
; V13      ;            ; --             ; VCC                             ; power  ;              ; 1.1V                ; --           ;                 ; --       ; --           ;
; V14      ;            ;                ; GND                             ; gnd    ;              ;                     ; --           ;                 ; --       ; --           ;
; V15      ;            ; --             ; VCC                             ; power  ;              ; 1.1V                ; --           ;                 ; --       ; --           ;
; V16      ; 138        ; 4A             ; RESERVED_INPUT_WITH_WEAK_PULLUP ;        ;              ;                     ; Column I/O   ;                 ; no       ; On           ;
; V17      ; 154        ; 4A             ; RESERVED_INPUT_WITH_WEAK_PULLUP ;        ;              ;                     ; Column I/O   ;                 ; no       ; On           ;
; V18      ; 194        ; 4A             ; RESERVED_INPUT_WITH_WEAK_PULLUP ;        ;              ;                     ; Column I/O   ;                 ; no       ; On           ;
; V19      ;            ;                ; GND                             ; gnd    ;              ;                     ; --           ;                 ; --       ; --           ;
; V20      ; 292        ; 6B             ; RESERVED_INPUT_WITH_WEAK_PULLUP ;        ;              ;                     ; Row I/O      ;                 ; no       ; On           ;
; V21      ;            ;                ; GND                             ; gnd    ;              ;                     ; --           ;                 ; --       ; --           ;
; V22      ;            ; 5A             ; VCCPD5A                         ; power  ;              ; 2.5V                ; --           ;                 ; --       ; --           ;
; V23      ; 236        ; 5A             ; RESERVED_INPUT_WITH_WEAK_PULLUP ;        ;              ;                     ; Row I/O      ;                 ; no       ; On           ;
; V24      ;            ; 5A             ; VCCPD5A                         ; power  ;              ; 2.5V                ; --           ;                 ; --       ; --           ;
; V25      ; 246        ; 5B             ; RESERVED_INPUT_WITH_WEAK_PULLUP ;        ;              ;                     ; Row I/O      ;                 ; no       ; On           ;
; V26      ;            ; 6B             ; VCCIO6B_HPS                     ; power  ;              ; 2.5V                ; --           ;                 ; --       ; --           ;
; V27      ; 265        ; 6B             ; RESERVED_INPUT_WITH_WEAK_PULLUP ;        ;              ;                     ; Row I/O      ;                 ; no       ; On           ;
; V28      ; 271        ; 6B             ; RESERVED_INPUT_WITH_WEAK_PULLUP ;        ;              ;                     ; Row I/O      ;                 ; no       ; On           ;
; V29      ; 275        ; 6B             ; RESERVED_INPUT_WITH_WEAK_PULLUP ;        ;              ;                     ; Row I/O      ;                 ; no       ; On           ;
; V30      ; 281        ; 6B             ; RESERVED_INPUT_WITH_WEAK_PULLUP ;        ;              ;                     ; Row I/O      ;                 ; no       ; On           ;
; W1       ;            ;                ; GND                             ; gnd    ;              ;                     ; --           ;                 ; --       ; --           ;
; W2       ;            ;                ; GND                             ; gnd    ;              ;                     ; --           ;                 ; --       ; --           ;
; W3       ;            ;                ; GND                             ; gnd    ;              ;                     ; --           ;                 ; --       ; --           ;
; W4       ;            ;                ; GND                             ; gnd    ;              ;                     ; --           ;                 ; --       ; --           ;
; W5       ;            ; --             ; VCC                             ; power  ;              ; 1.1V                ; --           ;                 ; --       ; --           ;
; W6       ;            ;                ; GND                             ; gnd    ;              ;                     ; --           ;                 ; --       ; --           ;
; W7       ;            ;                ; GND                             ; gnd    ;              ;                     ; --           ;                 ; --       ; --           ;
; W8       ;            ;                ; GND                             ; gnd    ;              ;                     ; --           ;                 ; --       ; --           ;
; W9       ;            ;                ; GND                             ; gnd    ;              ;                     ; --           ;                 ; --       ; --           ;
; W10      ;            ; --             ; VCC                             ; power  ;              ; 1.1V                ; --           ;                 ; --       ; --           ;
; W11      ;            ;                ; GND                             ; gnd    ;              ;                     ; --           ;                 ; --       ; --           ;
; W12      ;            ; --             ; VCC                             ; power  ;              ; 1.1V                ; --           ;                 ; --       ; --           ;
; W13      ;            ;                ; GND                             ; gnd    ;              ;                     ; --           ;                 ; --       ; --           ;
; W14      ;            ; --             ; VCC                             ; power  ;              ; 1.1V                ; --           ;                 ; --       ; --           ;
; W15      ; 130        ; 3B             ; KEY[2]                          ; input  ; 2.5 V        ;                     ; Column I/O   ; Y               ; no       ; Off          ;
; W16      ; 136        ; 4A             ; RESERVED_INPUT_WITH_WEAK_PULLUP ;        ;              ;                     ; Column I/O   ;                 ; no       ; On           ;
; W17      ; 152        ; 4A             ; RESERVED_INPUT_WITH_WEAK_PULLUP ;        ;              ;                     ; Column I/O   ;                 ; no       ; On           ;
; W18      ;            ;                ; GND                             ; gnd    ;              ;                     ; --           ;                 ; --       ; --           ;
; W19      ; 192        ; 4A             ; RESERVED_INPUT_WITH_WEAK_PULLUP ;        ;              ;                     ; Column I/O   ;                 ; no       ; On           ;
; W20      ; 217        ; 5A             ; RESERVED_INPUT_WITH_WEAK_PULLUP ;        ;              ;                     ; Row I/O      ;                 ; no       ; On           ;
; W21      ; 221        ; 5A             ; RESERVED_INPUT_WITH_WEAK_PULLUP ;        ;              ;                     ; Row I/O      ;                 ; no       ; On           ;
; W22      ; 223        ; 5A             ; RESERVED_INPUT_WITH_WEAK_PULLUP ;        ;              ;                     ; Row I/O      ;                 ; no       ; On           ;
; W23      ;            ; 5A             ; VCCIO5A                         ; power  ;              ; 2.5V                ; --           ;                 ; --       ; --           ;
; W24      ; 238        ; 5A             ; RESERVED_INPUT_WITH_WEAK_PULLUP ;        ;              ;                     ; Row I/O      ;                 ; no       ; On           ;
; W25      ; 244        ; 5B             ; RESERVED_INPUT_WITH_WEAK_PULLUP ;        ;              ;                     ; Row I/O      ;                 ; no       ; On           ;
; W26      ; 274        ; 6B             ; RESERVED_INPUT_WITH_WEAK_PULLUP ;        ;              ;                     ; Row I/O      ;                 ; no       ; On           ;
; W27      ; 261        ; 6B             ; RESERVED_INPUT_WITH_WEAK_PULLUP ;        ;              ;                     ; Row I/O      ;                 ; no       ; On           ;
; W28      ;            ;                ; GND                             ; gnd    ;              ;                     ; --           ;                 ; --       ; --           ;
; W29      ; 279        ; 6B             ; RESERVED_INPUT_WITH_WEAK_PULLUP ;        ;              ;                     ; Row I/O      ;                 ; no       ; On           ;
; W30      ; 277        ; 6B             ; RESERVED_INPUT_WITH_WEAK_PULLUP ;        ;              ;                     ; Row I/O      ;                 ; no       ; On           ;
; Y1       ;            ;                ; GND                             ; gnd    ;              ;                     ; --           ;                 ; --       ; --           ;
; Y2       ;            ;                ; GND                             ; gnd    ;              ;                     ; --           ;                 ; --       ; --           ;
; Y3       ;            ;                ; DNU                             ;        ;              ;                     ; --           ;                 ; --       ; --           ;
; Y4       ;            ;                ; DNU                             ;        ;              ;                     ; --           ;                 ; --       ; --           ;
; Y5       ;            ;                ; GND                             ; gnd    ;              ;                     ; --           ;                 ; --       ; --           ;
; Y6       ;            ; --             ; VCC                             ; power  ;              ; 1.1V                ; --           ;                 ; --       ; --           ;
; Y7       ;            ;                ; GND                             ; gnd    ;              ;                     ; --           ;                 ; --       ; --           ;
; Y8       ;            ;                ; GND                             ; gnd    ;              ;                     ; --           ;                 ; --       ; --           ;
; Y9       ;            ; --             ; VCC                             ; power  ;              ; 1.1V                ; --           ;                 ; --       ; --           ;
; Y10      ;            ;                ; GND                             ; gnd    ;              ;                     ; --           ;                 ; --       ; --           ;
; Y11      ;            ; --             ; VCC                             ; power  ;              ; 1.1V                ; --           ;                 ; --       ; --           ;
; Y12      ;            ;                ; GND                             ; gnd    ;              ;                     ; --           ;                 ; --       ; --           ;
; Y13      ;            ; --             ; VCC                             ; power  ;              ; 1.1V                ; --           ;                 ; --       ; --           ;
; Y14      ;            ;                ; GND                             ; gnd    ;              ;                     ; --           ;                 ; --       ; --           ;
; Y15      ;            ;                ; GND                             ; gnd    ;              ;                     ; --           ;                 ; --       ; --           ;
; Y16      ; 128        ; 3B             ; KEY[3]                          ; input  ; 2.5 V        ;                     ; Column I/O   ; Y               ; no       ; Off          ;
; Y17      ; 170        ; 4A             ; RESERVED_INPUT_WITH_WEAK_PULLUP ;        ;              ;                     ; Column I/O   ;                 ; no       ; On           ;
; Y18      ; 178        ; 4A             ; RESERVED_INPUT_WITH_WEAK_PULLUP ;        ;              ;                     ; Column I/O   ;                 ; no       ; On           ;
; Y19      ; 202        ; 4A             ; RESERVED_INPUT_WITH_WEAK_PULLUP ;        ;              ;                     ; Column I/O   ;                 ; no       ; On           ;
; Y20      ;            ;                ; GND                             ; gnd    ;              ;                     ; --           ;                 ; --       ; --           ;
; Y21      ; 219        ; 5A             ; RESERVED_INPUT_WITH_WEAK_PULLUP ;        ;              ;                     ; Row I/O      ;                 ; no       ; On           ;
; Y22      ;            ; --             ; VCCA_FPLL                       ; power  ;              ; 2.5V                ; --           ;                 ; --       ; --           ;
; Y23      ; 232        ; 5A             ; RESERVED_INPUT_WITH_WEAK_PULLUP ;        ;              ;                     ; Row I/O      ;                 ; no       ; On           ;
; Y24      ; 234        ; 5A             ; RESERVED_INPUT_WITH_WEAK_PULLUP ;        ;              ;                     ; Row I/O      ;                 ; no       ; On           ;
; Y25      ;            ;                ; GND                             ; gnd    ;              ;                     ; --           ;                 ; --       ; --           ;
; Y26      ; 256        ; 5B             ; RESERVED_INPUT_WITH_WEAK_PULLUP ;        ;              ;                     ; Row I/O      ;                 ; no       ; On           ;
; Y27      ; 258        ; 5B             ; RESERVED_INPUT_WITH_WEAK_PULLUP ;        ;              ;                     ; Row I/O      ;                 ; no       ; On           ;
; Y28      ; 269        ; 6B             ; RESERVED_INPUT_WITH_WEAK_PULLUP ;        ;              ;                     ; Row I/O      ;                 ; no       ; On           ;
; Y29      ; 263        ; 6B             ; RESERVED_INPUT_WITH_WEAK_PULLUP ;        ;              ;                     ; Row I/O      ;                 ; no       ; On           ;
; Y30      ;            ;                ; GND                             ; gnd    ;              ;                     ; --           ;                 ; --       ; --           ;
+----------+------------+----------------+---------------------------------+--------+--------------+---------------------+--------------+-----------------+----------+--------------+
Note: Pin directions (input, output or bidir) are based on device operating in user mode.


+---------------------------------------------+
; I/O Assignment Warnings                     ;
+-------------+-------------------------------+
; Pin Name    ; Reason                        ;
+-------------+-------------------------------+
; KEY[2]      ; Incomplete set of assignments ;
; KEY[3]      ; Incomplete set of assignments ;
; VGA_CLK     ; Incomplete set of assignments ;
; VGA_HS      ; Incomplete set of assignments ;
; VGA_VS      ; Incomplete set of assignments ;
; VGA_BLANK_N ; Incomplete set of assignments ;
; VGA_SYNC_N  ; Incomplete set of assignments ;
; VGA_R[0]    ; Incomplete set of assignments ;
; VGA_R[1]    ; Incomplete set of assignments ;
; VGA_R[2]    ; Incomplete set of assignments ;
; VGA_R[3]    ; Incomplete set of assignments ;
; VGA_R[4]    ; Incomplete set of assignments ;
; VGA_R[5]    ; Incomplete set of assignments ;
; VGA_R[6]    ; Incomplete set of assignments ;
; VGA_R[7]    ; Incomplete set of assignments ;
; VGA_G[0]    ; Incomplete set of assignments ;
; VGA_G[1]    ; Incomplete set of assignments ;
; VGA_G[2]    ; Incomplete set of assignments ;
; VGA_G[3]    ; Incomplete set of assignments ;
; VGA_G[4]    ; Incomplete set of assignments ;
; VGA_G[5]    ; Incomplete set of assignments ;
; VGA_G[6]    ; Incomplete set of assignments ;
; VGA_G[7]    ; Incomplete set of assignments ;
; VGA_B[0]    ; Incomplete set of assignments ;
; VGA_B[1]    ; Incomplete set of assignments ;
; VGA_B[2]    ; Incomplete set of assignments ;
; VGA_B[3]    ; Incomplete set of assignments ;
; VGA_B[4]    ; Incomplete set of assignments ;
; VGA_B[5]    ; Incomplete set of assignments ;
; VGA_B[6]    ; Incomplete set of assignments ;
; VGA_B[7]    ; Incomplete set of assignments ;
; KEY[0]      ; Incomplete set of assignments ;
; CLOCK_50    ; Incomplete set of assignments ;
; KEY[1]      ; Incomplete set of assignments ;
+-------------+-------------------------------+


+--------------------------------------------------------------------------------------------------------------------------------------------------------------------------------------------------------------------------------------------------------------------------------------------------------------------------------------------------------------------------------------------------------------------------------------------------+
; Fitter Resource Utilization by Entity                                                                                                                                                                                                                                                                                                                                                                                                            ;
+-----------------------------------+----------------------+----------------------------------+---------------------------------------------------+----------------------------------+----------------------+---------------------+---------------------------+---------------+-------------------+-------+------------+------+--------------+------------------------------------------------------------------+-------------------+--------------+
; Compilation Hierarchy Node        ; ALMs needed [=A-B+C] ; [A] ALMs used in final placement ; [B] Estimate of ALMs recoverable by dense packing ; [C] Estimate of ALMs unavailable ; ALMs used for memory ; Combinational ALUTs ; Dedicated Logic Registers ; I/O Registers ; Block Memory Bits ; M10Ks ; DSP Blocks ; Pins ; Virtual Pins ; Full Hierarchy Name                                              ; Entity Name       ; Library Name ;
+-----------------------------------+----------------------+----------------------------------+---------------------------------------------------+----------------------------------+----------------------+---------------------+---------------------------+---------------+-------------------+-------+------------+------+--------------+------------------------------------------------------------------+-------------------+--------------+
; |top_de1_soc                      ; 2932.9 (34.8)        ; 3595.9 (35.2)                    ; 920.0 (0.3)                                       ; 257.0 (0.0)                      ; 0.0 (0.0)            ; 3723 (60)           ; 3959 (29)                 ; 0 (0)         ; 0                 ; 0     ; 0          ; 34   ; 0            ; |top_de1_soc                                                     ; top_de1_soc       ; work         ;
;    |background_engine:background| ; 2882.4 (4.0)         ; 3543.8 (4.0)                     ; 918.3 (0.0)                                       ; 257.0 (0.0)                      ; 0.0 (0.0)            ; 3632 (8)            ; 3910 (0)                  ; 0 (0)         ; 0                 ; 0     ; 0          ; 0    ; 0            ; |top_de1_soc|background_engine:background                        ; background_engine ; work         ;
;       |tile_memory:tiles|         ; 168.5 (168.5)        ; 175.7 (175.7)                    ; 7.2 (7.2)                                         ; 0.0 (0.0)                        ; 0.0 (0.0)            ; 198 (198)           ; 0 (0)                     ; 0 (0)         ; 0                 ; 0     ; 0          ; 0    ; 0            ; |top_de1_soc|background_engine:background|tile_memory:tiles      ; tile_memory       ; work         ;
;       |tilemap_memory:tilemap|    ; 2709.9 (2709.9)      ; 3364.1 (3364.1)                  ; 911.1 (911.1)                                     ; 257.0 (257.0)                    ; 0.0 (0.0)            ; 3426 (3426)         ; 3910 (3910)               ; 0 (0)         ; 0                 ; 0     ; 0          ; 0    ; 0            ; |top_de1_soc|background_engine:background|tilemap_memory:tilemap ; tilemap_memory    ; work         ;
;    |vga_timing:timing|            ; 15.7 (15.7)          ; 17.0 (17.0)                      ; 1.3 (1.3)                                         ; 0.0 (0.0)                        ; 0.0 (0.0)            ; 31 (31)             ; 20 (20)                   ; 0 (0)         ; 0                 ; 0     ; 0          ; 0    ; 0            ; |top_de1_soc|vga_timing:timing                                   ; vga_timing        ; work         ;
+-----------------------------------+----------------------+----------------------------------+---------------------------------------------------+----------------------------------+----------------------+---------------------+---------------------------+---------------+-------------------+-------+------------+------+--------------+------------------------------------------------------------------+-------------------+--------------+
Note: For table entries with two numbers listed, the numbers in parentheses indicate the number of resources of the given type used by the specific entity alone. The numbers listed outside of parentheses indicate the total resources of the given type used by the specific entity and all of its sub-entities in the hierarchy.


+----------------------------------------------------------------------------------------------------------------------------+
; Delay Chain Summary                                                                                                        ;
+-------------+----------+----+------+------+----+------+-------+--------+------------------------+--------------------------+
; Name        ; Pin Type ; D1 ; D3_0 ; D3_1 ; D4 ; D5   ; D5 OE ; D5 OCT ; T11 (Postamble Gating) ; T11 (Postamble Ungating) ;
+-------------+----------+----+------+------+----+------+-------+--------+------------------------+--------------------------+
; KEY[2]      ; Input    ; -- ; --   ; --   ; -- ; --   ; --    ; --     ; --                     ; --                       ;
; KEY[3]      ; Input    ; -- ; --   ; --   ; -- ; --   ; --    ; --     ; --                     ; --                       ;
; VGA_CLK     ; Output   ; -- ; --   ; --   ; -- ; (0)  ; (31)  ; --     ; --                     ; --                       ;
; VGA_HS      ; Output   ; -- ; --   ; --   ; -- ; (0)  ; (31)  ; --     ; --                     ; --                       ;
; VGA_VS      ; Output   ; -- ; --   ; --   ; -- ; (0)  ; (31)  ; --     ; --                     ; --                       ;
; VGA_BLANK_N ; Output   ; -- ; --   ; --   ; -- ; (0)  ; (31)  ; --     ; --                     ; --                       ;
; VGA_SYNC_N  ; Output   ; -- ; --   ; --   ; -- ; (0)  ; (31)  ; --     ; --                     ; --                       ;
; VGA_R[0]    ; Output   ; -- ; --   ; --   ; -- ; (0)  ; (31)  ; --     ; --                     ; --                       ;
; VGA_R[1]    ; Output   ; -- ; --   ; --   ; -- ; (0)  ; (31)  ; --     ; --                     ; --                       ;
; VGA_R[2]    ; Output   ; -- ; --   ; --   ; -- ; (0)  ; (31)  ; --     ; --                     ; --                       ;
; VGA_R[3]    ; Output   ; -- ; --   ; --   ; -- ; (0)  ; (31)  ; --     ; --                     ; --                       ;
; VGA_R[4]    ; Output   ; -- ; --   ; --   ; -- ; (0)  ; (31)  ; --     ; --                     ; --                       ;
; VGA_R[5]    ; Output   ; -- ; --   ; --   ; -- ; (0)  ; (31)  ; --     ; --                     ; --                       ;
; VGA_R[6]    ; Output   ; -- ; --   ; --   ; -- ; (0)  ; (31)  ; --     ; --                     ; --                       ;
; VGA_R[7]    ; Output   ; -- ; --   ; --   ; -- ; (0)  ; (31)  ; --     ; --                     ; --                       ;
; VGA_G[0]    ; Output   ; -- ; --   ; --   ; -- ; (0)  ; (31)  ; --     ; --                     ; --                       ;
; VGA_G[1]    ; Output   ; -- ; --   ; --   ; -- ; (0)  ; (31)  ; --     ; --                     ; --                       ;
; VGA_G[2]    ; Output   ; -- ; --   ; --   ; -- ; (0)  ; (31)  ; --     ; --                     ; --                       ;
; VGA_G[3]    ; Output   ; -- ; --   ; --   ; -- ; (0)  ; (31)  ; --     ; --                     ; --                       ;
; VGA_G[4]    ; Output   ; -- ; --   ; --   ; -- ; (0)  ; (31)  ; --     ; --                     ; --                       ;
; VGA_G[5]    ; Output   ; -- ; --   ; --   ; -- ; (0)  ; (31)  ; --     ; --                     ; --                       ;
; VGA_G[6]    ; Output   ; -- ; --   ; --   ; -- ; (0)  ; (31)  ; --     ; --                     ; --                       ;
; VGA_G[7]    ; Output   ; -- ; --   ; --   ; -- ; (0)  ; (31)  ; --     ; --                     ; --                       ;
; VGA_B[0]    ; Output   ; -- ; --   ; --   ; -- ; (0)  ; (31)  ; --     ; --                     ; --                       ;
; VGA_B[1]    ; Output   ; -- ; --   ; --   ; -- ; (0)  ; (31)  ; --     ; --                     ; --                       ;
; VGA_B[2]    ; Output   ; -- ; --   ; --   ; -- ; (0)  ; (31)  ; --     ; --                     ; --                       ;
; VGA_B[3]    ; Output   ; -- ; --   ; --   ; -- ; (0)  ; (31)  ; --     ; --                     ; --                       ;
; VGA_B[4]    ; Output   ; -- ; --   ; --   ; -- ; (0)  ; (31)  ; --     ; --                     ; --                       ;
; VGA_B[5]    ; Output   ; -- ; --   ; --   ; -- ; (0)  ; (31)  ; --     ; --                     ; --                       ;
; VGA_B[6]    ; Output   ; -- ; --   ; --   ; -- ; (0)  ; (31)  ; --     ; --                     ; --                       ;
; VGA_B[7]    ; Output   ; -- ; --   ; --   ; -- ; (0)  ; (31)  ; --     ; --                     ; --                       ;
; KEY[0]      ; Input    ; -- ; (0)  ; --   ; -- ; --   ; --    ; --     ; --                     ; --                       ;
; CLOCK_50    ; Input    ; -- ; --   ; (0)  ; -- ; --   ; --    ; --     ; --                     ; --                       ;
; KEY[1]      ; Input    ; -- ; --   ; (0)  ; -- ; --   ; --    ; --     ; --                     ; --                       ;
+-------------+----------+----+------+------+----+------+-------+--------+------------------------+--------------------------+


+---------------------------------------------------------------------+
; Pad To Core Delay Chain Fanout                                      ;
+---------------------------------------+-------------------+---------+
; Source Pin / Fanout                   ; Pad To Core Index ; Setting ;
+---------------------------------------+-------------------+---------+
; KEY[2]                                ;                   ;         ;
; KEY[3]                                ;                   ;         ;
; KEY[0]                                ;                   ;         ;
;      - pixel_clock~0                  ; 0                 ; 0       ;
;      - vga_timing:timing|h_count[0]~0 ; 0                 ; 0       ;
;      - vga_timing:timing|v_count[8]~0 ; 0                 ; 0       ;
;      - state~8                        ; 0                 ; 0       ;
;      - patch_x~0                      ; 0                 ; 0       ;
;      - patch_x[2]~1                   ; 0                 ; 0       ;
;      - patch_x~2                      ; 0                 ; 0       ;
;      - patch_x~3                      ; 0                 ; 0       ;
;      - patch_y~0                      ; 0                 ; 0       ;
;      - patch_y[2]~1                   ; 0                 ; 0       ;
;      - patch_mode~0                   ; 0                 ; 0       ;
;      - patch_y~2                      ; 0                 ; 0       ;
;      - patch_y~3                      ; 0                 ; 0       ;
;      - state~10                       ; 0                 ; 0       ;
;      - state~11                       ; 0                 ; 0       ;
;      - release_counter[14]~0          ; 0                 ; 0       ;
;      - release_counter[14]~1          ; 0                 ; 0       ;
; CLOCK_50                              ;                   ;         ;
;      - pixel_clock                    ; 1                 ; 0       ;
; KEY[1]                                ;                   ;         ;
;      - state~8                        ; 1                 ; 0       ;
;      - state~9                        ; 1                 ; 0       ;
;      - patch_x[2]~1                   ; 1                 ; 0       ;
;      - patch_y[2]~1                   ; 1                 ; 0       ;
;      - patch_mode~0                   ; 1                 ; 0       ;
;      - state~10                       ; 1                 ; 0       ;
;      - state~11                       ; 1                 ; 0       ;
;      - release_counter[14]~0          ; 1                 ; 0       ;
+---------------------------------------+-------------------+---------+


+--------------------------------------------------------------------------------------------------------------------------------------------------------------------------------------------------------------+
; Control Signals                                                                                                                                                                                              ;
+------------------------------------------------------------------+----------------------+---------+---------------------------+--------+----------------------+------------------+---------------------------+
; Name                                                             ; Location             ; Fan-Out ; Usage                     ; Global ; Global Resource Used ; Global Line Name ; Enable Signal Source Name ;
+------------------------------------------------------------------+----------------------+---------+---------------------------+--------+----------------------+------------------+---------------------------+
; CLOCK_50                                                         ; PIN_AF14             ; 1       ; Clock                     ; no     ; --                   ; --               ; --                        ;
; background_engine:background|tilemap_memory:tilemap|memory~10000 ; MLABCELL_X34_Y63_N3  ; 4       ; Clock enable              ; no     ; --                   ; --               ; --                        ;
; background_engine:background|tilemap_memory:tilemap|memory~10001 ; LABCELL_X37_Y59_N57  ; 4       ; Clock enable              ; no     ; --                   ; --               ; --                        ;
; background_engine:background|tilemap_memory:tilemap|memory~10003 ; LABCELL_X36_Y63_N3   ; 4       ; Clock enable              ; no     ; --                   ; --               ; --                        ;
; background_engine:background|tilemap_memory:tilemap|memory~10005 ; LABCELL_X35_Y59_N12  ; 4       ; Clock enable              ; no     ; --                   ; --               ; --                        ;
; background_engine:background|tilemap_memory:tilemap|memory~10007 ; LABCELL_X35_Y59_N45  ; 4       ; Clock enable              ; no     ; --                   ; --               ; --                        ;
; background_engine:background|tilemap_memory:tilemap|memory~10008 ; LABCELL_X35_Y60_N48  ; 4       ; Clock enable              ; no     ; --                   ; --               ; --                        ;
; background_engine:background|tilemap_memory:tilemap|memory~10009 ; MLABCELL_X39_Y62_N51 ; 4       ; Clock enable              ; no     ; --                   ; --               ; --                        ;
; background_engine:background|tilemap_memory:tilemap|memory~10010 ; LABCELL_X36_Y62_N39  ; 4       ; Clock enable              ; no     ; --                   ; --               ; --                        ;
; background_engine:background|tilemap_memory:tilemap|memory~10011 ; LABCELL_X33_Y62_N39  ; 4       ; Clock enable              ; no     ; --                   ; --               ; --                        ;
; background_engine:background|tilemap_memory:tilemap|memory~10012 ; LABCELL_X42_Y61_N12  ; 4       ; Clock enable              ; no     ; --                   ; --               ; --                        ;
; background_engine:background|tilemap_memory:tilemap|memory~10013 ; LABCELL_X40_Y60_N15  ; 4       ; Clock enable              ; no     ; --                   ; --               ; --                        ;
; background_engine:background|tilemap_memory:tilemap|memory~10014 ; MLABCELL_X34_Y62_N42 ; 4       ; Clock enable              ; no     ; --                   ; --               ; --                        ;
; background_engine:background|tilemap_memory:tilemap|memory~10015 ; LABCELL_X33_Y62_N6   ; 4       ; Clock enable              ; no     ; --                   ; --               ; --                        ;
; background_engine:background|tilemap_memory:tilemap|memory~10016 ; LABCELL_X37_Y62_N9   ; 4       ; Clock enable              ; no     ; --                   ; --               ; --                        ;
; background_engine:background|tilemap_memory:tilemap|memory~10017 ; LABCELL_X27_Y67_N18  ; 4       ; Clock enable              ; no     ; --                   ; --               ; --                        ;
; background_engine:background|tilemap_memory:tilemap|memory~10057 ; LABCELL_X31_Y63_N36  ; 4       ; Clock enable              ; no     ; --                   ; --               ; --                        ;
; background_engine:background|tilemap_memory:tilemap|memory~10058 ; MLABCELL_X28_Y66_N27 ; 4       ; Clock enable              ; no     ; --                   ; --               ; --                        ;
; background_engine:background|tilemap_memory:tilemap|memory~10059 ; LABCELL_X30_Y65_N21  ; 4       ; Clock enable              ; no     ; --                   ; --               ; --                        ;
; background_engine:background|tilemap_memory:tilemap|memory~10236 ; LABCELL_X33_Y66_N57  ; 3       ; Clock enable              ; no     ; --                   ; --               ; --                        ;
; background_engine:background|tilemap_memory:tilemap|memory~10237 ; LABCELL_X33_Y64_N48  ; 3       ; Clock enable              ; no     ; --                   ; --               ; --                        ;
; background_engine:background|tilemap_memory:tilemap|memory~10238 ; MLABCELL_X34_Y65_N54 ; 3       ; Clock enable              ; no     ; --                   ; --               ; --                        ;
; background_engine:background|tilemap_memory:tilemap|memory~10239 ; LABCELL_X33_Y66_N12  ; 3       ; Clock enable              ; no     ; --                   ; --               ; --                        ;
; background_engine:background|tilemap_memory:tilemap|memory~10240 ; LABCELL_X31_Y59_N57  ; 3       ; Clock enable              ; no     ; --                   ; --               ; --                        ;
; background_engine:background|tilemap_memory:tilemap|memory~10241 ; MLABCELL_X34_Y68_N12 ; 3       ; Clock enable              ; no     ; --                   ; --               ; --                        ;
; background_engine:background|tilemap_memory:tilemap|memory~10242 ; LABCELL_X27_Y64_N51  ; 3       ; Clock enable              ; no     ; --                   ; --               ; --                        ;
; background_engine:background|tilemap_memory:tilemap|memory~10243 ; LABCELL_X27_Y64_N54  ; 3       ; Clock enable              ; no     ; --                   ; --               ; --                        ;
; background_engine:background|tilemap_memory:tilemap|memory~10244 ; LABCELL_X29_Y65_N24  ; 3       ; Clock enable              ; no     ; --                   ; --               ; --                        ;
; background_engine:background|tilemap_memory:tilemap|memory~10245 ; MLABCELL_X28_Y63_N54 ; 3       ; Clock enable              ; no     ; --                   ; --               ; --                        ;
; background_engine:background|tilemap_memory:tilemap|memory~10246 ; LABCELL_X27_Y67_N42  ; 3       ; Clock enable              ; no     ; --                   ; --               ; --                        ;
; background_engine:background|tilemap_memory:tilemap|memory~10247 ; LABCELL_X27_Y68_N48  ; 3       ; Clock enable              ; no     ; --                   ; --               ; --                        ;
; background_engine:background|tilemap_memory:tilemap|memory~10248 ; MLABCELL_X28_Y66_N15 ; 4       ; Clock enable              ; no     ; --                   ; --               ; --                        ;
; background_engine:background|tilemap_memory:tilemap|memory~10249 ; LABCELL_X29_Y65_N9   ; 3       ; Clock enable              ; no     ; --                   ; --               ; --                        ;
; background_engine:background|tilemap_memory:tilemap|memory~10250 ; LABCELL_X22_Y65_N18  ; 3       ; Clock enable              ; no     ; --                   ; --               ; --                        ;
; background_engine:background|tilemap_memory:tilemap|memory~10251 ; LABCELL_X22_Y65_N39  ; 3       ; Clock enable              ; no     ; --                   ; --               ; --                        ;
; background_engine:background|tilemap_memory:tilemap|memory~10252 ; LABCELL_X23_Y65_N21  ; 3       ; Clock enable              ; no     ; --                   ; --               ; --                        ;
; background_engine:background|tilemap_memory:tilemap|memory~10253 ; LABCELL_X30_Y66_N12  ; 3       ; Clock enable              ; no     ; --                   ; --               ; --                        ;
; background_engine:background|tilemap_memory:tilemap|memory~10254 ; LABCELL_X29_Y65_N33  ; 3       ; Clock enable              ; no     ; --                   ; --               ; --                        ;
; background_engine:background|tilemap_memory:tilemap|memory~10255 ; MLABCELL_X28_Y65_N39 ; 3       ; Clock enable              ; no     ; --                   ; --               ; --                        ;
; background_engine:background|tilemap_memory:tilemap|memory~10256 ; LABCELL_X27_Y63_N48  ; 3       ; Clock enable              ; no     ; --                   ; --               ; --                        ;
; background_engine:background|tilemap_memory:tilemap|memory~10257 ; MLABCELL_X28_Y65_N0  ; 3       ; Clock enable              ; no     ; --                   ; --               ; --                        ;
; background_engine:background|tilemap_memory:tilemap|memory~10258 ; LABCELL_X27_Y63_N24  ; 3       ; Clock enable              ; no     ; --                   ; --               ; --                        ;
; background_engine:background|tilemap_memory:tilemap|memory~10259 ; LABCELL_X27_Y63_N57  ; 3       ; Clock enable              ; no     ; --                   ; --               ; --                        ;
; background_engine:background|tilemap_memory:tilemap|memory~10260 ; LABCELL_X30_Y67_N42  ; 3       ; Clock enable              ; no     ; --                   ; --               ; --                        ;
; background_engine:background|tilemap_memory:tilemap|memory~10261 ; LABCELL_X30_Y67_N27  ; 3       ; Clock enable              ; no     ; --                   ; --               ; --                        ;
; background_engine:background|tilemap_memory:tilemap|memory~10262 ; LABCELL_X31_Y69_N51  ; 3       ; Clock enable              ; no     ; --                   ; --               ; --                        ;
; background_engine:background|tilemap_memory:tilemap|memory~10263 ; LABCELL_X31_Y69_N39  ; 3       ; Clock enable              ; no     ; --                   ; --               ; --                        ;
; background_engine:background|tilemap_memory:tilemap|memory~10264 ; LABCELL_X37_Y68_N24  ; 3       ; Clock enable              ; no     ; --                   ; --               ; --                        ;
; background_engine:background|tilemap_memory:tilemap|memory~10265 ; LABCELL_X37_Y68_N39  ; 3       ; Clock enable              ; no     ; --                   ; --               ; --                        ;
; background_engine:background|tilemap_memory:tilemap|memory~10266 ; LABCELL_X31_Y68_N48  ; 3       ; Clock enable              ; no     ; --                   ; --               ; --                        ;
; background_engine:background|tilemap_memory:tilemap|memory~10267 ; LABCELL_X35_Y69_N15  ; 3       ; Clock enable              ; no     ; --                   ; --               ; --                        ;
; background_engine:background|tilemap_memory:tilemap|memory~10268 ; MLABCELL_X34_Y69_N24 ; 3       ; Clock enable              ; no     ; --                   ; --               ; --                        ;
; background_engine:background|tilemap_memory:tilemap|memory~10269 ; MLABCELL_X34_Y67_N54 ; 3       ; Clock enable              ; no     ; --                   ; --               ; --                        ;
; background_engine:background|tilemap_memory:tilemap|memory~10270 ; LABCELL_X33_Y69_N9   ; 3       ; Clock enable              ; no     ; --                   ; --               ; --                        ;
; background_engine:background|tilemap_memory:tilemap|memory~10271 ; MLABCELL_X34_Y69_N0  ; 3       ; Clock enable              ; no     ; --                   ; --               ; --                        ;
; background_engine:background|tilemap_memory:tilemap|memory~10272 ; LABCELL_X33_Y69_N12  ; 3       ; Clock enable              ; no     ; --                   ; --               ; --                        ;
; background_engine:background|tilemap_memory:tilemap|memory~10273 ; LABCELL_X31_Y65_N24  ; 3       ; Clock enable              ; no     ; --                   ; --               ; --                        ;
; background_engine:background|tilemap_memory:tilemap|memory~10274 ; LABCELL_X31_Y66_N51  ; 3       ; Clock enable              ; no     ; --                   ; --               ; --                        ;
; background_engine:background|tilemap_memory:tilemap|memory~10275 ; MLABCELL_X28_Y69_N51 ; 3       ; Clock enable              ; no     ; --                   ; --               ; --                        ;
; background_engine:background|tilemap_memory:tilemap|memory~10276 ; LABCELL_X37_Y68_N54  ; 3       ; Clock enable              ; no     ; --                   ; --               ; --                        ;
; background_engine:background|tilemap_memory:tilemap|memory~10277 ; LABCELL_X46_Y56_N48  ; 3       ; Clock enable              ; no     ; --                   ; --               ; --                        ;
; background_engine:background|tilemap_memory:tilemap|memory~10278 ; LABCELL_X35_Y67_N36  ; 3       ; Clock enable              ; no     ; --                   ; --               ; --                        ;
; background_engine:background|tilemap_memory:tilemap|memory~10279 ; LABCELL_X35_Y68_N51  ; 3       ; Clock enable              ; no     ; --                   ; --               ; --                        ;
; background_engine:background|tilemap_memory:tilemap|memory~10280 ; LABCELL_X29_Y69_N36  ; 3       ; Clock enable              ; no     ; --                   ; --               ; --                        ;
; background_engine:background|tilemap_memory:tilemap|memory~10281 ; LABCELL_X30_Y69_N54  ; 3       ; Clock enable              ; no     ; --                   ; --               ; --                        ;
; background_engine:background|tilemap_memory:tilemap|memory~10282 ; LABCELL_X29_Y69_N12  ; 3       ; Clock enable              ; no     ; --                   ; --               ; --                        ;
; background_engine:background|tilemap_memory:tilemap|memory~10283 ; LABCELL_X35_Y68_N36  ; 4       ; Clock enable              ; no     ; --                   ; --               ; --                        ;
; background_engine:background|tilemap_memory:tilemap|memory~10284 ; MLABCELL_X28_Y69_N6  ; 3       ; Clock enable              ; no     ; --                   ; --               ; --                        ;
; background_engine:background|tilemap_memory:tilemap|memory~10285 ; MLABCELL_X28_Y69_N45 ; 3       ; Clock enable              ; no     ; --                   ; --               ; --                        ;
; background_engine:background|tilemap_memory:tilemap|memory~10286 ; MLABCELL_X28_Y66_N54 ; 3       ; Clock enable              ; no     ; --                   ; --               ; --                        ;
; background_engine:background|tilemap_memory:tilemap|memory~10287 ; MLABCELL_X25_Y66_N30 ; 3       ; Clock enable              ; no     ; --                   ; --               ; --                        ;
; background_engine:background|tilemap_memory:tilemap|memory~10288 ; MLABCELL_X25_Y66_N27 ; 3       ; Clock enable              ; no     ; --                   ; --               ; --                        ;
; background_engine:background|tilemap_memory:tilemap|memory~10289 ; MLABCELL_X28_Y68_N42 ; 3       ; Clock enable              ; no     ; --                   ; --               ; --                        ;
; background_engine:background|tilemap_memory:tilemap|memory~10290 ; LABCELL_X29_Y65_N0   ; 3       ; Clock enable              ; no     ; --                   ; --               ; --                        ;
; background_engine:background|tilemap_memory:tilemap|memory~10291 ; LABCELL_X29_Y66_N36  ; 3       ; Clock enable              ; no     ; --                   ; --               ; --                        ;
; background_engine:background|tilemap_memory:tilemap|memory~10292 ; LABCELL_X29_Y58_N51  ; 3       ; Clock enable              ; no     ; --                   ; --               ; --                        ;
; background_engine:background|tilemap_memory:tilemap|memory~10293 ; MLABCELL_X28_Y66_N39 ; 3       ; Clock enable              ; no     ; --                   ; --               ; --                        ;
; background_engine:background|tilemap_memory:tilemap|memory~10294 ; LABCELL_X11_Y58_N51  ; 3       ; Clock enable              ; no     ; --                   ; --               ; --                        ;
; background_engine:background|tilemap_memory:tilemap|memory~10295 ; LABCELL_X11_Y60_N51  ; 3       ; Clock enable              ; no     ; --                   ; --               ; --                        ;
; background_engine:background|tilemap_memory:tilemap|memory~10296 ; LABCELL_X17_Y58_N51  ; 3       ; Clock enable              ; no     ; --                   ; --               ; --                        ;
; background_engine:background|tilemap_memory:tilemap|memory~10297 ; LABCELL_X30_Y68_N51  ; 3       ; Clock enable              ; no     ; --                   ; --               ; --                        ;
; background_engine:background|tilemap_memory:tilemap|memory~10298 ; LABCELL_X17_Y58_N45  ; 3       ; Clock enable              ; no     ; --                   ; --               ; --                        ;
; background_engine:background|tilemap_memory:tilemap|memory~10299 ; LABCELL_X12_Y58_N57  ; 3       ; Clock enable              ; no     ; --                   ; --               ; --                        ;
; background_engine:background|tilemap_memory:tilemap|memory~10300 ; LABCELL_X36_Y67_N18  ; 3       ; Clock enable              ; no     ; --                   ; --               ; --                        ;
; background_engine:background|tilemap_memory:tilemap|memory~10301 ; LABCELL_X33_Y58_N24  ; 3       ; Clock enable              ; no     ; --                   ; --               ; --                        ;
; background_engine:background|tilemap_memory:tilemap|memory~10302 ; LABCELL_X36_Y67_N42  ; 3       ; Clock enable              ; no     ; --                   ; --               ; --                        ;
; background_engine:background|tilemap_memory:tilemap|memory~10303 ; LABCELL_X16_Y61_N48  ; 3       ; Clock enable              ; no     ; --                   ; --               ; --                        ;
; background_engine:background|tilemap_memory:tilemap|memory~10304 ; LABCELL_X16_Y61_N39  ; 3       ; Clock enable              ; no     ; --                   ; --               ; --                        ;
; background_engine:background|tilemap_memory:tilemap|memory~10305 ; LABCELL_X30_Y69_N12  ; 3       ; Clock enable              ; no     ; --                   ; --               ; --                        ;
; background_engine:background|tilemap_memory:tilemap|memory~10306 ; LABCELL_X33_Y58_N45  ; 3       ; Clock enable              ; no     ; --                   ; --               ; --                        ;
; background_engine:background|tilemap_memory:tilemap|memory~10307 ; LABCELL_X19_Y63_N6   ; 3       ; Clock enable              ; no     ; --                   ; --               ; --                        ;
; background_engine:background|tilemap_memory:tilemap|memory~10308 ; LABCELL_X12_Y55_N51  ; 3       ; Clock enable              ; no     ; --                   ; --               ; --                        ;
; background_engine:background|tilemap_memory:tilemap|memory~10309 ; LABCELL_X17_Y60_N51  ; 3       ; Clock enable              ; no     ; --                   ; --               ; --                        ;
; background_engine:background|tilemap_memory:tilemap|memory~10310 ; LABCELL_X17_Y60_N15  ; 3       ; Clock enable              ; no     ; --                   ; --               ; --                        ;
; background_engine:background|tilemap_memory:tilemap|memory~10311 ; LABCELL_X18_Y62_N21  ; 3       ; Clock enable              ; no     ; --                   ; --               ; --                        ;
; background_engine:background|tilemap_memory:tilemap|memory~10312 ; LABCELL_X30_Y68_N6   ; 3       ; Clock enable              ; no     ; --                   ; --               ; --                        ;
; background_engine:background|tilemap_memory:tilemap|memory~10313 ; LABCELL_X18_Y60_N42  ; 3       ; Clock enable              ; no     ; --                   ; --               ; --                        ;
; background_engine:background|tilemap_memory:tilemap|memory~10314 ; LABCELL_X33_Y65_N54  ; 3       ; Clock enable              ; no     ; --                   ; --               ; --                        ;
; background_engine:background|tilemap_memory:tilemap|memory~10315 ; MLABCELL_X21_Y65_N24 ; 3       ; Clock enable              ; no     ; --                   ; --               ; --                        ;
; background_engine:background|tilemap_memory:tilemap|memory~10316 ; LABCELL_X11_Y56_N24  ; 3       ; Clock enable              ; no     ; --                   ; --               ; --                        ;
; background_engine:background|tilemap_memory:tilemap|memory~10317 ; LABCELL_X30_Y65_N39  ; 3       ; Clock enable              ; no     ; --                   ; --               ; --                        ;
; background_engine:background|tilemap_memory:tilemap|memory~10318 ; LABCELL_X33_Y67_N24  ; 3       ; Clock enable              ; no     ; --                   ; --               ; --                        ;
; background_engine:background|tilemap_memory:tilemap|memory~10319 ; LABCELL_X31_Y67_N18  ; 3       ; Clock enable              ; no     ; --                   ; --               ; --                        ;
; background_engine:background|tilemap_memory:tilemap|memory~10320 ; LABCELL_X30_Y62_N48  ; 3       ; Clock enable              ; no     ; --                   ; --               ; --                        ;
; background_engine:background|tilemap_memory:tilemap|memory~10321 ; MLABCELL_X25_Y64_N0  ; 3       ; Clock enable              ; no     ; --                   ; --               ; --                        ;
; background_engine:background|tilemap_memory:tilemap|memory~10322 ; LABCELL_X31_Y60_N36  ; 3       ; Clock enable              ; no     ; --                   ; --               ; --                        ;
; background_engine:background|tilemap_memory:tilemap|memory~10323 ; LABCELL_X27_Y62_N33  ; 3       ; Clock enable              ; no     ; --                   ; --               ; --                        ;
; background_engine:background|tilemap_memory:tilemap|memory~10324 ; MLABCELL_X25_Y65_N48 ; 3       ; Clock enable              ; no     ; --                   ; --               ; --                        ;
; background_engine:background|tilemap_memory:tilemap|memory~10325 ; LABCELL_X31_Y65_N45  ; 3       ; Clock enable              ; no     ; --                   ; --               ; --                        ;
; background_engine:background|tilemap_memory:tilemap|memory~10326 ; MLABCELL_X25_Y65_N30 ; 3       ; Clock enable              ; no     ; --                   ; --               ; --                        ;
; background_engine:background|tilemap_memory:tilemap|memory~10327 ; LABCELL_X27_Y62_N42  ; 3       ; Clock enable              ; no     ; --                   ; --               ; --                        ;
; background_engine:background|tilemap_memory:tilemap|memory~10328 ; LABCELL_X11_Y56_N57  ; 3       ; Clock enable              ; no     ; --                   ; --               ; --                        ;
; background_engine:background|tilemap_memory:tilemap|memory~10329 ; MLABCELL_X28_Y59_N36 ; 3       ; Clock enable              ; no     ; --                   ; --               ; --                        ;
; background_engine:background|tilemap_memory:tilemap|memory~10330 ; LABCELL_X27_Y61_N36  ; 3       ; Clock enable              ; no     ; --                   ; --               ; --                        ;
; background_engine:background|tilemap_memory:tilemap|memory~10331 ; LABCELL_X27_Y61_N57  ; 3       ; Clock enable              ; no     ; --                   ; --               ; --                        ;
; background_engine:background|tilemap_memory:tilemap|memory~10332 ; LABCELL_X24_Y56_N27  ; 3       ; Clock enable              ; no     ; --                   ; --               ; --                        ;
; background_engine:background|tilemap_memory:tilemap|memory~10333 ; LABCELL_X27_Y63_N36  ; 3       ; Clock enable              ; no     ; --                   ; --               ; --                        ;
; background_engine:background|tilemap_memory:tilemap|memory~10334 ; LABCELL_X12_Y60_N24  ; 3       ; Clock enable              ; no     ; --                   ; --               ; --                        ;
; background_engine:background|tilemap_memory:tilemap|memory~10335 ; LABCELL_X11_Y56_N36  ; 3       ; Clock enable              ; no     ; --                   ; --               ; --                        ;
; background_engine:background|tilemap_memory:tilemap|memory~10336 ; MLABCELL_X25_Y58_N24 ; 3       ; Clock enable              ; no     ; --                   ; --               ; --                        ;
; background_engine:background|tilemap_memory:tilemap|memory~10337 ; LABCELL_X18_Y61_N0   ; 3       ; Clock enable              ; no     ; --                   ; --               ; --                        ;
; background_engine:background|tilemap_memory:tilemap|memory~10338 ; LABCELL_X12_Y60_N30  ; 3       ; Clock enable              ; no     ; --                   ; --               ; --                        ;
; background_engine:background|tilemap_memory:tilemap|memory~10339 ; LABCELL_X12_Y60_N57  ; 3       ; Clock enable              ; no     ; --                   ; --               ; --                        ;
; background_engine:background|tilemap_memory:tilemap|memory~10340 ; LABCELL_X18_Y63_N30  ; 3       ; Clock enable              ; no     ; --                   ; --               ; --                        ;
; background_engine:background|tilemap_memory:tilemap|memory~10341 ; LABCELL_X18_Y62_N39  ; 3       ; Clock enable              ; no     ; --                   ; --               ; --                        ;
; background_engine:background|tilemap_memory:tilemap|memory~10342 ; LABCELL_X37_Y62_N54  ; 3       ; Clock enable              ; no     ; --                   ; --               ; --                        ;
; background_engine:background|tilemap_memory:tilemap|memory~10343 ; LABCELL_X13_Y55_N24  ; 3       ; Clock enable              ; no     ; --                   ; --               ; --                        ;
; background_engine:background|tilemap_memory:tilemap|memory~10344 ; LABCELL_X37_Y66_N54  ; 3       ; Clock enable              ; no     ; --                   ; --               ; --                        ;
; background_engine:background|tilemap_memory:tilemap|memory~10345 ; MLABCELL_X34_Y62_N9  ; 3       ; Clock enable              ; no     ; --                   ; --               ; --                        ;
; background_engine:background|tilemap_memory:tilemap|memory~10346 ; MLABCELL_X34_Y57_N36 ; 3       ; Clock enable              ; no     ; --                   ; --               ; --                        ;
; background_engine:background|tilemap_memory:tilemap|memory~10347 ; LABCELL_X43_Y58_N36  ; 3       ; Clock enable              ; no     ; --                   ; --               ; --                        ;
; background_engine:background|tilemap_memory:tilemap|memory~10348 ; LABCELL_X43_Y60_N33  ; 3       ; Clock enable              ; no     ; --                   ; --               ; --                        ;
; background_engine:background|tilemap_memory:tilemap|memory~10349 ; MLABCELL_X28_Y60_N21 ; 3       ; Clock enable              ; no     ; --                   ; --               ; --                        ;
; background_engine:background|tilemap_memory:tilemap|memory~10702 ; LABCELL_X36_Y64_N33  ; 4       ; Clock enable              ; no     ; --                   ; --               ; --                        ;
; background_engine:background|tilemap_memory:tilemap|memory~10703 ; MLABCELL_X34_Y62_N57 ; 4       ; Clock enable              ; no     ; --                   ; --               ; --                        ;
; background_engine:background|tilemap_memory:tilemap|memory~10704 ; LABCELL_X42_Y63_N0   ; 4       ; Clock enable              ; no     ; --                   ; --               ; --                        ;
; background_engine:background|tilemap_memory:tilemap|memory~10705 ; LABCELL_X37_Y58_N54  ; 4       ; Clock enable              ; no     ; --                   ; --               ; --                        ;
; background_engine:background|tilemap_memory:tilemap|memory~10706 ; LABCELL_X46_Y55_N6   ; 6       ; Clock enable              ; no     ; --                   ; --               ; --                        ;
; background_engine:background|tilemap_memory:tilemap|memory~10707 ; LABCELL_X18_Y64_N27  ; 6       ; Clock enable              ; no     ; --                   ; --               ; --                        ;
; background_engine:background|tilemap_memory:tilemap|memory~10708 ; LABCELL_X12_Y58_N30  ; 6       ; Clock enable              ; no     ; --                   ; --               ; --                        ;
; background_engine:background|tilemap_memory:tilemap|memory~10710 ; MLABCELL_X21_Y51_N51 ; 5       ; Clock enable              ; no     ; --                   ; --               ; --                        ;
; background_engine:background|tilemap_memory:tilemap|memory~10711 ; MLABCELL_X34_Y49_N48 ; 5       ; Clock enable              ; no     ; --                   ; --               ; --                        ;
; background_engine:background|tilemap_memory:tilemap|memory~10712 ; MLABCELL_X21_Y51_N42 ; 5       ; Clock enable              ; no     ; --                   ; --               ; --                        ;
; background_engine:background|tilemap_memory:tilemap|memory~10713 ; LABCELL_X31_Y49_N33  ; 5       ; Clock enable              ; no     ; --                   ; --               ; --                        ;
; background_engine:background|tilemap_memory:tilemap|memory~10714 ; LABCELL_X31_Y58_N54  ; 5       ; Clock enable              ; no     ; --                   ; --               ; --                        ;
; background_engine:background|tilemap_memory:tilemap|memory~10715 ; LABCELL_X18_Y53_N51  ; 5       ; Clock enable              ; no     ; --                   ; --               ; --                        ;
; background_engine:background|tilemap_memory:tilemap|memory~10716 ; LABCELL_X33_Y51_N36  ; 5       ; Clock enable              ; no     ; --                   ; --               ; --                        ;
; background_engine:background|tilemap_memory:tilemap|memory~10717 ; MLABCELL_X25_Y50_N18 ; 5       ; Clock enable              ; no     ; --                   ; --               ; --                        ;
; background_engine:background|tilemap_memory:tilemap|memory~10718 ; MLABCELL_X34_Y50_N0  ; 5       ; Clock enable              ; no     ; --                   ; --               ; --                        ;
; background_engine:background|tilemap_memory:tilemap|memory~10720 ; LABCELL_X17_Y60_N21  ; 6       ; Clock enable              ; no     ; --                   ; --               ; --                        ;
; background_engine:background|tilemap_memory:tilemap|memory~10721 ; LABCELL_X16_Y58_N33  ; 6       ; Clock enable              ; no     ; --                   ; --               ; --                        ;
; background_engine:background|tilemap_memory:tilemap|memory~10722 ; LABCELL_X13_Y60_N36  ; 4       ; Clock enable              ; no     ; --                   ; --               ; --                        ;
; background_engine:background|tilemap_memory:tilemap|memory~10723 ; LABCELL_X24_Y56_N48  ; 4       ; Clock enable              ; no     ; --                   ; --               ; --                        ;
; background_engine:background|tilemap_memory:tilemap|memory~10724 ; MLABCELL_X15_Y57_N18 ; 5       ; Clock enable              ; no     ; --                   ; --               ; --                        ;
; background_engine:background|tilemap_memory:tilemap|memory~10725 ; LABCELL_X24_Y59_N24  ; 6       ; Clock enable              ; no     ; --                   ; --               ; --                        ;
; background_engine:background|tilemap_memory:tilemap|memory~10726 ; LABCELL_X19_Y60_N51  ; 6       ; Clock enable              ; no     ; --                   ; --               ; --                        ;
; background_engine:background|tilemap_memory:tilemap|memory~10727 ; LABCELL_X31_Y62_N54  ; 4       ; Clock enable              ; no     ; --                   ; --               ; --                        ;
; background_engine:background|tilemap_memory:tilemap|memory~10728 ; MLABCELL_X21_Y56_N12 ; 4       ; Clock enable              ; no     ; --                   ; --               ; --                        ;
; background_engine:background|tilemap_memory:tilemap|memory~10729 ; LABCELL_X18_Y60_N39  ; 4       ; Clock enable              ; no     ; --                   ; --               ; --                        ;
; background_engine:background|tilemap_memory:tilemap|memory~10730 ; LABCELL_X13_Y60_N39  ; 5       ; Clock enable              ; no     ; --                   ; --               ; --                        ;
; background_engine:background|tilemap_memory:tilemap|memory~10732 ; LABCELL_X31_Y61_N42  ; 5       ; Clock enable              ; no     ; --                   ; --               ; --                        ;
; background_engine:background|tilemap_memory:tilemap|memory~10734 ; MLABCELL_X28_Y63_N3  ; 5       ; Clock enable              ; no     ; --                   ; --               ; --                        ;
; background_engine:background|tilemap_memory:tilemap|memory~10735 ; LABCELL_X33_Y60_N36  ; 5       ; Clock enable              ; no     ; --                   ; --               ; --                        ;
; background_engine:background|tilemap_memory:tilemap|memory~10736 ; LABCELL_X35_Y63_N42  ; 5       ; Clock enable              ; no     ; --                   ; --               ; --                        ;
; background_engine:background|tilemap_memory:tilemap|memory~10737 ; LABCELL_X16_Y55_N33  ; 5       ; Clock enable              ; no     ; --                   ; --               ; --                        ;
; background_engine:background|tilemap_memory:tilemap|memory~10738 ; LABCELL_X42_Y58_N48  ; 5       ; Clock enable              ; no     ; --                   ; --               ; --                        ;
; background_engine:background|tilemap_memory:tilemap|memory~10750 ; LABCELL_X35_Y61_N36  ; 4       ; Clock enable              ; no     ; --                   ; --               ; --                        ;
; background_engine:background|tilemap_memory:tilemap|memory~10751 ; LABCELL_X35_Y66_N18  ; 5       ; Clock enable              ; no     ; --                   ; --               ; --                        ;
; background_engine:background|tilemap_memory:tilemap|memory~10752 ; LABCELL_X35_Y66_N12  ; 4       ; Clock enable              ; no     ; --                   ; --               ; --                        ;
; background_engine:background|tilemap_memory:tilemap|memory~10753 ; MLABCELL_X39_Y61_N54 ; 4       ; Clock enable              ; no     ; --                   ; --               ; --                        ;
; background_engine:background|tilemap_memory:tilemap|memory~10754 ; LABCELL_X30_Y64_N6   ; 5       ; Clock enable              ; no     ; --                   ; --               ; --                        ;
; background_engine:background|tilemap_memory:tilemap|memory~10755 ; LABCELL_X43_Y63_N51  ; 4       ; Clock enable              ; no     ; --                   ; --               ; --                        ;
; background_engine:background|tilemap_memory:tilemap|memory~10756 ; LABCELL_X37_Y51_N3   ; 4       ; Clock enable              ; no     ; --                   ; --               ; --                        ;
; background_engine:background|tilemap_memory:tilemap|memory~10757 ; LABCELL_X42_Y52_N6   ; 4       ; Clock enable              ; no     ; --                   ; --               ; --                        ;
; background_engine:background|tilemap_memory:tilemap|memory~10758 ; LABCELL_X19_Y53_N54  ; 4       ; Clock enable              ; no     ; --                   ; --               ; --                        ;
; background_engine:background|tilemap_memory:tilemap|memory~10759 ; LABCELL_X43_Y59_N18  ; 4       ; Clock enable              ; no     ; --                   ; --               ; --                        ;
; background_engine:background|tilemap_memory:tilemap|memory~10760 ; LABCELL_X16_Y62_N48  ; 4       ; Clock enable              ; no     ; --                   ; --               ; --                        ;
; background_engine:background|tilemap_memory:tilemap|memory~10761 ; MLABCELL_X28_Y62_N36 ; 4       ; Clock enable              ; no     ; --                   ; --               ; --                        ;
; background_engine:background|tilemap_memory:tilemap|memory~10762 ; LABCELL_X18_Y61_N54  ; 4       ; Clock enable              ; no     ; --                   ; --               ; --                        ;
; background_engine:background|tilemap_memory:tilemap|memory~10763 ; LABCELL_X16_Y60_N0   ; 5       ; Clock enable              ; no     ; --                   ; --               ; --                        ;
; background_engine:background|tilemap_memory:tilemap|memory~10764 ; LABCELL_X12_Y59_N24  ; 5       ; Clock enable              ; no     ; --                   ; --               ; --                        ;
; background_engine:background|tilemap_memory:tilemap|memory~10765 ; LABCELL_X16_Y58_N54  ; 5       ; Clock enable              ; no     ; --                   ; --               ; --                        ;
; background_engine:background|tilemap_memory:tilemap|memory~10766 ; LABCELL_X11_Y59_N18  ; 5       ; Clock enable              ; no     ; --                   ; --               ; --                        ;
; background_engine:background|tilemap_memory:tilemap|memory~10768 ; LABCELL_X24_Y50_N54  ; 4       ; Clock enable              ; no     ; --                   ; --               ; --                        ;
; background_engine:background|tilemap_memory:tilemap|memory~10770 ; LABCELL_X22_Y57_N21  ; 4       ; Clock enable              ; no     ; --                   ; --               ; --                        ;
; background_engine:background|tilemap_memory:tilemap|memory~10771 ; LABCELL_X17_Y57_N18  ; 4       ; Clock enable              ; no     ; --                   ; --               ; --                        ;
; background_engine:background|tilemap_memory:tilemap|memory~10772 ; LABCELL_X17_Y55_N48  ; 4       ; Clock enable              ; no     ; --                   ; --               ; --                        ;
; background_engine:background|tilemap_memory:tilemap|memory~10773 ; LABCELL_X16_Y56_N18  ; 4       ; Clock enable              ; no     ; --                   ; --               ; --                        ;
; background_engine:background|tilemap_memory:tilemap|memory~10775 ; LABCELL_X10_Y57_N36  ; 4       ; Clock enable              ; no     ; --                   ; --               ; --                        ;
; background_engine:background|tilemap_memory:tilemap|memory~10777 ; MLABCELL_X25_Y63_N6  ; 4       ; Clock enable              ; no     ; --                   ; --               ; --                        ;
; background_engine:background|tilemap_memory:tilemap|memory~10778 ; LABCELL_X13_Y61_N36  ; 4       ; Clock enable              ; no     ; --                   ; --               ; --                        ;
; background_engine:background|tilemap_memory:tilemap|memory~10779 ; MLABCELL_X15_Y60_N51 ; 4       ; Clock enable              ; no     ; --                   ; --               ; --                        ;
; background_engine:background|tilemap_memory:tilemap|memory~10780 ; LABCELL_X13_Y61_N57  ; 4       ; Clock enable              ; no     ; --                   ; --               ; --                        ;
; background_engine:background|tilemap_memory:tilemap|memory~10781 ; LABCELL_X46_Y53_N33  ; 4       ; Clock enable              ; no     ; --                   ; --               ; --                        ;
; background_engine:background|tilemap_memory:tilemap|memory~10782 ; LABCELL_X33_Y53_N6   ; 4       ; Clock enable              ; no     ; --                   ; --               ; --                        ;
; background_engine:background|tilemap_memory:tilemap|memory~10783 ; LABCELL_X46_Y53_N39  ; 4       ; Clock enable              ; no     ; --                   ; --               ; --                        ;
; background_engine:background|tilemap_memory:tilemap|memory~10784 ; LABCELL_X36_Y52_N18  ; 4       ; Clock enable              ; no     ; --                   ; --               ; --                        ;
; background_engine:background|tilemap_memory:tilemap|memory~10785 ; LABCELL_X37_Y56_N3   ; 4       ; Clock enable              ; no     ; --                   ; --               ; --                        ;
; background_engine:background|tilemap_memory:tilemap|memory~10786 ; LABCELL_X43_Y57_N27  ; 4       ; Clock enable              ; no     ; --                   ; --               ; --                        ;
; background_engine:background|tilemap_memory:tilemap|memory~10787 ; LABCELL_X31_Y56_N54  ; 4       ; Clock enable              ; no     ; --                   ; --               ; --                        ;
; background_engine:background|tilemap_memory:tilemap|memory~10788 ; LABCELL_X35_Y54_N0   ; 4       ; Clock enable              ; no     ; --                   ; --               ; --                        ;
; background_engine:background|tilemap_memory:tilemap|memory~10789 ; MLABCELL_X47_Y54_N21 ; 4       ; Clock enable              ; no     ; --                   ; --               ; --                        ;
; background_engine:background|tilemap_memory:tilemap|memory~10790 ; LABCELL_X46_Y54_N36  ; 4       ; Clock enable              ; no     ; --                   ; --               ; --                        ;
; background_engine:background|tilemap_memory:tilemap|memory~10791 ; LABCELL_X46_Y58_N33  ; 4       ; Clock enable              ; no     ; --                   ; --               ; --                        ;
; background_engine:background|tilemap_memory:tilemap|memory~10792 ; LABCELL_X35_Y55_N0   ; 4       ; Clock enable              ; no     ; --                   ; --               ; --                        ;
; background_engine:background|tilemap_memory:tilemap|memory~10793 ; LABCELL_X37_Y61_N24  ; 4       ; Clock enable              ; no     ; --                   ; --               ; --                        ;
; background_engine:background|tilemap_memory:tilemap|memory~10794 ; LABCELL_X31_Y58_N21  ; 4       ; Clock enable              ; no     ; --                   ; --               ; --                        ;
; background_engine:background|tilemap_memory:tilemap|memory~10795 ; LABCELL_X37_Y63_N18  ; 4       ; Clock enable              ; no     ; --                   ; --               ; --                        ;
; background_engine:background|tilemap_memory:tilemap|memory~10796 ; LABCELL_X37_Y63_N42  ; 4       ; Clock enable              ; no     ; --                   ; --               ; --                        ;
; background_engine:background|tilemap_memory:tilemap|memory~10797 ; LABCELL_X36_Y65_N30  ; 4       ; Clock enable              ; no     ; --                   ; --               ; --                        ;
; background_engine:background|tilemap_memory:tilemap|memory~10798 ; MLABCELL_X39_Y67_N33 ; 4       ; Clock enable              ; no     ; --                   ; --               ; --                        ;
; background_engine:background|tilemap_memory:tilemap|memory~10799 ; LABCELL_X33_Y48_N57  ; 5       ; Clock enable              ; no     ; --                   ; --               ; --                        ;
; background_engine:background|tilemap_memory:tilemap|memory~10800 ; LABCELL_X35_Y56_N12  ; 4       ; Clock enable              ; no     ; --                   ; --               ; --                        ;
; background_engine:background|tilemap_memory:tilemap|memory~10801 ; LABCELL_X30_Y49_N54  ; 5       ; Clock enable              ; no     ; --                   ; --               ; --                        ;
; background_engine:background|tilemap_memory:tilemap|memory~10802 ; LABCELL_X24_Y49_N3   ; 4       ; Clock enable              ; no     ; --                   ; --               ; --                        ;
; background_engine:background|tilemap_memory:tilemap|memory~10803 ; LABCELL_X24_Y49_N39  ; 5       ; Clock enable              ; no     ; --                   ; --               ; --                        ;
; background_engine:background|tilemap_memory:tilemap|memory~10804 ; LABCELL_X33_Y47_N51  ; 5       ; Clock enable              ; no     ; --                   ; --               ; --                        ;
; background_engine:background|tilemap_memory:tilemap|memory~10805 ; LABCELL_X23_Y49_N48  ; 5       ; Clock enable              ; no     ; --                   ; --               ; --                        ;
; background_engine:background|tilemap_memory:tilemap|memory~10806 ; LABCELL_X33_Y48_N12  ; 5       ; Clock enable              ; no     ; --                   ; --               ; --                        ;
; background_engine:background|tilemap_memory:tilemap|memory~10807 ; LABCELL_X29_Y50_N3   ; 5       ; Clock enable              ; no     ; --                   ; --               ; --                        ;
; background_engine:background|tilemap_memory:tilemap|memory~10808 ; LABCELL_X43_Y51_N18  ; 4       ; Clock enable              ; no     ; --                   ; --               ; --                        ;
; background_engine:background|tilemap_memory:tilemap|memory~10809 ; MLABCELL_X28_Y47_N21 ; 4       ; Clock enable              ; no     ; --                   ; --               ; --                        ;
; background_engine:background|tilemap_memory:tilemap|memory~10810 ; MLABCELL_X28_Y48_N30 ; 4       ; Clock enable              ; no     ; --                   ; --               ; --                        ;
; background_engine:background|tilemap_memory:tilemap|memory~10811 ; LABCELL_X35_Y51_N51  ; 4       ; Clock enable              ; no     ; --                   ; --               ; --                        ;
; background_engine:background|tilemap_memory:tilemap|memory~10813 ; MLABCELL_X39_Y53_N3  ; 4       ; Clock enable              ; no     ; --                   ; --               ; --                        ;
; background_engine:background|tilemap_memory:tilemap|memory~10814 ; LABCELL_X42_Y54_N54  ; 4       ; Clock enable              ; no     ; --                   ; --               ; --                        ;
; background_engine:background|tilemap_memory:tilemap|memory~10815 ; LABCELL_X40_Y53_N21  ; 4       ; Clock enable              ; no     ; --                   ; --               ; --                        ;
; background_engine:background|tilemap_memory:tilemap|memory~10816 ; MLABCELL_X39_Y51_N21 ; 4       ; Clock enable              ; no     ; --                   ; --               ; --                        ;
; background_engine:background|tilemap_memory:tilemap|memory~10817 ; LABCELL_X43_Y54_N54  ; 4       ; Clock enable              ; no     ; --                   ; --               ; --                        ;
; background_engine:background|tilemap_memory:tilemap|memory~10818 ; LABCELL_X42_Y54_N57  ; 4       ; Clock enable              ; no     ; --                   ; --               ; --                        ;
; background_engine:background|tilemap_memory:tilemap|memory~10820 ; LABCELL_X37_Y54_N51  ; 4       ; Clock enable              ; no     ; --                   ; --               ; --                        ;
; background_engine:background|tilemap_memory:tilemap|memory~10821 ; LABCELL_X40_Y55_N3   ; 5       ; Clock enable              ; no     ; --                   ; --               ; --                        ;
; background_engine:background|tilemap_memory:tilemap|memory~10822 ; LABCELL_X37_Y64_N33  ; 4       ; Clock enable              ; no     ; --                   ; --               ; --                        ;
; background_engine:background|tilemap_memory:tilemap|memory~10823 ; MLABCELL_X39_Y53_N9  ; 5       ; Clock enable              ; no     ; --                   ; --               ; --                        ;
; background_engine:background|tilemap_memory:tilemap|memory~10824 ; LABCELL_X40_Y53_N51  ; 4       ; Clock enable              ; no     ; --                   ; --               ; --                        ;
; background_engine:background|tilemap_memory:tilemap|memory~10825 ; MLABCELL_X39_Y60_N33 ; 4       ; Clock enable              ; no     ; --                   ; --               ; --                        ;
; background_engine:background|tilemap_memory:tilemap|memory~10826 ; LABCELL_X33_Y49_N27  ; 4       ; Clock enable              ; no     ; --                   ; --               ; --                        ;
; background_engine:background|tilemap_memory:tilemap|memory~10827 ; LABCELL_X36_Y54_N33  ; 4       ; Clock enable              ; no     ; --                   ; --               ; --                        ;
; background_engine:background|tilemap_memory:tilemap|memory~10828 ; LABCELL_X33_Y49_N18  ; 5       ; Clock enable              ; no     ; --                   ; --               ; --                        ;
; background_engine:background|tilemap_memory:tilemap|memory~10829 ; LABCELL_X35_Y51_N12  ; 5       ; Clock enable              ; no     ; --                   ; --               ; --                        ;
; background_engine:background|tilemap_memory:tilemap|memory~10830 ; LABCELL_X36_Y54_N30  ; 5       ; Clock enable              ; no     ; --                   ; --               ; --                        ;
; background_engine:background|tilemap_memory:tilemap|memory~10831 ; MLABCELL_X39_Y60_N39 ; 5       ; Clock enable              ; no     ; --                   ; --               ; --                        ;
; background_engine:background|tilemap_memory:tilemap|memory~10832 ; LABCELL_X30_Y55_N6   ; 4       ; Clock enable              ; no     ; --                   ; --               ; --                        ;
; background_engine:background|tilemap_memory:tilemap|memory~10833 ; LABCELL_X36_Y49_N48  ; 4       ; Clock enable              ; no     ; --                   ; --               ; --                        ;
; background_engine:background|tilemap_memory:tilemap|memory~10834 ; LABCELL_X29_Y55_N12  ; 4       ; Clock enable              ; no     ; --                   ; --               ; --                        ;
; background_engine:background|tilemap_memory:tilemap|memory~10836 ; LABCELL_X24_Y63_N36  ; 4       ; Clock enable              ; no     ; --                   ; --               ; --                        ;
; background_engine:background|tilemap_memory:tilemap|memory~10837 ; MLABCELL_X21_Y58_N36 ; 4       ; Clock enable              ; no     ; --                   ; --               ; --                        ;
; background_engine:background|tilemap_memory:tilemap|memory~10838 ; LABCELL_X31_Y52_N0   ; 4       ; Clock enable              ; no     ; --                   ; --               ; --                        ;
; background_engine:background|tilemap_memory:tilemap|memory~10839 ; LABCELL_X36_Y48_N18  ; 4       ; Clock enable              ; no     ; --                   ; --               ; --                        ;
; background_engine:background|tilemap_memory:tilemap|memory~10840 ; LABCELL_X36_Y60_N21  ; 4       ; Clock enable              ; no     ; --                   ; --               ; --                        ;
; background_engine:background|tilemap_memory:tilemap|memory~10841 ; MLABCELL_X34_Y53_N36 ; 4       ; Clock enable              ; no     ; --                   ; --               ; --                        ;
; background_engine:background|tilemap_memory:tilemap|memory~10842 ; MLABCELL_X39_Y53_N12 ; 4       ; Clock enable              ; no     ; --                   ; --               ; --                        ;
; background_engine:background|tilemap_memory:tilemap|memory~10843 ; LABCELL_X35_Y52_N48  ; 4       ; Clock enable              ; no     ; --                   ; --               ; --                        ;
; background_engine:background|tilemap_memory:tilemap|memory~10844 ; LABCELL_X36_Y50_N48  ; 4       ; Clock enable              ; no     ; --                   ; --               ; --                        ;
; background_engine:background|tilemap_memory:tilemap|memory~10845 ; LABCELL_X36_Y53_N12  ; 4       ; Clock enable              ; no     ; --                   ; --               ; --                        ;
; background_engine:background|tilemap_memory:tilemap|memory~10846 ; LABCELL_X42_Y56_N36  ; 4       ; Clock enable              ; no     ; --                   ; --               ; --                        ;
; background_engine:background|tilemap_memory:tilemap|memory~10847 ; LABCELL_X29_Y51_N27  ; 4       ; Clock enable              ; no     ; --                   ; --               ; --                        ;
; background_engine:background|tilemap_memory:tilemap|memory~10848 ; MLABCELL_X25_Y48_N33 ; 4       ; Clock enable              ; no     ; --                   ; --               ; --                        ;
; background_engine:background|tilemap_memory:tilemap|memory~10849 ; LABCELL_X42_Y55_N27  ; 4       ; Clock enable              ; no     ; --                   ; --               ; --                        ;
; background_engine:background|tilemap_memory:tilemap|memory~10850 ; LABCELL_X30_Y48_N18  ; 4       ; Clock enable              ; no     ; --                   ; --               ; --                        ;
; background_engine:background|tilemap_memory:tilemap|memory~10851 ; LABCELL_X31_Y54_N3   ; 5       ; Clock enable              ; no     ; --                   ; --               ; --                        ;
; background_engine:background|tilemap_memory:tilemap|memory~10852 ; LABCELL_X33_Y53_N0   ; 4       ; Clock enable              ; no     ; --                   ; --               ; --                        ;
; background_engine:background|tilemap_memory:tilemap|memory~10853 ; LABCELL_X37_Y51_N18  ; 5       ; Clock enable              ; no     ; --                   ; --               ; --                        ;
; background_engine:background|tilemap_memory:tilemap|memory~10854 ; LABCELL_X43_Y63_N45  ; 4       ; Clock enable              ; no     ; --                   ; --               ; --                        ;
; background_engine:background|tilemap_memory:tilemap|memory~10855 ; LABCELL_X43_Y52_N18  ; 4       ; Clock enable              ; no     ; --                   ; --               ; --                        ;
; background_engine:background|tilemap_memory:tilemap|memory~10856 ; LABCELL_X16_Y59_N12  ; 4       ; Clock enable              ; no     ; --                   ; --               ; --                        ;
; background_engine:background|tilemap_memory:tilemap|memory~10857 ; LABCELL_X16_Y60_N57  ; 4       ; Clock enable              ; no     ; --                   ; --               ; --                        ;
; background_engine:background|tilemap_memory:tilemap|memory~10858 ; LABCELL_X13_Y58_N54  ; 4       ; Clock enable              ; no     ; --                   ; --               ; --                        ;
; background_engine:background|tilemap_memory:tilemap|memory~10859 ; MLABCELL_X25_Y57_N48 ; 4       ; Clock enable              ; no     ; --                   ; --               ; --                        ;
; background_engine:background|tilemap_memory:tilemap|memory~10860 ; LABCELL_X12_Y57_N21  ; 4       ; Clock enable              ; no     ; --                   ; --               ; --                        ;
; background_engine:background|tilemap_memory:tilemap|memory~10861 ; LABCELL_X16_Y56_N39  ; 4       ; Clock enable              ; no     ; --                   ; --               ; --                        ;
; background_engine:background|tilemap_memory:tilemap|memory~10862 ; LABCELL_X12_Y57_N0   ; 4       ; Clock enable              ; no     ; --                   ; --               ; --                        ;
; background_engine:background|tilemap_memory:tilemap|memory~10863 ; LABCELL_X19_Y56_N0   ; 4       ; Clock enable              ; no     ; --                   ; --               ; --                        ;
; background_engine:background|tilemap_memory:tilemap|memory~10864 ; LABCELL_X10_Y57_N39  ; 4       ; Clock enable              ; no     ; --                   ; --               ; --                        ;
; background_engine:background|tilemap_memory:tilemap|memory~10865 ; LABCELL_X27_Y61_N21  ; 4       ; Clock enable              ; no     ; --                   ; --               ; --                        ;
; background_engine:background|tilemap_memory:tilemap|memory~10866 ; MLABCELL_X21_Y61_N18 ; 4       ; Clock enable              ; no     ; --                   ; --               ; --                        ;
; background_engine:background|tilemap_memory:tilemap|memory~10867 ; LABCELL_X43_Y56_N12  ; 5       ; Clock enable              ; no     ; --                   ; --               ; --                        ;
; background_engine:background|tilemap_memory:tilemap|memory~10868 ; LABCELL_X43_Y57_N42  ; 5       ; Clock enable              ; no     ; --                   ; --               ; --                        ;
; background_engine:background|tilemap_memory:tilemap|memory~10869 ; LABCELL_X43_Y61_N51  ; 5       ; Clock enable              ; no     ; --                   ; --               ; --                        ;
; background_engine:background|tilemap_memory:tilemap|memory~10870 ; LABCELL_X43_Y61_N6   ; 5       ; Clock enable              ; no     ; --                   ; --               ; --                        ;
; background_engine:background|tilemap_memory:tilemap|memory~10871 ; LABCELL_X48_Y59_N36  ; 4       ; Clock enable              ; no     ; --                   ; --               ; --                        ;
; background_engine:background|tilemap_memory:tilemap|memory~10872 ; LABCELL_X33_Y64_N21  ; 4       ; Clock enable              ; no     ; --                   ; --               ; --                        ;
; background_engine:background|tilemap_memory:tilemap|memory~10873 ; LABCELL_X37_Y53_N30  ; 4       ; Clock enable              ; no     ; --                   ; --               ; --                        ;
; background_engine:background|tilemap_memory:tilemap|memory~10874 ; LABCELL_X36_Y49_N51  ; 4       ; Clock enable              ; no     ; --                   ; --               ; --                        ;
; background_engine:background|tilemap_memory:tilemap|memory~10875 ; LABCELL_X29_Y67_N3   ; 4       ; Clock enable              ; no     ; --                   ; --               ; --                        ;
; background_engine:background|tilemap_memory:tilemap|memory~10876 ; LABCELL_X18_Y58_N48  ; 4       ; Clock enable              ; no     ; --                   ; --               ; --                        ;
; background_engine:background|tilemap_memory:tilemap|memory~10877 ; LABCELL_X24_Y64_N6   ; 4       ; Clock enable              ; no     ; --                   ; --               ; --                        ;
; background_engine:background|tilemap_memory:tilemap|memory~10878 ; LABCELL_X22_Y55_N54  ; 4       ; Clock enable              ; no     ; --                   ; --               ; --                        ;
; background_engine:background|tilemap_memory:tilemap|memory~10880 ; LABCELL_X36_Y58_N27  ; 4       ; Clock enable              ; no     ; --                   ; --               ; --                        ;
; background_engine:background|tilemap_memory:tilemap|memory~10881 ; MLABCELL_X21_Y58_N6  ; 4       ; Clock enable              ; no     ; --                   ; --               ; --                        ;
; background_engine:background|tilemap_memory:tilemap|memory~10882 ; MLABCELL_X15_Y58_N30 ; 4       ; Clock enable              ; no     ; --                   ; --               ; --                        ;
; background_engine:background|tilemap_memory:tilemap|memory~10883 ; LABCELL_X29_Y67_N42  ; 4       ; Clock enable              ; no     ; --                   ; --               ; --                        ;
; background_engine:background|tilemap_memory:tilemap|memory~10884 ; LABCELL_X30_Y64_N21  ; 4       ; Clock enable              ; no     ; --                   ; --               ; --                        ;
; background_engine:background|tilemap_memory:tilemap|memory~10885 ; LABCELL_X27_Y65_N18  ; 4       ; Clock enable              ; no     ; --                   ; --               ; --                        ;
; background_engine:background|tilemap_memory:tilemap|memory~10886 ; MLABCELL_X28_Y56_N18 ; 4       ; Clock enable              ; no     ; --                   ; --               ; --                        ;
; background_engine:background|tilemap_memory:tilemap|memory~10887 ; LABCELL_X31_Y51_N0   ; 5       ; Clock enable              ; no     ; --                   ; --               ; --                        ;
; background_engine:background|tilemap_memory:tilemap|memory~10888 ; MLABCELL_X34_Y53_N57 ; 4       ; Clock enable              ; no     ; --                   ; --               ; --                        ;
; background_engine:background|tilemap_memory:tilemap|memory~10889 ; LABCELL_X31_Y48_N57  ; 4       ; Clock enable              ; no     ; --                   ; --               ; --                        ;
; background_engine:background|tilemap_memory:tilemap|memory~10890 ; LABCELL_X36_Y53_N57  ; 4       ; Clock enable              ; no     ; --                   ; --               ; --                        ;
; background_engine:background|tilemap_memory:tilemap|memory~10891 ; LABCELL_X31_Y51_N39  ; 4       ; Clock enable              ; no     ; --                   ; --               ; --                        ;
; background_engine:background|tilemap_memory:tilemap|memory~10892 ; LABCELL_X37_Y52_N24  ; 5       ; Clock enable              ; no     ; --                   ; --               ; --                        ;
; background_engine:background|tilemap_memory:tilemap|memory~10893 ; LABCELL_X35_Y56_N36  ; 5       ; Clock enable              ; no     ; --                   ; --               ; --                        ;
; background_engine:background|tilemap_memory:tilemap|memory~10894 ; LABCELL_X35_Y54_N12  ; 3       ; Clock enable              ; no     ; --                   ; --               ; --                        ;
; background_engine:background|tilemap_memory:tilemap|memory~10895 ; LABCELL_X36_Y54_N3   ; 3       ; Clock enable              ; no     ; --                   ; --               ; --                        ;
; background_engine:background|tilemap_memory:tilemap|memory~10896 ; LABCELL_X35_Y54_N24  ; 3       ; Clock enable              ; no     ; --                   ; --               ; --                        ;
; background_engine:background|tilemap_memory:tilemap|memory~10897 ; LABCELL_X45_Y58_N51  ; 3       ; Clock enable              ; no     ; --                   ; --               ; --                        ;
; background_engine:background|tilemap_memory:tilemap|memory~10898 ; LABCELL_X45_Y58_N12  ; 3       ; Clock enable              ; no     ; --                   ; --               ; --                        ;
; background_engine:background|tilemap_memory:tilemap|memory~10899 ; LABCELL_X45_Y58_N54  ; 3       ; Clock enable              ; no     ; --                   ; --               ; --                        ;
; background_engine:background|tilemap_memory:tilemap|memory~10900 ; LABCELL_X33_Y50_N36  ; 3       ; Clock enable              ; no     ; --                   ; --               ; --                        ;
; background_engine:background|tilemap_memory:tilemap|memory~10901 ; LABCELL_X33_Y50_N54  ; 3       ; Clock enable              ; no     ; --                   ; --               ; --                        ;
; background_engine:background|tilemap_memory:tilemap|memory~10902 ; MLABCELL_X34_Y56_N24 ; 3       ; Clock enable              ; no     ; --                   ; --               ; --                        ;
; background_engine:background|tilemap_memory:tilemap|memory~10903 ; LABCELL_X48_Y54_N42  ; 3       ; Clock enable              ; no     ; --                   ; --               ; --                        ;
; background_engine:background|tilemap_memory:tilemap|memory~10904 ; MLABCELL_X47_Y56_N54 ; 4       ; Clock enable              ; no     ; --                   ; --               ; --                        ;
; background_engine:background|tilemap_memory:tilemap|memory~10905 ; LABCELL_X48_Y54_N27  ; 3       ; Clock enable              ; no     ; --                   ; --               ; --                        ;
; background_engine:background|tilemap_memory:tilemap|memory~10906 ; LABCELL_X35_Y57_N51  ; 3       ; Clock enable              ; no     ; --                   ; --               ; --                        ;
; background_engine:background|tilemap_memory:tilemap|memory~10907 ; LABCELL_X40_Y57_N24  ; 3       ; Clock enable              ; no     ; --                   ; --               ; --                        ;
; background_engine:background|tilemap_memory:tilemap|memory~10908 ; LABCELL_X40_Y57_N54  ; 3       ; Clock enable              ; no     ; --                   ; --               ; --                        ;
; background_engine:background|tilemap_memory:tilemap|memory~10909 ; LABCELL_X40_Y60_N3   ; 3       ; Clock enable              ; no     ; --                   ; --               ; --                        ;
; background_engine:background|tilemap_memory:tilemap|memory~10910 ; LABCELL_X43_Y58_N12  ; 3       ; Clock enable              ; no     ; --                   ; --               ; --                        ;
; background_engine:background|tilemap_memory:tilemap|memory~10911 ; LABCELL_X35_Y61_N57  ; 3       ; Clock enable              ; no     ; --                   ; --               ; --                        ;
; background_engine:background|tilemap_memory:tilemap|memory~10912 ; LABCELL_X22_Y50_N24  ; 3       ; Clock enable              ; no     ; --                   ; --               ; --                        ;
; background_engine:background|tilemap_memory:tilemap|memory~10913 ; LABCELL_X27_Y52_N36  ; 3       ; Clock enable              ; no     ; --                   ; --               ; --                        ;
; background_engine:background|tilemap_memory:tilemap|memory~10914 ; MLABCELL_X28_Y55_N24 ; 3       ; Clock enable              ; no     ; --                   ; --               ; --                        ;
; background_engine:background|tilemap_memory:tilemap|memory~10915 ; MLABCELL_X34_Y59_N15 ; 3       ; Clock enable              ; no     ; --                   ; --               ; --                        ;
; background_engine:background|tilemap_memory:tilemap|memory~10916 ; LABCELL_X40_Y56_N18  ; 4       ; Clock enable              ; no     ; --                   ; --               ; --                        ;
; background_engine:background|tilemap_memory:tilemap|memory~10917 ; LABCELL_X37_Y57_N54  ; 3       ; Clock enable              ; no     ; --                   ; --               ; --                        ;
; background_engine:background|tilemap_memory:tilemap|memory~10918 ; LABCELL_X46_Y54_N12  ; 3       ; Clock enable              ; no     ; --                   ; --               ; --                        ;
; background_engine:background|tilemap_memory:tilemap|memory~10919 ; MLABCELL_X34_Y59_N48 ; 3       ; Clock enable              ; no     ; --                   ; --               ; --                        ;
; background_engine:background|tilemap_memory:tilemap|memory~10920 ; LABCELL_X46_Y54_N54  ; 4       ; Clock enable              ; no     ; --                   ; --               ; --                        ;
; background_engine:background|tilemap_memory:tilemap|memory~10921 ; LABCELL_X37_Y52_N6   ; 3       ; Clock enable              ; no     ; --                   ; --               ; --                        ;
; background_engine:background|tilemap_memory:tilemap|memory~10922 ; LABCELL_X46_Y58_N21  ; 3       ; Clock enable              ; no     ; --                   ; --               ; --                        ;
; background_engine:background|tilemap_memory:tilemap|memory~10923 ; LABCELL_X46_Y58_N54  ; 3       ; Clock enable              ; no     ; --                   ; --               ; --                        ;
; background_engine:background|tilemap_memory:tilemap|memory~10924 ; LABCELL_X36_Y57_N30  ; 3       ; Clock enable              ; no     ; --                   ; --               ; --                        ;
; background_engine:background|tilemap_memory:tilemap|memory~10925 ; LABCELL_X48_Y55_N51  ; 3       ; Clock enable              ; no     ; --                   ; --               ; --                        ;
; background_engine:background|tilemap_memory:tilemap|memory~10926 ; MLABCELL_X34_Y54_N42 ; 3       ; Clock enable              ; no     ; --                   ; --               ; --                        ;
; background_engine:background|tilemap_memory:tilemap|memory~10927 ; LABCELL_X35_Y57_N3   ; 3       ; Clock enable              ; no     ; --                   ; --               ; --                        ;
; background_engine:background|tilemap_memory:tilemap|memory~10928 ; LABCELL_X36_Y56_N42  ; 3       ; Clock enable              ; no     ; --                   ; --               ; --                        ;
; background_engine:background|tilemap_memory:tilemap|memory~10929 ; MLABCELL_X34_Y59_N57 ; 3       ; Clock enable              ; no     ; --                   ; --               ; --                        ;
; background_engine:background|tilemap_memory:tilemap|memory~10930 ; MLABCELL_X47_Y56_N57 ; 3       ; Clock enable              ; no     ; --                   ; --               ; --                        ;
; background_engine:background|tilemap_memory:tilemap|memory~10931 ; MLABCELL_X47_Y54_N57 ; 4       ; Clock enable              ; no     ; --                   ; --               ; --                        ;
; background_engine:background|tilemap_memory:tilemap|memory~10932 ; LABCELL_X42_Y53_N51  ; 3       ; Clock enable              ; no     ; --                   ; --               ; --                        ;
; background_engine:background|tilemap_memory:tilemap|memory~10933 ; LABCELL_X30_Y53_N42  ; 3       ; Clock enable              ; no     ; --                   ; --               ; --                        ;
; background_engine:background|tilemap_memory:tilemap|memory~10934 ; LABCELL_X31_Y53_N30  ; 3       ; Clock enable              ; no     ; --                   ; --               ; --                        ;
; background_engine:background|tilemap_memory:tilemap|memory~10935 ; LABCELL_X40_Y60_N6   ; 3       ; Clock enable              ; no     ; --                   ; --               ; --                        ;
; background_engine:background|tilemap_memory:tilemap|memory~10936 ; MLABCELL_X34_Y48_N24 ; 3       ; Clock enable              ; no     ; --                   ; --               ; --                        ;
; background_engine:background|tilemap_memory:tilemap|memory~10937 ; LABCELL_X30_Y60_N33  ; 3       ; Clock enable              ; no     ; --                   ; --               ; --                        ;
; background_engine:background|tilemap_memory:tilemap|memory~10938 ; LABCELL_X42_Y56_N54  ; 3       ; Clock enable              ; no     ; --                   ; --               ; --                        ;
; background_engine:background|tilemap_memory:tilemap|memory~10939 ; MLABCELL_X47_Y54_N54 ; 3       ; Clock enable              ; no     ; --                   ; --               ; --                        ;
; background_engine:background|tilemap_memory:tilemap|memory~10940 ; LABCELL_X33_Y52_N54  ; 3       ; Clock enable              ; no     ; --                   ; --               ; --                        ;
; background_engine:background|tilemap_memory:tilemap|memory~10941 ; LABCELL_X33_Y52_N9   ; 3       ; Clock enable              ; no     ; --                   ; --               ; --                        ;
; background_engine:background|tilemap_memory:tilemap|memory~10942 ; LABCELL_X37_Y57_N36  ; 3       ; Clock enable              ; no     ; --                   ; --               ; --                        ;
; background_engine:background|tilemap_memory:tilemap|memory~10943 ; LABCELL_X43_Y57_N45  ; 3       ; Clock enable              ; no     ; --                   ; --               ; --                        ;
; background_engine:background|tilemap_memory:tilemap|memory~10944 ; LABCELL_X29_Y58_N15  ; 3       ; Clock enable              ; no     ; --                   ; --               ; --                        ;
; background_engine:background|tilemap_memory:tilemap|memory~10945 ; MLABCELL_X39_Y64_N21 ; 3       ; Clock enable              ; no     ; --                   ; --               ; --                        ;
; background_engine:background|tilemap_memory:tilemap|memory~10946 ; MLABCELL_X15_Y56_N48 ; 3       ; Clock enable              ; no     ; --                   ; --               ; --                        ;
; background_engine:background|tilemap_memory:tilemap|memory~10947 ; MLABCELL_X15_Y56_N12 ; 3       ; Clock enable              ; no     ; --                   ; --               ; --                        ;
; background_engine:background|tilemap_memory:tilemap|memory~10948 ; LABCELL_X40_Y64_N6   ; 3       ; Clock enable              ; no     ; --                   ; --               ; --                        ;
; background_engine:background|tilemap_memory:tilemap|memory~10949 ; LABCELL_X31_Y68_N36  ; 3       ; Clock enable              ; no     ; --                   ; --               ; --                        ;
; background_engine:background|tilemap_memory:tilemap|memory~10950 ; LABCELL_X31_Y52_N33  ; 3       ; Clock enable              ; no     ; --                   ; --               ; --                        ;
; background_engine:background|tilemap_memory:tilemap|memory~10951 ; LABCELL_X36_Y61_N21  ; 3       ; Clock enable              ; no     ; --                   ; --               ; --                        ;
; background_engine:background|tilemap_memory:tilemap|memory~10952 ; MLABCELL_X47_Y58_N42 ; 3       ; Clock enable              ; no     ; --                   ; --               ; --                        ;
; background_engine:background|tilemap_memory:tilemap|memory~10953 ; LABCELL_X35_Y65_N51  ; 3       ; Clock enable              ; no     ; --                   ; --               ; --                        ;
; background_engine:background|tilemap_memory:tilemap|memory~10954 ; LABCELL_X45_Y60_N54  ; 3       ; Clock enable              ; no     ; --                   ; --               ; --                        ;
; background_engine:background|tilemap_memory:tilemap|memory~10955 ; LABCELL_X35_Y61_N9   ; 3       ; Clock enable              ; no     ; --                   ; --               ; --                        ;
; background_engine:background|tilemap_memory:tilemap|memory~10956 ; LABCELL_X36_Y59_N12  ; 4       ; Clock enable              ; no     ; --                   ; --               ; --                        ;
; background_engine:background|tilemap_memory:tilemap|memory~10957 ; LABCELL_X46_Y60_N51  ; 3       ; Clock enable              ; no     ; --                   ; --               ; --                        ;
; background_engine:background|tilemap_memory:tilemap|memory~10958 ; LABCELL_X36_Y59_N54  ; 3       ; Clock enable              ; no     ; --                   ; --               ; --                        ;
; background_engine:background|tilemap_memory:tilemap|memory~10959 ; LABCELL_X45_Y61_N24  ; 3       ; Clock enable              ; no     ; --                   ; --               ; --                        ;
; background_engine:background|tilemap_memory:tilemap|memory~10960 ; LABCELL_X33_Y61_N0   ; 3       ; Clock enable              ; no     ; --                   ; --               ; --                        ;
; background_engine:background|tilemap_memory:tilemap|memory~10961 ; LABCELL_X46_Y57_N21  ; 3       ; Clock enable              ; no     ; --                   ; --               ; --                        ;
; background_engine:background|tilemap_memory:tilemap|memory~10962 ; LABCELL_X31_Y58_N12  ; 3       ; Clock enable              ; no     ; --                   ; --               ; --                        ;
; background_engine:background|tilemap_memory:tilemap|memory~10963 ; LABCELL_X33_Y61_N9   ; 3       ; Clock enable              ; no     ; --                   ; --               ; --                        ;
; background_engine:background|tilemap_memory:tilemap|memory~10964 ; LABCELL_X45_Y55_N33  ; 3       ; Clock enable              ; no     ; --                   ; --               ; --                        ;
; background_engine:background|tilemap_memory:tilemap|memory~10965 ; LABCELL_X40_Y57_N36  ; 3       ; Clock enable              ; no     ; --                   ; --               ; --                        ;
; background_engine:background|tilemap_memory:tilemap|memory~10966 ; LABCELL_X45_Y59_N48  ; 3       ; Clock enable              ; no     ; --                   ; --               ; --                        ;
; background_engine:background|tilemap_memory:tilemap|memory~10967 ; LABCELL_X46_Y57_N39  ; 3       ; Clock enable              ; no     ; --                   ; --               ; --                        ;
; background_engine:background|tilemap_memory:tilemap|memory~10968 ; LABCELL_X46_Y61_N51  ; 3       ; Clock enable              ; no     ; --                   ; --               ; --                        ;
; background_engine:background|tilemap_memory:tilemap|memory~10969 ; LABCELL_X48_Y59_N39  ; 3       ; Clock enable              ; no     ; --                   ; --               ; --                        ;
; background_engine:background|tilemap_memory:tilemap|memory~10970 ; MLABCELL_X39_Y65_N57 ; 3       ; Clock enable              ; no     ; --                   ; --               ; --                        ;
; background_engine:background|tilemap_memory:tilemap|memory~10971 ; LABCELL_X35_Y62_N27  ; 3       ; Clock enable              ; no     ; --                   ; --               ; --                        ;
; background_engine:background|tilemap_memory:tilemap|memory~10972 ; LABCELL_X37_Y63_N21  ; 3       ; Clock enable              ; no     ; --                   ; --               ; --                        ;
; background_engine:background|tilemap_memory:tilemap|memory~10973 ; LABCELL_X40_Y63_N24  ; 3       ; Clock enable              ; no     ; --                   ; --               ; --                        ;
; background_engine:background|tilemap_memory:tilemap|memory~10974 ; LABCELL_X40_Y63_N6   ; 3       ; Clock enable              ; no     ; --                   ; --               ; --                        ;
; background_engine:background|tilemap_memory:tilemap|memory~10975 ; LABCELL_X46_Y60_N15  ; 3       ; Clock enable              ; no     ; --                   ; --               ; --                        ;
; background_engine:background|tilemap_memory:tilemap|memory~10976 ; LABCELL_X40_Y63_N21  ; 3       ; Clock enable              ; no     ; --                   ; --               ; --                        ;
; background_engine:background|tilemap_memory:tilemap|memory~10977 ; LABCELL_X27_Y52_N27  ; 3       ; Clock enable              ; no     ; --                   ; --               ; --                        ;
; background_engine:background|tilemap_memory:tilemap|memory~10978 ; MLABCELL_X15_Y56_N36 ; 3       ; Clock enable              ; no     ; --                   ; --               ; --                        ;
; background_engine:background|tilemap_memory:tilemap|memory~10979 ; LABCELL_X45_Y60_N45  ; 3       ; Clock enable              ; no     ; --                   ; --               ; --                        ;
; background_engine:background|tilemap_memory:tilemap|memory~10980 ; LABCELL_X45_Y60_N0   ; 3       ; Clock enable              ; no     ; --                   ; --               ; --                        ;
; background_engine:background|tilemap_memory:tilemap|memory~10981 ; LABCELL_X46_Y59_N24  ; 3       ; Clock enable              ; no     ; --                   ; --               ; --                        ;
; background_engine:background|tilemap_memory:tilemap|memory~10982 ; LABCELL_X46_Y59_N42  ; 3       ; Clock enable              ; no     ; --                   ; --               ; --                        ;
; background_engine:background|tilemap_memory:tilemap|memory~10983 ; LABCELL_X46_Y60_N36  ; 3       ; Clock enable              ; no     ; --                   ; --               ; --                        ;
; background_engine:background|tilemap_memory:tilemap|memory~10984 ; LABCELL_X46_Y59_N57  ; 3       ; Clock enable              ; no     ; --                   ; --               ; --                        ;
; background_engine:background|tilemap_memory:tilemap|memory~10985 ; LABCELL_X37_Y61_N48  ; 3       ; Clock enable              ; no     ; --                   ; --               ; --                        ;
; background_engine:background|tilemap_memory:tilemap|memory~10986 ; LABCELL_X36_Y61_N15  ; 3       ; Clock enable              ; no     ; --                   ; --               ; --                        ;
; background_engine:background|tilemap_memory:tilemap|memory~10987 ; LABCELL_X30_Y55_N21  ; 3       ; Clock enable              ; no     ; --                   ; --               ; --                        ;
; background_engine:background|tilemap_memory:tilemap|memory~10988 ; LABCELL_X33_Y61_N54  ; 3       ; Clock enable              ; no     ; --                   ; --               ; --                        ;
; background_engine:background|tilemap_memory:tilemap|memory~10989 ; LABCELL_X45_Y59_N42  ; 3       ; Clock enable              ; no     ; --                   ; --               ; --                        ;
; background_engine:background|tilemap_memory:tilemap|memory~10990 ; LABCELL_X46_Y61_N30  ; 3       ; Clock enable              ; no     ; --                   ; --               ; --                        ;
; background_engine:background|tilemap_memory:tilemap|memory~10991 ; LABCELL_X45_Y59_N0   ; 3       ; Clock enable              ; no     ; --                   ; --               ; --                        ;
; background_engine:background|tilemap_memory:tilemap|memory~10992 ; LABCELL_X46_Y61_N45  ; 3       ; Clock enable              ; no     ; --                   ; --               ; --                        ;
; background_engine:background|tilemap_memory:tilemap|memory~10993 ; MLABCELL_X47_Y60_N0  ; 3       ; Clock enable              ; no     ; --                   ; --               ; --                        ;
; background_engine:background|tilemap_memory:tilemap|memory~10994 ; MLABCELL_X39_Y67_N42 ; 3       ; Clock enable              ; no     ; --                   ; --               ; --                        ;
; background_engine:background|tilemap_memory:tilemap|memory~10995 ; MLABCELL_X47_Y60_N42 ; 3       ; Clock enable              ; no     ; --                   ; --               ; --                        ;
; background_engine:background|tilemap_memory:tilemap|memory~10996 ; LABCELL_X45_Y61_N42  ; 3       ; Clock enable              ; no     ; --                   ; --               ; --                        ;
; background_engine:background|tilemap_memory:tilemap|memory~10997 ; LABCELL_X43_Y61_N54  ; 3       ; Clock enable              ; no     ; --                   ; --               ; --                        ;
; background_engine:background|tilemap_memory:tilemap|memory~10998 ; LABCELL_X48_Y59_N54  ; 3       ; Clock enable              ; no     ; --                   ; --               ; --                        ;
; background_engine:background|tilemap_memory:tilemap|memory~10999 ; MLABCELL_X28_Y47_N42 ; 3       ; Clock enable              ; no     ; --                   ; --               ; --                        ;
; background_engine:background|tilemap_memory:tilemap|memory~11000 ; LABCELL_X29_Y47_N21  ; 3       ; Clock enable              ; no     ; --                   ; --               ; --                        ;
; background_engine:background|tilemap_memory:tilemap|memory~11001 ; MLABCELL_X28_Y47_N0  ; 3       ; Clock enable              ; no     ; --                   ; --               ; --                        ;
; background_engine:background|tilemap_memory:tilemap|memory~11002 ; LABCELL_X29_Y47_N42  ; 3       ; Clock enable              ; no     ; --                   ; --               ; --                        ;
; background_engine:background|tilemap_memory:tilemap|memory~11003 ; LABCELL_X30_Y46_N39  ; 3       ; Clock enable              ; no     ; --                   ; --               ; --                        ;
; background_engine:background|tilemap_memory:tilemap|memory~11004 ; LABCELL_X31_Y50_N0   ; 4       ; Clock enable              ; no     ; --                   ; --               ; --                        ;
; background_engine:background|tilemap_memory:tilemap|memory~11005 ; MLABCELL_X34_Y50_N21 ; 3       ; Clock enable              ; no     ; --                   ; --               ; --                        ;
; background_engine:background|tilemap_memory:tilemap|memory~11006 ; LABCELL_X35_Y50_N12  ; 3       ; Clock enable              ; no     ; --                   ; --               ; --                        ;
; background_engine:background|tilemap_memory:tilemap|memory~11007 ; LABCELL_X29_Y47_N0   ; 3       ; Clock enable              ; no     ; --                   ; --               ; --                        ;
; background_engine:background|tilemap_memory:tilemap|memory~11008 ; LABCELL_X35_Y50_N27  ; 3       ; Clock enable              ; no     ; --                   ; --               ; --                        ;
; background_engine:background|tilemap_memory:tilemap|memory~11009 ; LABCELL_X22_Y50_N57  ; 3       ; Clock enable              ; no     ; --                   ; --               ; --                        ;
; background_engine:background|tilemap_memory:tilemap|memory~11010 ; LABCELL_X33_Y48_N54  ; 3       ; Clock enable              ; no     ; --                   ; --               ; --                        ;
; background_engine:background|tilemap_memory:tilemap|memory~11011 ; MLABCELL_X34_Y55_N54 ; 3       ; Clock enable              ; no     ; --                   ; --               ; --                        ;
; background_engine:background|tilemap_memory:tilemap|memory~11012 ; LABCELL_X35_Y57_N42  ; 3       ; Clock enable              ; no     ; --                   ; --               ; --                        ;
; background_engine:background|tilemap_memory:tilemap|memory~11013 ; LABCELL_X36_Y51_N24  ; 3       ; Clock enable              ; no     ; --                   ; --               ; --                        ;
; background_engine:background|tilemap_memory:tilemap|memory~11014 ; LABCELL_X43_Y55_N48  ; 3       ; Clock enable              ; no     ; --                   ; --               ; --                        ;
; background_engine:background|tilemap_memory:tilemap|memory~11015 ; LABCELL_X31_Y58_N48  ; 3       ; Clock enable              ; no     ; --                   ; --               ; --                        ;
; background_engine:background|tilemap_memory:tilemap|memory~11016 ; MLABCELL_X34_Y51_N24 ; 3       ; Clock enable              ; no     ; --                   ; --               ; --                        ;
; background_engine:background|tilemap_memory:tilemap|memory~11017 ; LABCELL_X33_Y55_N36  ; 4       ; Clock enable              ; no     ; --                   ; --               ; --                        ;
; background_engine:background|tilemap_memory:tilemap|memory~11018 ; LABCELL_X30_Y47_N33  ; 3       ; Clock enable              ; no     ; --                   ; --               ; --                        ;
; background_engine:background|tilemap_memory:tilemap|memory~11019 ; LABCELL_X33_Y55_N33  ; 3       ; Clock enable              ; no     ; --                   ; --               ; --                        ;
; background_engine:background|tilemap_memory:tilemap|memory~11020 ; LABCELL_X31_Y57_N48  ; 3       ; Clock enable              ; no     ; --                   ; --               ; --                        ;
; background_engine:background|tilemap_memory:tilemap|memory~11021 ; LABCELL_X33_Y55_N15  ; 3       ; Clock enable              ; no     ; --                   ; --               ; --                        ;
; background_engine:background|tilemap_memory:tilemap|memory~11022 ; LABCELL_X31_Y56_N3   ; 4       ; Clock enable              ; no     ; --                   ; --               ; --                        ;
; background_engine:background|tilemap_memory:tilemap|memory~11023 ; LABCELL_X45_Y57_N51  ; 3       ; Clock enable              ; no     ; --                   ; --               ; --                        ;
; background_engine:background|tilemap_memory:tilemap|memory~11024 ; LABCELL_X27_Y51_N18  ; 3       ; Clock enable              ; no     ; --                   ; --               ; --                        ;
; background_engine:background|tilemap_memory:tilemap|memory~11025 ; LABCELL_X36_Y56_N30  ; 3       ; Clock enable              ; no     ; --                   ; --               ; --                        ;
; background_engine:background|tilemap_memory:tilemap|memory~11026 ; LABCELL_X31_Y57_N27  ; 3       ; Clock enable              ; no     ; --                   ; --               ; --                        ;
; background_engine:background|tilemap_memory:tilemap|memory~11027 ; LABCELL_X31_Y57_N9   ; 3       ; Clock enable              ; no     ; --                   ; --               ; --                        ;
; background_engine:background|tilemap_memory:tilemap|memory~11028 ; LABCELL_X48_Y56_N48  ; 3       ; Clock enable              ; no     ; --                   ; --               ; --                        ;
; background_engine:background|tilemap_memory:tilemap|memory~11029 ; LABCELL_X35_Y55_N54  ; 3       ; Clock enable              ; no     ; --                   ; --               ; --                        ;
; background_engine:background|tilemap_memory:tilemap|memory~11030 ; LABCELL_X27_Y47_N51  ; 3       ; Clock enable              ; no     ; --                   ; --               ; --                        ;
; background_engine:background|tilemap_memory:tilemap|memory~11031 ; LABCELL_X35_Y55_N39  ; 3       ; Clock enable              ; no     ; --                   ; --               ; --                        ;
; background_engine:background|tilemap_memory:tilemap|memory~11032 ; LABCELL_X31_Y57_N42  ; 3       ; Clock enable              ; no     ; --                   ; --               ; --                        ;
; background_engine:background|tilemap_memory:tilemap|memory~11033 ; LABCELL_X42_Y59_N18  ; 3       ; Clock enable              ; no     ; --                   ; --               ; --                        ;
; background_engine:background|tilemap_memory:tilemap|memory~11034 ; MLABCELL_X39_Y58_N6  ; 3       ; Clock enable              ; no     ; --                   ; --               ; --                        ;
; background_engine:background|tilemap_memory:tilemap|memory~11035 ; LABCELL_X42_Y59_N39  ; 3       ; Clock enable              ; no     ; --                   ; --               ; --                        ;
; background_engine:background|tilemap_memory:tilemap|memory~11036 ; LABCELL_X36_Y56_N24  ; 4       ; Clock enable              ; no     ; --                   ; --               ; --                        ;
; background_engine:background|tilemap_memory:tilemap|memory~11037 ; MLABCELL_X39_Y56_N33 ; 3       ; Clock enable              ; no     ; --                   ; --               ; --                        ;
; background_engine:background|tilemap_memory:tilemap|memory~11038 ; LABCELL_X48_Y58_N0   ; 3       ; Clock enable              ; no     ; --                   ; --               ; --                        ;
; background_engine:background|tilemap_memory:tilemap|memory~11039 ; LABCELL_X23_Y48_N51  ; 3       ; Clock enable              ; no     ; --                   ; --               ; --                        ;
; background_engine:background|tilemap_memory:tilemap|memory~11040 ; LABCELL_X27_Y48_N57  ; 3       ; Clock enable              ; no     ; --                   ; --               ; --                        ;
; background_engine:background|tilemap_memory:tilemap|memory~11041 ; MLABCELL_X34_Y53_N27 ; 3       ; Clock enable              ; no     ; --                   ; --               ; --                        ;
; background_engine:background|tilemap_memory:tilemap|memory~11042 ; LABCELL_X23_Y49_N9   ; 3       ; Clock enable              ; no     ; --                   ; --               ; --                        ;
; background_engine:background|tilemap_memory:tilemap|memory~11043 ; LABCELL_X23_Y47_N39  ; 3       ; Clock enable              ; no     ; --                   ; --               ; --                        ;
; background_engine:background|tilemap_memory:tilemap|memory~11044 ; LABCELL_X30_Y60_N42  ; 3       ; Clock enable              ; no     ; --                   ; --               ; --                        ;
; background_engine:background|tilemap_memory:tilemap|memory~11045 ; MLABCELL_X25_Y56_N27 ; 3       ; Clock enable              ; no     ; --                   ; --               ; --                        ;
; background_engine:background|tilemap_memory:tilemap|memory~11046 ; MLABCELL_X25_Y47_N33 ; 3       ; Clock enable              ; no     ; --                   ; --               ; --                        ;
; background_engine:background|tilemap_memory:tilemap|memory~11047 ; MLABCELL_X25_Y47_N42 ; 3       ; Clock enable              ; no     ; --                   ; --               ; --                        ;
; background_engine:background|tilemap_memory:tilemap|memory~11048 ; LABCELL_X23_Y47_N45  ; 3       ; Clock enable              ; no     ; --                   ; --               ; --                        ;
; background_engine:background|tilemap_memory:tilemap|memory~11049 ; LABCELL_X24_Y48_N57  ; 3       ; Clock enable              ; no     ; --                   ; --               ; --                        ;
; background_engine:background|tilemap_memory:tilemap|memory~11134 ; MLABCELL_X34_Y60_N54 ; 3       ; Clock enable              ; no     ; --                   ; --               ; --                        ;
; background_engine:background|tilemap_memory:tilemap|memory~11135 ; MLABCELL_X34_Y56_N51 ; 3       ; Clock enable              ; no     ; --                   ; --               ; --                        ;
; background_engine:background|tilemap_memory:tilemap|memory~11136 ; LABCELL_X29_Y57_N33  ; 3       ; Clock enable              ; no     ; --                   ; --               ; --                        ;
; background_engine:background|tilemap_memory:tilemap|memory~11137 ; LABCELL_X30_Y49_N45  ; 3       ; Clock enable              ; no     ; --                   ; --               ; --                        ;
; background_engine:background|tilemap_memory:tilemap|memory~11138 ; LABCELL_X29_Y60_N45  ; 3       ; Clock enable              ; no     ; --                   ; --               ; --                        ;
; background_engine:background|tilemap_memory:tilemap|memory~11139 ; MLABCELL_X39_Y57_N48 ; 3       ; Clock enable              ; no     ; --                   ; --               ; --                        ;
; background_engine:background|tilemap_memory:tilemap|memory~11140 ; MLABCELL_X34_Y56_N54 ; 3       ; Clock enable              ; no     ; --                   ; --               ; --                        ;
; background_engine:background|tilemap_memory:tilemap|memory~11141 ; MLABCELL_X34_Y52_N45 ; 3       ; Clock enable              ; no     ; --                   ; --               ; --                        ;
; background_engine:background|tilemap_memory:tilemap|memory~11142 ; LABCELL_X35_Y48_N21  ; 3       ; Clock enable              ; no     ; --                   ; --               ; --                        ;
; background_engine:background|tilemap_memory:tilemap|memory~11143 ; LABCELL_X35_Y48_N42  ; 3       ; Clock enable              ; no     ; --                   ; --               ; --                        ;
; background_engine:background|tilemap_memory:tilemap|memory~11144 ; LABCELL_X35_Y60_N9   ; 3       ; Clock enable              ; no     ; --                   ; --               ; --                        ;
; background_engine:background|tilemap_memory:tilemap|memory~11145 ; LABCELL_X35_Y57_N12  ; 3       ; Clock enable              ; no     ; --                   ; --               ; --                        ;
; background_engine:background|tilemap_memory:tilemap|memory~11146 ; LABCELL_X35_Y53_N12  ; 3       ; Clock enable              ; no     ; --                   ; --               ; --                        ;
; background_engine:background|tilemap_memory:tilemap|memory~11147 ; LABCELL_X36_Y51_N0   ; 3       ; Clock enable              ; no     ; --                   ; --               ; --                        ;
; background_engine:background|tilemap_memory:tilemap|memory~11148 ; LABCELL_X31_Y55_N45  ; 3       ; Clock enable              ; no     ; --                   ; --               ; --                        ;
; background_engine:background|tilemap_memory:tilemap|memory~11149 ; LABCELL_X45_Y51_N36  ; 3       ; Clock enable              ; no     ; --                   ; --               ; --                        ;
; background_engine:background|tilemap_memory:tilemap|memory~11150 ; LABCELL_X36_Y60_N57  ; 3       ; Clock enable              ; no     ; --                   ; --               ; --                        ;
; background_engine:background|tilemap_memory:tilemap|memory~11151 ; LABCELL_X43_Y52_N39  ; 4       ; Clock enable              ; no     ; --                   ; --               ; --                        ;
; background_engine:background|tilemap_memory:tilemap|memory~11152 ; LABCELL_X45_Y51_N57  ; 3       ; Clock enable              ; no     ; --                   ; --               ; --                        ;
; background_engine:background|tilemap_memory:tilemap|memory~11153 ; LABCELL_X33_Y55_N0   ; 3       ; Clock enable              ; no     ; --                   ; --               ; --                        ;
; background_engine:background|tilemap_memory:tilemap|memory~11154 ; LABCELL_X42_Y50_N51  ; 3       ; Clock enable              ; no     ; --                   ; --               ; --                        ;
; background_engine:background|tilemap_memory:tilemap|memory~11155 ; LABCELL_X36_Y48_N39  ; 3       ; Clock enable              ; no     ; --                   ; --               ; --                        ;
; background_engine:background|tilemap_memory:tilemap|memory~11156 ; LABCELL_X35_Y53_N36  ; 3       ; Clock enable              ; no     ; --                   ; --               ; --                        ;
; background_engine:background|tilemap_memory:tilemap|memory~11157 ; LABCELL_X42_Y56_N9   ; 3       ; Clock enable              ; no     ; --                   ; --               ; --                        ;
; background_engine:background|tilemap_memory:tilemap|memory~11158 ; LABCELL_X36_Y48_N0   ; 3       ; Clock enable              ; no     ; --                   ; --               ; --                        ;
; background_engine:background|tilemap_memory:tilemap|memory~11159 ; LABCELL_X36_Y51_N33  ; 3       ; Clock enable              ; no     ; --                   ; --               ; --                        ;
; background_engine:background|tilemap_memory:tilemap|memory~11160 ; LABCELL_X35_Y56_N48  ; 3       ; Clock enable              ; no     ; --                   ; --               ; --                        ;
; background_engine:background|tilemap_memory:tilemap|memory~11161 ; LABCELL_X37_Y52_N42  ; 3       ; Clock enable              ; no     ; --                   ; --               ; --                        ;
; background_engine:background|tilemap_memory:tilemap|memory~11162 ; LABCELL_X36_Y50_N54  ; 3       ; Clock enable              ; no     ; --                   ; --               ; --                        ;
; background_engine:background|tilemap_memory:tilemap|memory~11163 ; LABCELL_X42_Y59_N3   ; 3       ; Clock enable              ; no     ; --                   ; --               ; --                        ;
; background_engine:background|tilemap_memory:tilemap|memory~11164 ; LABCELL_X37_Y56_N39  ; 3       ; Clock enable              ; no     ; --                   ; --               ; --                        ;
; background_engine:background|tilemap_memory:tilemap|memory~11165 ; LABCELL_X27_Y47_N42  ; 3       ; Clock enable              ; no     ; --                   ; --               ; --                        ;
; background_engine:background|tilemap_memory:tilemap|memory~11166 ; LABCELL_X29_Y52_N57  ; 3       ; Clock enable              ; no     ; --                   ; --               ; --                        ;
; background_engine:background|tilemap_memory:tilemap|memory~11167 ; LABCELL_X19_Y54_N48  ; 3       ; Clock enable              ; no     ; --                   ; --               ; --                        ;
; background_engine:background|tilemap_memory:tilemap|memory~11168 ; LABCELL_X30_Y60_N21  ; 3       ; Clock enable              ; no     ; --                   ; --               ; --                        ;
; background_engine:background|tilemap_memory:tilemap|memory~11169 ; MLABCELL_X25_Y48_N30 ; 3       ; Clock enable              ; no     ; --                   ; --               ; --                        ;
; background_engine:background|tilemap_memory:tilemap|memory~11170 ; MLABCELL_X28_Y50_N54 ; 3       ; Clock enable              ; no     ; --                   ; --               ; --                        ;
; background_engine:background|tilemap_memory:tilemap|memory~11171 ; LABCELL_X30_Y48_N54  ; 3       ; Clock enable              ; no     ; --                   ; --               ; --                        ;
; background_engine:background|tilemap_memory:tilemap|memory~11172 ; LABCELL_X43_Y58_N6   ; 3       ; Clock enable              ; no     ; --                   ; --               ; --                        ;
; background_engine:background|tilemap_memory:tilemap|memory~11173 ; LABCELL_X16_Y53_N48  ; 3       ; Clock enable              ; no     ; --                   ; --               ; --                        ;
; background_engine:background|tilemap_memory:tilemap|memory~11174 ; MLABCELL_X25_Y48_N36 ; 3       ; Clock enable              ; no     ; --                   ; --               ; --                        ;
; background_engine:background|tilemap_memory:tilemap|memory~11175 ; LABCELL_X29_Y65_N45  ; 3       ; Clock enable              ; no     ; --                   ; --               ; --                        ;
; background_engine:background|tilemap_memory:tilemap|memory~11176 ; LABCELL_X35_Y65_N30  ; 3       ; Clock enable              ; no     ; --                   ; --               ; --                        ;
; background_engine:background|tilemap_memory:tilemap|memory~11177 ; LABCELL_X35_Y65_N21  ; 3       ; Clock enable              ; no     ; --                   ; --               ; --                        ;
; background_engine:background|tilemap_memory:tilemap|memory~11178 ; LABCELL_X36_Y59_N33  ; 3       ; Clock enable              ; no     ; --                   ; --               ; --                        ;
; background_engine:background|tilemap_memory:tilemap|memory~11179 ; LABCELL_X35_Y60_N39  ; 3       ; Clock enable              ; no     ; --                   ; --               ; --                        ;
; background_engine:background|tilemap_memory:tilemap|memory~11180 ; MLABCELL_X39_Y62_N12 ; 3       ; Clock enable              ; no     ; --                   ; --               ; --                        ;
; background_engine:background|tilemap_memory:tilemap|memory~11181 ; MLABCELL_X39_Y62_N54 ; 3       ; Clock enable              ; no     ; --                   ; --               ; --                        ;
; background_engine:background|tilemap_memory:tilemap|memory~11182 ; LABCELL_X27_Y66_N51  ; 3       ; Clock enable              ; no     ; --                   ; --               ; --                        ;
; background_engine:background|tilemap_memory:tilemap|memory~11183 ; MLABCELL_X34_Y65_N12 ; 3       ; Clock enable              ; no     ; --                   ; --               ; --                        ;
; background_engine:background|tilemap_memory:tilemap|memory~11184 ; LABCELL_X27_Y66_N42  ; 3       ; Clock enable              ; no     ; --                   ; --               ; --                        ;
; background_engine:background|tilemap_memory:tilemap|memory~11185 ; LABCELL_X35_Y64_N24  ; 3       ; Clock enable              ; no     ; --                   ; --               ; --                        ;
; background_engine:background|tilemap_memory:tilemap|memory~11186 ; MLABCELL_X34_Y64_N48 ; 3       ; Clock enable              ; no     ; --                   ; --               ; --                        ;
; background_engine:background|tilemap_memory:tilemap|memory~11187 ; LABCELL_X36_Y61_N45  ; 3       ; Clock enable              ; no     ; --                   ; --               ; --                        ;
; background_engine:background|tilemap_memory:tilemap|memory~11188 ; LABCELL_X36_Y61_N57  ; 3       ; Clock enable              ; no     ; --                   ; --               ; --                        ;
; background_engine:background|tilemap_memory:tilemap|memory~11189 ; LABCELL_X43_Y62_N33  ; 3       ; Clock enable              ; no     ; --                   ; --               ; --                        ;
; background_engine:background|tilemap_memory:tilemap|memory~11190 ; LABCELL_X43_Y62_N42  ; 3       ; Clock enable              ; no     ; --                   ; --               ; --                        ;
; background_engine:background|tilemap_memory:tilemap|memory~11191 ; LABCELL_X36_Y61_N30  ; 3       ; Clock enable              ; no     ; --                   ; --               ; --                        ;
; background_engine:background|tilemap_memory:tilemap|memory~11192 ; MLABCELL_X34_Y64_N30 ; 3       ; Clock enable              ; no     ; --                   ; --               ; --                        ;
; background_engine:background|tilemap_memory:tilemap|memory~11193 ; LABCELL_X37_Y58_N45  ; 3       ; Clock enable              ; no     ; --                   ; --               ; --                        ;
; background_engine:background|tilemap_memory:tilemap|memory~11194 ; MLABCELL_X39_Y63_N24 ; 3       ; Clock enable              ; no     ; --                   ; --               ; --                        ;
; background_engine:background|tilemap_memory:tilemap|memory~11195 ; LABCELL_X37_Y58_N36  ; 3       ; Clock enable              ; no     ; --                   ; --               ; --                        ;
; background_engine:background|tilemap_memory:tilemap|memory~11196 ; MLABCELL_X39_Y58_N15 ; 3       ; Clock enable              ; no     ; --                   ; --               ; --                        ;
; background_engine:background|tilemap_memory:tilemap|memory~11197 ; LABCELL_X35_Y61_N0   ; 3       ; Clock enable              ; no     ; --                   ; --               ; --                        ;
; background_engine:background|tilemap_memory:tilemap|memory~11198 ; MLABCELL_X47_Y57_N24 ; 3       ; Clock enable              ; no     ; --                   ; --               ; --                        ;
; background_engine:background|tilemap_memory:tilemap|memory~11199 ; LABCELL_X40_Y65_N24  ; 3       ; Clock enable              ; no     ; --                   ; --               ; --                        ;
; background_engine:background|tilemap_memory:tilemap|memory~11200 ; MLABCELL_X47_Y58_N36 ; 3       ; Clock enable              ; no     ; --                   ; --               ; --                        ;
; background_engine:background|tilemap_memory:tilemap|memory~11201 ; LABCELL_X35_Y58_N42  ; 3       ; Clock enable              ; no     ; --                   ; --               ; --                        ;
; background_engine:background|tilemap_memory:tilemap|memory~11202 ; LABCELL_X37_Y65_N3   ; 3       ; Clock enable              ; no     ; --                   ; --               ; --                        ;
; background_engine:background|tilemap_memory:tilemap|memory~11203 ; MLABCELL_X34_Y64_N0  ; 3       ; Clock enable              ; no     ; --                   ; --               ; --                        ;
; background_engine:background|tilemap_memory:tilemap|memory~11204 ; LABCELL_X45_Y61_N36  ; 3       ; Clock enable              ; no     ; --                   ; --               ; --                        ;
; background_engine:background|tilemap_memory:tilemap|memory~11205 ; MLABCELL_X34_Y66_N54 ; 3       ; Clock enable              ; no     ; --                   ; --               ; --                        ;
; background_engine:background|tilemap_memory:tilemap|memory~11206 ; LABCELL_X42_Y63_N12  ; 3       ; Clock enable              ; no     ; --                   ; --               ; --                        ;
; background_engine:background|tilemap_memory:tilemap|memory~11207 ; LABCELL_X35_Y66_N54  ; 3       ; Clock enable              ; no     ; --                   ; --               ; --                        ;
; background_engine:background|tilemap_memory:tilemap|memory~11208 ; LABCELL_X36_Y64_N57  ; 3       ; Clock enable              ; no     ; --                   ; --               ; --                        ;
; background_engine:background|tilemap_memory:tilemap|memory~11209 ; LABCELL_X37_Y65_N42  ; 3       ; Clock enable              ; no     ; --                   ; --               ; --                        ;
; background_engine:background|tilemap_memory:tilemap|memory~11210 ; MLABCELL_X34_Y61_N48 ; 3       ; Clock enable              ; no     ; --                   ; --               ; --                        ;
; background_engine:background|tilemap_memory:tilemap|memory~11211 ; LABCELL_X27_Y66_N27  ; 3       ; Clock enable              ; no     ; --                   ; --               ; --                        ;
; background_engine:background|tilemap_memory:tilemap|memory~11212 ; MLABCELL_X34_Y61_N42 ; 3       ; Clock enable              ; no     ; --                   ; --               ; --                        ;
; background_engine:background|tilemap_memory:tilemap|memory~11213 ; LABCELL_X37_Y65_N27  ; 3       ; Clock enable              ; no     ; --                   ; --               ; --                        ;
; background_engine:background|tilemap_memory:tilemap|memory~11214 ; MLABCELL_X34_Y61_N54 ; 3       ; Clock enable              ; no     ; --                   ; --               ; --                        ;
; background_engine:background|tilemap_memory:tilemap|memory~11215 ; LABCELL_X36_Y65_N24  ; 3       ; Clock enable              ; no     ; --                   ; --               ; --                        ;
; background_engine:background|tilemap_memory:tilemap|memory~11216 ; MLABCELL_X39_Y63_N6  ; 3       ; Clock enable              ; no     ; --                   ; --               ; --                        ;
; background_engine:background|tilemap_memory:tilemap|memory~11217 ; LABCELL_X36_Y65_N6   ; 3       ; Clock enable              ; no     ; --                   ; --               ; --                        ;
; background_engine:background|tilemap_memory:tilemap|memory~11218 ; LABCELL_X43_Y63_N54  ; 3       ; Clock enable              ; no     ; --                   ; --               ; --                        ;
; background_engine:background|tilemap_memory:tilemap|memory~11219 ; LABCELL_X40_Y61_N36  ; 3       ; Clock enable              ; no     ; --                   ; --               ; --                        ;
; background_engine:background|tilemap_memory:tilemap|memory~11220 ; LABCELL_X36_Y65_N0   ; 3       ; Clock enable              ; no     ; --                   ; --               ; --                        ;
; background_engine:background|tilemap_memory:tilemap|memory~11221 ; MLABCELL_X47_Y57_N42 ; 3       ; Clock enable              ; no     ; --                   ; --               ; --                        ;
; background_engine:background|tilemap_memory:tilemap|memory~11222 ; LABCELL_X35_Y63_N36  ; 3       ; Clock enable              ; no     ; --                   ; --               ; --                        ;
; background_engine:background|tilemap_memory:tilemap|memory~11223 ; MLABCELL_X47_Y57_N54 ; 3       ; Clock enable              ; no     ; --                   ; --               ; --                        ;
; background_engine:background|tilemap_memory:tilemap|memory~11224 ; LABCELL_X35_Y62_N3   ; 3       ; Clock enable              ; no     ; --                   ; --               ; --                        ;
; background_engine:background|tilemap_memory:tilemap|memory~11225 ; MLABCELL_X39_Y67_N21 ; 3       ; Clock enable              ; no     ; --                   ; --               ; --                        ;
; background_engine:background|tilemap_memory:tilemap|memory~11226 ; LABCELL_X40_Y61_N42  ; 3       ; Clock enable              ; no     ; --                   ; --               ; --                        ;
; background_engine:background|tilemap_memory:tilemap|memory~11227 ; LABCELL_X40_Y65_N6   ; 3       ; Clock enable              ; no     ; --                   ; --               ; --                        ;
; background_engine:background|tilemap_memory:tilemap|memory~11228 ; MLABCELL_X28_Y48_N24 ; 3       ; Clock enable              ; no     ; --                   ; --               ; --                        ;
; background_engine:background|tilemap_memory:tilemap|memory~11229 ; MLABCELL_X34_Y48_N30 ; 3       ; Clock enable              ; no     ; --                   ; --               ; --                        ;
; background_engine:background|tilemap_memory:tilemap|memory~11230 ; MLABCELL_X28_Y48_N45 ; 3       ; Clock enable              ; no     ; --                   ; --               ; --                        ;
; background_engine:background|tilemap_memory:tilemap|memory~11231 ; MLABCELL_X28_Y48_N54 ; 3       ; Clock enable              ; no     ; --                   ; --               ; --                        ;
; background_engine:background|tilemap_memory:tilemap|memory~11232 ; MLABCELL_X39_Y56_N51 ; 3       ; Clock enable              ; no     ; --                   ; --               ; --                        ;
; background_engine:background|tilemap_memory:tilemap|memory~11233 ; LABCELL_X30_Y49_N36  ; 3       ; Clock enable              ; no     ; --                   ; --               ; --                        ;
; background_engine:background|tilemap_memory:tilemap|memory~11234 ; MLABCELL_X39_Y50_N51 ; 3       ; Clock enable              ; no     ; --                   ; --               ; --                        ;
; background_engine:background|tilemap_memory:tilemap|memory~11235 ; LABCELL_X45_Y54_N51  ; 3       ; Clock enable              ; no     ; --                   ; --               ; --                        ;
; background_engine:background|tilemap_memory:tilemap|memory~11236 ; MLABCELL_X39_Y58_N42 ; 3       ; Clock enable              ; no     ; --                   ; --               ; --                        ;
; background_engine:background|tilemap_memory:tilemap|memory~11237 ; MLABCELL_X34_Y58_N21 ; 3       ; Clock enable              ; no     ; --                   ; --               ; --                        ;
; background_engine:background|tilemap_memory:tilemap|memory~11238 ; LABCELL_X36_Y51_N42  ; 3       ; Clock enable              ; no     ; --                   ; --               ; --                        ;
; background_engine:background|tilemap_memory:tilemap|memory~11239 ; LABCELL_X45_Y54_N57  ; 3       ; Clock enable              ; no     ; --                   ; --               ; --                        ;
; background_engine:background|tilemap_memory:tilemap|memory~11240 ; MLABCELL_X39_Y57_N54 ; 3       ; Clock enable              ; no     ; --                   ; --               ; --                        ;
; background_engine:background|tilemap_memory:tilemap|memory~11241 ; LABCELL_X46_Y55_N12  ; 3       ; Clock enable              ; no     ; --                   ; --               ; --                        ;
; background_engine:background|tilemap_memory:tilemap|memory~11242 ; MLABCELL_X39_Y50_N42 ; 3       ; Clock enable              ; no     ; --                   ; --               ; --                        ;
; background_engine:background|tilemap_memory:tilemap|memory~11243 ; LABCELL_X46_Y55_N0   ; 3       ; Clock enable              ; no     ; --                   ; --               ; --                        ;
; background_engine:background|tilemap_memory:tilemap|memory~11244 ; LABCELL_X33_Y56_N21  ; 3       ; Clock enable              ; no     ; --                   ; --               ; --                        ;
; background_engine:background|tilemap_memory:tilemap|memory~11245 ; LABCELL_X33_Y56_N42  ; 3       ; Clock enable              ; no     ; --                   ; --               ; --                        ;
; background_engine:background|tilemap_memory:tilemap|memory~11246 ; LABCELL_X33_Y56_N54  ; 3       ; Clock enable              ; no     ; --                   ; --               ; --                        ;
; background_engine:background|tilemap_memory:tilemap|memory~11247 ; LABCELL_X43_Y59_N51  ; 3       ; Clock enable              ; no     ; --                   ; --               ; --                        ;
; background_engine:background|tilemap_memory:tilemap|memory~11248 ; MLABCELL_X34_Y59_N24 ; 3       ; Clock enable              ; no     ; --                   ; --               ; --                        ;
; background_engine:background|tilemap_memory:tilemap|memory~11249 ; LABCELL_X43_Y59_N0   ; 3       ; Clock enable              ; no     ; --                   ; --               ; --                        ;
; background_engine:background|tilemap_memory:tilemap|memory~11250 ; MLABCELL_X47_Y53_N48 ; 3       ; Clock enable              ; no     ; --                   ; --               ; --                        ;
; background_engine:background|tilemap_memory:tilemap|memory~11251 ; MLABCELL_X47_Y53_N6  ; 3       ; Clock enable              ; no     ; --                   ; --               ; --                        ;
; background_engine:background|tilemap_memory:tilemap|memory~11252 ; LABCELL_X29_Y53_N51  ; 3       ; Clock enable              ; no     ; --                   ; --               ; --                        ;
; background_engine:background|tilemap_memory:tilemap|memory~11253 ; LABCELL_X33_Y54_N24  ; 3       ; Clock enable              ; no     ; --                   ; --               ; --                        ;
; background_engine:background|tilemap_memory:tilemap|memory~11254 ; LABCELL_X40_Y51_N39  ; 3       ; Clock enable              ; no     ; --                   ; --               ; --                        ;
; background_engine:background|tilemap_memory:tilemap|memory~11255 ; MLABCELL_X47_Y53_N36 ; 3       ; Clock enable              ; no     ; --                   ; --               ; --                        ;
; background_engine:background|tilemap_memory:tilemap|memory~11256 ; LABCELL_X45_Y57_N42  ; 3       ; Clock enable              ; no     ; --                   ; --               ; --                        ;
; background_engine:background|tilemap_memory:tilemap|memory~11257 ; LABCELL_X31_Y51_N45  ; 3       ; Clock enable              ; no     ; --                   ; --               ; --                        ;
; background_engine:background|tilemap_memory:tilemap|memory~11258 ; LABCELL_X36_Y53_N21  ; 3       ; Clock enable              ; no     ; --                   ; --               ; --                        ;
; background_engine:background|tilemap_memory:tilemap|memory~11259 ; LABCELL_X36_Y52_N3   ; 3       ; Clock enable              ; no     ; --                   ; --               ; --                        ;
; background_engine:background|tilemap_memory:tilemap|memory~11260 ; MLABCELL_X34_Y58_N57 ; 3       ; Clock enable              ; no     ; --                   ; --               ; --                        ;
; background_engine:background|tilemap_memory:tilemap|memory~11261 ; MLABCELL_X15_Y55_N3  ; 3       ; Clock enable              ; no     ; --                   ; --               ; --                        ;
; background_engine:background|tilemap_memory:tilemap|memory~11262 ; MLABCELL_X34_Y58_N36 ; 3       ; Clock enable              ; no     ; --                   ; --               ; --                        ;
; background_engine:background|tilemap_memory:tilemap|memory~11263 ; MLABCELL_X47_Y55_N57 ; 3       ; Clock enable              ; no     ; --                   ; --               ; --                        ;
; background_engine:background|tilemap_memory:tilemap|memory~11264 ; LABCELL_X33_Y52_N36  ; 3       ; Clock enable              ; no     ; --                   ; --               ; --                        ;
; background_engine:background|tilemap_memory:tilemap|memory~11265 ; LABCELL_X19_Y53_N42  ; 3       ; Clock enable              ; no     ; --                   ; --               ; --                        ;
; background_engine:background|tilemap_memory:tilemap|memory~11266 ; MLABCELL_X21_Y50_N24 ; 3       ; Clock enable              ; no     ; --                   ; --               ; --                        ;
; background_engine:background|tilemap_memory:tilemap|memory~11267 ; LABCELL_X19_Y53_N57  ; 3       ; Clock enable              ; no     ; --                   ; --               ; --                        ;
; background_engine:background|tilemap_memory:tilemap|memory~11268 ; MLABCELL_X15_Y55_N30 ; 3       ; Clock enable              ; no     ; --                   ; --               ; --                        ;
; background_engine:background|tilemap_memory:tilemap|memory~11269 ; MLABCELL_X15_Y55_N27 ; 3       ; Clock enable              ; no     ; --                   ; --               ; --                        ;
; background_engine:background|tilemap_memory:tilemap|memory~11270 ; MLABCELL_X47_Y55_N27 ; 3       ; Clock enable              ; no     ; --                   ; --               ; --                        ;
; background_engine:background|tilemap_memory:tilemap|memory~11271 ; LABCELL_X43_Y53_N33  ; 3       ; Clock enable              ; no     ; --                   ; --               ; --                        ;
; background_engine:background|tilemap_memory:tilemap|memory~11272 ; MLABCELL_X34_Y55_N36 ; 3       ; Clock enable              ; no     ; --                   ; --               ; --                        ;
; background_engine:background|tilemap_memory:tilemap|memory~11273 ; MLABCELL_X39_Y49_N24 ; 3       ; Clock enable              ; no     ; --                   ; --               ; --                        ;
; background_engine:background|tilemap_memory:tilemap|memory~11274 ; LABCELL_X42_Y53_N42  ; 3       ; Clock enable              ; no     ; --                   ; --               ; --                        ;
; background_engine:background|tilemap_memory:tilemap|memory~11275 ; LABCELL_X43_Y53_N24  ; 3       ; Clock enable              ; no     ; --                   ; --               ; --                        ;
; background_engine:background|tilemap_memory:tilemap|memory~11276 ; LABCELL_X40_Y52_N12  ; 3       ; Clock enable              ; no     ; --                   ; --               ; --                        ;
; background_engine:background|tilemap_memory:tilemap|memory~11277 ; MLABCELL_X39_Y49_N30 ; 3       ; Clock enable              ; no     ; --                   ; --               ; --                        ;
; background_engine:background|tilemap_memory:tilemap|memory~11278 ; LABCELL_X40_Y52_N27  ; 3       ; Clock enable              ; no     ; --                   ; --               ; --                        ;
; background_engine:background|tilemap_memory:tilemap|memory~11279 ; LABCELL_X33_Y54_N51  ; 3       ; Clock enable              ; no     ; --                   ; --               ; --                        ;
; background_engine:background|tilemap_memory:tilemap|memory~11280 ; MLABCELL_X34_Y48_N45 ; 3       ; Clock enable              ; no     ; --                   ; --               ; --                        ;
; background_engine:background|tilemap_memory:tilemap|memory~11281 ; LABCELL_X33_Y54_N30  ; 3       ; Clock enable              ; no     ; --                   ; --               ; --                        ;
; background_engine:background|tilemap_memory:tilemap|memory~11282 ; LABCELL_X33_Y54_N36  ; 3       ; Clock enable              ; no     ; --                   ; --               ; --                        ;
; background_engine:background|tilemap_memory:tilemap|memory~11283 ; LABCELL_X43_Y53_N54  ; 3       ; Clock enable              ; no     ; --                   ; --               ; --                        ;
; background_engine:background|tilemap_memory:tilemap|memory~11284 ; LABCELL_X43_Y52_N57  ; 3       ; Clock enable              ; no     ; --                   ; --               ; --                        ;
; background_engine:background|tilemap_memory:tilemap|memory~11285 ; LABCELL_X43_Y54_N39  ; 3       ; Clock enable              ; no     ; --                   ; --               ; --                        ;
; background_engine:background|tilemap_memory:tilemap|memory~11286 ; LABCELL_X29_Y58_N36  ; 3       ; Clock enable              ; no     ; --                   ; --               ; --                        ;
; background_engine:background|tilemap_memory:tilemap|memory~11287 ; MLABCELL_X21_Y62_N48 ; 3       ; Clock enable              ; no     ; --                   ; --               ; --                        ;
; background_engine:background|tilemap_memory:tilemap|memory~11288 ; LABCELL_X12_Y56_N51  ; 3       ; Clock enable              ; no     ; --                   ; --               ; --                        ;
; background_engine:background|tilemap_memory:tilemap|memory~11289 ; MLABCELL_X21_Y62_N39 ; 3       ; Clock enable              ; no     ; --                   ; --               ; --                        ;
; background_engine:background|tilemap_memory:tilemap|memory~11290 ; LABCELL_X37_Y67_N21  ; 3       ; Clock enable              ; no     ; --                   ; --               ; --                        ;
; background_engine:background|tilemap_memory:tilemap|memory~11291 ; LABCELL_X37_Y67_N54  ; 3       ; Clock enable              ; no     ; --                   ; --               ; --                        ;
; background_engine:background|tilemap_memory:tilemap|memory~11292 ; LABCELL_X31_Y64_N0   ; 3       ; Clock enable              ; no     ; --                   ; --               ; --                        ;
; background_engine:background|tilemap_memory:tilemap|memory~11293 ; MLABCELL_X25_Y62_N36 ; 3       ; Clock enable              ; no     ; --                   ; --               ; --                        ;
; background_engine:background|tilemap_memory:tilemap|memory~11294 ; MLABCELL_X34_Y65_N45 ; 3       ; Clock enable              ; no     ; --                   ; --               ; --                        ;
; background_engine:background|tilemap_memory:tilemap|memory~11295 ; LABCELL_X16_Y62_N39  ; 3       ; Clock enable              ; no     ; --                   ; --               ; --                        ;
; background_engine:background|tilemap_memory:tilemap|memory~11296 ; LABCELL_X16_Y62_N45  ; 3       ; Clock enable              ; no     ; --                   ; --               ; --                        ;
; background_engine:background|tilemap_memory:tilemap|memory~11297 ; LABCELL_X31_Y65_N36  ; 3       ; Clock enable              ; no     ; --                   ; --               ; --                        ;
; background_engine:background|tilemap_memory:tilemap|memory~11298 ; LABCELL_X24_Y62_N51  ; 3       ; Clock enable              ; no     ; --                   ; --               ; --                        ;
; background_engine:background|tilemap_memory:tilemap|memory~11299 ; MLABCELL_X25_Y62_N39 ; 3       ; Clock enable              ; no     ; --                   ; --               ; --                        ;
; background_engine:background|tilemap_memory:tilemap|memory~11300 ; MLABCELL_X25_Y62_N21 ; 3       ; Clock enable              ; no     ; --                   ; --               ; --                        ;
; background_engine:background|tilemap_memory:tilemap|memory~11301 ; LABCELL_X13_Y58_N42  ; 3       ; Clock enable              ; no     ; --                   ; --               ; --                        ;
; background_engine:background|tilemap_memory:tilemap|memory~11302 ; LABCELL_X31_Y58_N6   ; 3       ; Clock enable              ; no     ; --                   ; --               ; --                        ;
; background_engine:background|tilemap_memory:tilemap|memory~11303 ; MLABCELL_X25_Y63_N27 ; 3       ; Clock enable              ; no     ; --                   ; --               ; --                        ;
; background_engine:background|tilemap_memory:tilemap|memory~11304 ; LABCELL_X29_Y63_N54  ; 3       ; Clock enable              ; no     ; --                   ; --               ; --                        ;
; background_engine:background|tilemap_memory:tilemap|memory~11305 ; LABCELL_X18_Y62_N12  ; 3       ; Clock enable              ; no     ; --                   ; --               ; --                        ;
; background_engine:background|tilemap_memory:tilemap|memory~11306 ; LABCELL_X19_Y62_N48  ; 3       ; Clock enable              ; no     ; --                   ; --               ; --                        ;
; background_engine:background|tilemap_memory:tilemap|memory~11307 ; MLABCELL_X25_Y61_N57 ; 3       ; Clock enable              ; no     ; --                   ; --               ; --                        ;
; background_engine:background|tilemap_memory:tilemap|memory~11308 ; LABCELL_X37_Y60_N21  ; 3       ; Clock enable              ; no     ; --                   ; --               ; --                        ;
; background_engine:background|tilemap_memory:tilemap|memory~11309 ; LABCELL_X17_Y61_N51  ; 3       ; Clock enable              ; no     ; --                   ; --               ; --                        ;
; background_engine:background|tilemap_memory:tilemap|memory~11310 ; LABCELL_X27_Y62_N9   ; 3       ; Clock enable              ; no     ; --                   ; --               ; --                        ;
; background_engine:background|tilemap_memory:tilemap|memory~11311 ; MLABCELL_X25_Y55_N27 ; 3       ; Clock enable              ; no     ; --                   ; --               ; --                        ;
; background_engine:background|tilemap_memory:tilemap|memory~11312 ; LABCELL_X17_Y61_N12  ; 3       ; Clock enable              ; no     ; --                   ; --               ; --                        ;
; background_engine:background|tilemap_memory:tilemap|memory~11313 ; LABCELL_X19_Y62_N27  ; 3       ; Clock enable              ; no     ; --                   ; --               ; --                        ;
; background_engine:background|tilemap_memory:tilemap|memory~11314 ; LABCELL_X24_Y62_N45  ; 3       ; Clock enable              ; no     ; --                   ; --               ; --                        ;
; background_engine:background|tilemap_memory:tilemap|memory~11315 ; MLABCELL_X34_Y62_N36 ; 3       ; Clock enable              ; no     ; --                   ; --               ; --                        ;
; background_engine:background|tilemap_memory:tilemap|memory~11316 ; MLABCELL_X47_Y59_N27 ; 3       ; Clock enable              ; no     ; --                   ; --               ; --                        ;
; background_engine:background|tilemap_memory:tilemap|memory~11317 ; MLABCELL_X47_Y59_N45 ; 3       ; Clock enable              ; no     ; --                   ; --               ; --                        ;
; background_engine:background|tilemap_memory:tilemap|memory~11318 ; MLABCELL_X47_Y59_N57 ; 3       ; Clock enable              ; no     ; --                   ; --               ; --                        ;
; background_engine:background|tilemap_memory:tilemap|memory~11319 ; LABCELL_X45_Y62_N51  ; 3       ; Clock enable              ; no     ; --                   ; --               ; --                        ;
; background_engine:background|tilemap_memory:tilemap|memory~11320 ; LABCELL_X16_Y60_N36  ; 3       ; Clock enable              ; no     ; --                   ; --               ; --                        ;
; background_engine:background|tilemap_memory:tilemap|memory~11321 ; LABCELL_X31_Y63_N57  ; 3       ; Clock enable              ; no     ; --                   ; --               ; --                        ;
; background_engine:background|tilemap_memory:tilemap|memory~11322 ; LABCELL_X10_Y59_N36  ; 3       ; Clock enable              ; no     ; --                   ; --               ; --                        ;
; background_engine:background|tilemap_memory:tilemap|memory~11323 ; LABCELL_X10_Y59_N48  ; 3       ; Clock enable              ; no     ; --                   ; --               ; --                        ;
; background_engine:background|tilemap_memory:tilemap|memory~11324 ; LABCELL_X12_Y58_N48  ; 3       ; Clock enable              ; no     ; --                   ; --               ; --                        ;
; background_engine:background|tilemap_memory:tilemap|memory~11325 ; LABCELL_X31_Y63_N21  ; 3       ; Clock enable              ; no     ; --                   ; --               ; --                        ;
; background_engine:background|tilemap_memory:tilemap|memory~11326 ; LABCELL_X46_Y56_N57  ; 3       ; Clock enable              ; no     ; --                   ; --               ; --                        ;
; background_engine:background|tilemap_memory:tilemap|memory~11327 ; LABCELL_X46_Y56_N0   ; 3       ; Clock enable              ; no     ; --                   ; --               ; --                        ;
; background_engine:background|tilemap_memory:tilemap|memory~11328 ; MLABCELL_X28_Y56_N12 ; 3       ; Clock enable              ; no     ; --                   ; --               ; --                        ;
; background_engine:background|tilemap_memory:tilemap|memory~11329 ; MLABCELL_X28_Y59_N57 ; 3       ; Clock enable              ; no     ; --                   ; --               ; --                        ;
; background_engine:background|tilemap_memory:tilemap|memory~11330 ; LABCELL_X11_Y59_N15  ; 3       ; Clock enable              ; no     ; --                   ; --               ; --                        ;
; background_engine:background|tilemap_memory:tilemap|memory~11331 ; LABCELL_X12_Y56_N42  ; 3       ; Clock enable              ; no     ; --                   ; --               ; --                        ;
; background_engine:background|tilemap_memory:tilemap|memory~11332 ; LABCELL_X11_Y59_N45  ; 3       ; Clock enable              ; no     ; --                   ; --               ; --                        ;
; background_engine:background|tilemap_memory:tilemap|memory~11333 ; LABCELL_X31_Y64_N30  ; 3       ; Clock enable              ; no     ; --                   ; --               ; --                        ;
; background_engine:background|tilemap_memory:tilemap|memory~11334 ; LABCELL_X29_Y59_N42  ; 3       ; Clock enable              ; no     ; --                   ; --               ; --                        ;
; background_engine:background|tilemap_memory:tilemap|memory~11335 ; LABCELL_X31_Y64_N27  ; 3       ; Clock enable              ; no     ; --                   ; --               ; --                        ;
; background_engine:background|tilemap_memory:tilemap|memory~11336 ; LABCELL_X13_Y59_N36  ; 3       ; Clock enable              ; no     ; --                   ; --               ; --                        ;
; background_engine:background|tilemap_memory:tilemap|memory~11337 ; LABCELL_X31_Y61_N33  ; 3       ; Clock enable              ; no     ; --                   ; --               ; --                        ;
; background_engine:background|tilemap_memory:tilemap|memory~11423 ; LABCELL_X24_Y65_N48  ; 3       ; Clock enable              ; no     ; --                   ; --               ; --                        ;
; background_engine:background|tilemap_memory:tilemap|memory~11424 ; LABCELL_X24_Y65_N42  ; 3       ; Clock enable              ; no     ; --                   ; --               ; --                        ;
; background_engine:background|tilemap_memory:tilemap|memory~11425 ; LABCELL_X22_Y62_N48  ; 3       ; Clock enable              ; no     ; --                   ; --               ; --                        ;
; background_engine:background|tilemap_memory:tilemap|memory~11426 ; LABCELL_X37_Y67_N36  ; 3       ; Clock enable              ; no     ; --                   ; --               ; --                        ;
; background_engine:background|tilemap_memory:tilemap|memory~11427 ; LABCELL_X22_Y63_N42  ; 3       ; Clock enable              ; no     ; --                   ; --               ; --                        ;
; background_engine:background|tilemap_memory:tilemap|memory~11428 ; LABCELL_X35_Y60_N18  ; 3       ; Clock enable              ; no     ; --                   ; --               ; --                        ;
; background_engine:background|tilemap_memory:tilemap|memory~11429 ; LABCELL_X23_Y64_N12  ; 3       ; Clock enable              ; no     ; --                   ; --               ; --                        ;
; background_engine:background|tilemap_memory:tilemap|memory~11430 ; MLABCELL_X15_Y54_N36 ; 3       ; Clock enable              ; no     ; --                   ; --               ; --                        ;
; background_engine:background|tilemap_memory:tilemap|memory~11431 ; LABCELL_X22_Y60_N18  ; 3       ; Clock enable              ; no     ; --                   ; --               ; --                        ;
; background_engine:background|tilemap_memory:tilemap|memory~11432 ; LABCELL_X22_Y60_N15  ; 3       ; Clock enable              ; no     ; --                   ; --               ; --                        ;
; background_engine:background|tilemap_memory:tilemap|memory~11433 ; LABCELL_X22_Y62_N6   ; 3       ; Clock enable              ; no     ; --                   ; --               ; --                        ;
; background_engine:background|tilemap_memory:tilemap|memory~11434 ; LABCELL_X30_Y62_N42  ; 3       ; Clock enable              ; no     ; --                   ; --               ; --                        ;
; background_engine:background|tilemap_memory:tilemap|memory~11435 ; LABCELL_X30_Y62_N36  ; 3       ; Clock enable              ; no     ; --                   ; --               ; --                        ;
; background_engine:background|tilemap_memory:tilemap|memory~11436 ; MLABCELL_X25_Y65_N36 ; 3       ; Clock enable              ; no     ; --                   ; --               ; --                        ;
; background_engine:background|tilemap_memory:tilemap|memory~11437 ; LABCELL_X23_Y64_N42  ; 3       ; Clock enable              ; no     ; --                   ; --               ; --                        ;
; background_engine:background|tilemap_memory:tilemap|memory~11438 ; LABCELL_X24_Y55_N36  ; 3       ; Clock enable              ; no     ; --                   ; --               ; --                        ;
; background_engine:background|tilemap_memory:tilemap|memory~11439 ; LABCELL_X30_Y65_N54  ; 3       ; Clock enable              ; no     ; --                   ; --               ; --                        ;
; background_engine:background|tilemap_memory:tilemap|memory~11440 ; MLABCELL_X25_Y64_N36 ; 3       ; Clock enable              ; no     ; --                   ; --               ; --                        ;
; background_engine:background|tilemap_memory:tilemap|memory~11441 ; LABCELL_X29_Y60_N21  ; 3       ; Clock enable              ; no     ; --                   ; --               ; --                        ;
; background_engine:background|tilemap_memory:tilemap|memory~11442 ; MLABCELL_X25_Y61_N15 ; 3       ; Clock enable              ; no     ; --                   ; --               ; --                        ;
; background_engine:background|tilemap_memory:tilemap|memory~11443 ; MLABCELL_X25_Y64_N54 ; 3       ; Clock enable              ; no     ; --                   ; --               ; --                        ;
; background_engine:background|tilemap_memory:tilemap|memory~11444 ; LABCELL_X23_Y64_N39  ; 3       ; Clock enable              ; no     ; --                   ; --               ; --                        ;
; background_engine:background|tilemap_memory:tilemap|memory~11445 ; LABCELL_X22_Y64_N27  ; 3       ; Clock enable              ; no     ; --                   ; --               ; --                        ;
; background_engine:background|tilemap_memory:tilemap|memory~11446 ; MLABCELL_X25_Y55_N51 ; 3       ; Clock enable              ; no     ; --                   ; --               ; --                        ;
; background_engine:background|tilemap_memory:tilemap|memory~11447 ; LABCELL_X17_Y62_N54  ; 3       ; Clock enable              ; no     ; --                   ; --               ; --                        ;
; background_engine:background|tilemap_memory:tilemap|memory~11448 ; MLABCELL_X25_Y55_N42 ; 3       ; Clock enable              ; no     ; --                   ; --               ; --                        ;
; background_engine:background|tilemap_memory:tilemap|memory~11449 ; MLABCELL_X25_Y55_N57 ; 3       ; Clock enable              ; no     ; --                   ; --               ; --                        ;
; background_engine:background|tilemap_memory:tilemap|memory~11450 ; MLABCELL_X15_Y61_N48 ; 3       ; Clock enable              ; no     ; --                   ; --               ; --                        ;
; background_engine:background|tilemap_memory:tilemap|memory~11451 ; LABCELL_X12_Y55_N39  ; 3       ; Clock enable              ; no     ; --                   ; --               ; --                        ;
; background_engine:background|tilemap_memory:tilemap|memory~11452 ; LABCELL_X12_Y55_N57  ; 3       ; Clock enable              ; no     ; --                   ; --               ; --                        ;
; background_engine:background|tilemap_memory:tilemap|memory~11453 ; LABCELL_X23_Y61_N51  ; 3       ; Clock enable              ; no     ; --                   ; --               ; --                        ;
; background_engine:background|tilemap_memory:tilemap|memory~11454 ; LABCELL_X30_Y68_N54  ; 3       ; Clock enable              ; no     ; --                   ; --               ; --                        ;
; background_engine:background|tilemap_memory:tilemap|memory~11455 ; LABCELL_X22_Y61_N18  ; 3       ; Clock enable              ; no     ; --                   ; --               ; --                        ;
; background_engine:background|tilemap_memory:tilemap|memory~11456 ; LABCELL_X31_Y67_N30  ; 3       ; Clock enable              ; no     ; --                   ; --               ; --                        ;
; background_engine:background|tilemap_memory:tilemap|memory~11457 ; LABCELL_X35_Y60_N12  ; 3       ; Clock enable              ; no     ; --                   ; --               ; --                        ;
; background_engine:background|tilemap_memory:tilemap|memory~11458 ; MLABCELL_X15_Y60_N42 ; 3       ; Clock enable              ; no     ; --                   ; --               ; --                        ;
; background_engine:background|tilemap_memory:tilemap|memory~11459 ; MLABCELL_X15_Y60_N0  ; 3       ; Clock enable              ; no     ; --                   ; --               ; --                        ;
; background_engine:background|tilemap_memory:tilemap|memory~11460 ; MLABCELL_X28_Y61_N39 ; 3       ; Clock enable              ; no     ; --                   ; --               ; --                        ;
; background_engine:background|tilemap_memory:tilemap|memory~11461 ; LABCELL_X24_Y61_N18  ; 3       ; Clock enable              ; no     ; --                   ; --               ; --                        ;
; background_engine:background|tilemap_memory:tilemap|memory~11462 ; LABCELL_X31_Y67_N42  ; 3       ; Clock enable              ; no     ; --                   ; --               ; --                        ;
; background_engine:background|tilemap_memory:tilemap|memory~11463 ; LABCELL_X31_Y67_N45  ; 3       ; Clock enable              ; no     ; --                   ; --               ; --                        ;
; background_engine:background|tilemap_memory:tilemap|memory~11464 ; LABCELL_X29_Y64_N51  ; 3       ; Clock enable              ; no     ; --                   ; --               ; --                        ;
; background_engine:background|tilemap_memory:tilemap|memory~11465 ; LABCELL_X29_Y60_N12  ; 3       ; Clock enable              ; no     ; --                   ; --               ; --                        ;
; background_engine:background|tilemap_memory:tilemap|memory~11466 ; LABCELL_X22_Y62_N36  ; 3       ; Clock enable              ; no     ; --                   ; --               ; --                        ;
; background_engine:background|tilemap_memory:tilemap|memory~11467 ; LABCELL_X29_Y64_N39  ; 3       ; Clock enable              ; no     ; --                   ; --               ; --                        ;
; background_engine:background|tilemap_memory:tilemap|memory~11468 ; LABCELL_X30_Y61_N0   ; 3       ; Clock enable              ; no     ; --                   ; --               ; --                        ;
; background_engine:background|tilemap_memory:tilemap|memory~11469 ; LABCELL_X29_Y66_N45  ; 3       ; Clock enable              ; no     ; --                   ; --               ; --                        ;
; background_engine:background|tilemap_memory:tilemap|memory~11470 ; MLABCELL_X21_Y61_N57 ; 3       ; Clock enable              ; no     ; --                   ; --               ; --                        ;
; background_engine:background|tilemap_memory:tilemap|memory~11471 ; MLABCELL_X21_Y61_N6  ; 3       ; Clock enable              ; no     ; --                   ; --               ; --                        ;
; background_engine:background|tilemap_memory:tilemap|memory~11472 ; LABCELL_X35_Y60_N54  ; 3       ; Clock enable              ; no     ; --                   ; --               ; --                        ;
; background_engine:background|tilemap_memory:tilemap|memory~11473 ; LABCELL_X29_Y60_N57  ; 3       ; Clock enable              ; no     ; --                   ; --               ; --                        ;
; background_engine:background|tilemap_memory:tilemap|memory~11474 ; LABCELL_X29_Y68_N15  ; 3       ; Clock enable              ; no     ; --                   ; --               ; --                        ;
; background_engine:background|tilemap_memory:tilemap|memory~11475 ; LABCELL_X24_Y61_N15  ; 3       ; Clock enable              ; no     ; --                   ; --               ; --                        ;
; background_engine:background|tilemap_memory:tilemap|memory~11476 ; LABCELL_X29_Y68_N21  ; 3       ; Clock enable              ; no     ; --                   ; --               ; --                        ;
; background_engine:background|tilemap_memory:tilemap|memory~11477 ; LABCELL_X24_Y61_N54  ; 3       ; Clock enable              ; no     ; --                   ; --               ; --                        ;
; background_engine:background|tilemap_memory:tilemap|memory~11478 ; LABCELL_X24_Y56_N39  ; 3       ; Clock enable              ; no     ; --                   ; --               ; --                        ;
; background_engine:background|tilemap_memory:tilemap|memory~11479 ; LABCELL_X29_Y66_N27  ; 3       ; Clock enable              ; no     ; --                   ; --               ; --                        ;
; background_engine:background|tilemap_memory:tilemap|memory~11480 ; LABCELL_X29_Y60_N27  ; 3       ; Clock enable              ; no     ; --                   ; --               ; --                        ;
; background_engine:background|tilemap_memory:tilemap|memory~11481 ; LABCELL_X29_Y64_N3   ; 3       ; Clock enable              ; no     ; --                   ; --               ; --                        ;
; background_engine:background|tilemap_memory:tilemap|memory~11819 ; LABCELL_X29_Y53_N18  ; 3       ; Clock enable              ; no     ; --                   ; --               ; --                        ;
; background_engine:background|tilemap_memory:tilemap|memory~11821 ; MLABCELL_X25_Y54_N30 ; 3       ; Clock enable              ; no     ; --                   ; --               ; --                        ;
; background_engine:background|tilemap_memory:tilemap|memory~11822 ; LABCELL_X23_Y53_N51  ; 3       ; Clock enable              ; no     ; --                   ; --               ; --                        ;
; background_engine:background|tilemap_memory:tilemap|memory~11823 ; LABCELL_X30_Y53_N21  ; 3       ; Clock enable              ; no     ; --                   ; --               ; --                        ;
; background_engine:background|tilemap_memory:tilemap|memory~11824 ; MLABCELL_X28_Y49_N27 ; 3       ; Clock enable              ; no     ; --                   ; --               ; --                        ;
; background_engine:background|tilemap_memory:tilemap|memory~11825 ; MLABCELL_X28_Y53_N0  ; 3       ; Clock enable              ; no     ; --                   ; --               ; --                        ;
; background_engine:background|tilemap_memory:tilemap|memory~11826 ; LABCELL_X24_Y53_N36  ; 3       ; Clock enable              ; no     ; --                   ; --               ; --                        ;
; background_engine:background|tilemap_memory:tilemap|memory~11827 ; MLABCELL_X28_Y53_N12 ; 3       ; Clock enable              ; no     ; --                   ; --               ; --                        ;
; background_engine:background|tilemap_memory:tilemap|memory~11828 ; LABCELL_X29_Y53_N39  ; 3       ; Clock enable              ; no     ; --                   ; --               ; --                        ;
; background_engine:background|tilemap_memory:tilemap|memory~11829 ; MLABCELL_X34_Y52_N15 ; 3       ; Clock enable              ; no     ; --                   ; --               ; --                        ;
; background_engine:background|tilemap_memory:tilemap|memory~11830 ; LABCELL_X24_Y53_N42  ; 3       ; Clock enable              ; no     ; --                   ; --               ; --                        ;
; background_engine:background|tilemap_memory:tilemap|memory~11831 ; MLABCELL_X34_Y52_N54 ; 3       ; Clock enable              ; no     ; --                   ; --               ; --                        ;
; background_engine:background|tilemap_memory:tilemap|memory~11832 ; LABCELL_X30_Y56_N24  ; 3       ; Clock enable              ; no     ; --                   ; --               ; --                        ;
; background_engine:background|tilemap_memory:tilemap|memory~11833 ; LABCELL_X29_Y49_N21  ; 3       ; Clock enable              ; no     ; --                   ; --               ; --                        ;
; background_engine:background|tilemap_memory:tilemap|memory~11834 ; LABCELL_X29_Y49_N57  ; 3       ; Clock enable              ; no     ; --                   ; --               ; --                        ;
; background_engine:background|tilemap_memory:tilemap|memory~11835 ; LABCELL_X29_Y49_N3   ; 3       ; Clock enable              ; no     ; --                   ; --               ; --                        ;
; background_engine:background|tilemap_memory:tilemap|memory~11836 ; MLABCELL_X25_Y51_N24 ; 3       ; Clock enable              ; no     ; --                   ; --               ; --                        ;
; background_engine:background|tilemap_memory:tilemap|memory~11837 ; MLABCELL_X21_Y53_N24 ; 3       ; Clock enable              ; no     ; --                   ; --               ; --                        ;
; background_engine:background|tilemap_memory:tilemap|memory~11838 ; MLABCELL_X25_Y51_N9  ; 3       ; Clock enable              ; no     ; --                   ; --               ; --                        ;
; background_engine:background|tilemap_memory:tilemap|memory~11839 ; MLABCELL_X25_Y51_N54 ; 3       ; Clock enable              ; no     ; --                   ; --               ; --                        ;
; background_engine:background|tilemap_memory:tilemap|memory~11840 ; LABCELL_X30_Y51_N18  ; 3       ; Clock enable              ; no     ; --                   ; --               ; --                        ;
; background_engine:background|tilemap_memory:tilemap|memory~11841 ; LABCELL_X31_Y47_N36  ; 3       ; Clock enable              ; no     ; --                   ; --               ; --                        ;
; background_engine:background|tilemap_memory:tilemap|memory~11842 ; LABCELL_X30_Y51_N12  ; 3       ; Clock enable              ; no     ; --                   ; --               ; --                        ;
; background_engine:background|tilemap_memory:tilemap|memory~11843 ; LABCELL_X30_Y51_N54  ; 3       ; Clock enable              ; no     ; --                   ; --               ; --                        ;
; background_engine:background|tilemap_memory:tilemap|memory~11844 ; LABCELL_X24_Y53_N54  ; 3       ; Clock enable              ; no     ; --                   ; --               ; --                        ;
; background_engine:background|tilemap_memory:tilemap|memory~11845 ; MLABCELL_X28_Y53_N33 ; 3       ; Clock enable              ; no     ; --                   ; --               ; --                        ;
; background_engine:background|tilemap_memory:tilemap|memory~11846 ; MLABCELL_X28_Y55_N30 ; 3       ; Clock enable              ; no     ; --                   ; --               ; --                        ;
; background_engine:background|tilemap_memory:tilemap|memory~11847 ; MLABCELL_X28_Y55_N21 ; 3       ; Clock enable              ; no     ; --                   ; --               ; --                        ;
; background_engine:background|tilemap_memory:tilemap|memory~11848 ; LABCELL_X29_Y51_N51  ; 3       ; Clock enable              ; no     ; --                   ; --               ; --                        ;
; background_engine:background|tilemap_memory:tilemap|memory~11849 ; LABCELL_X22_Y51_N24  ; 3       ; Clock enable              ; no     ; --                   ; --               ; --                        ;
; background_engine:background|tilemap_memory:tilemap|memory~11850 ; LABCELL_X23_Y51_N57  ; 3       ; Clock enable              ; no     ; --                   ; --               ; --                        ;
; background_engine:background|tilemap_memory:tilemap|memory~11851 ; MLABCELL_X28_Y51_N21 ; 3       ; Clock enable              ; no     ; --                   ; --               ; --                        ;
; background_engine:background|tilemap_memory:tilemap|memory~11852 ; LABCELL_X29_Y53_N54  ; 3       ; Clock enable              ; no     ; --                   ; --               ; --                        ;
; background_engine:background|tilemap_memory:tilemap|memory~11853 ; MLABCELL_X28_Y50_N51 ; 3       ; Clock enable              ; no     ; --                   ; --               ; --                        ;
; background_engine:background|tilemap_memory:tilemap|memory~11854 ; MLABCELL_X28_Y50_N42 ; 3       ; Clock enable              ; no     ; --                   ; --               ; --                        ;
; background_engine:background|tilemap_memory:tilemap|memory~11855 ; MLABCELL_X28_Y53_N51 ; 3       ; Clock enable              ; no     ; --                   ; --               ; --                        ;
; background_engine:background|tilemap_memory:tilemap|memory~11856 ; LABCELL_X30_Y52_N15  ; 3       ; Clock enable              ; no     ; --                   ; --               ; --                        ;
; background_engine:background|tilemap_memory:tilemap|memory~11857 ; MLABCELL_X28_Y51_N33 ; 3       ; Clock enable              ; no     ; --                   ; --               ; --                        ;
; background_engine:background|tilemap_memory:tilemap|memory~11858 ; MLABCELL_X28_Y52_N27 ; 3       ; Clock enable              ; no     ; --                   ; --               ; --                        ;
; background_engine:background|tilemap_memory:tilemap|memory~11859 ; LABCELL_X30_Y52_N27  ; 3       ; Clock enable              ; no     ; --                   ; --               ; --                        ;
; background_engine:background|tilemap_memory:tilemap|memory~11860 ; MLABCELL_X28_Y54_N48 ; 3       ; Clock enable              ; no     ; --                   ; --               ; --                        ;
; background_engine:background|tilemap_memory:tilemap|memory~11861 ; LABCELL_X29_Y52_N48  ; 3       ; Clock enable              ; no     ; --                   ; --               ; --                        ;
; background_engine:background|tilemap_memory:tilemap|memory~11862 ; LABCELL_X29_Y52_N9   ; 3       ; Clock enable              ; no     ; --                   ; --               ; --                        ;
; background_engine:background|tilemap_memory:tilemap|memory~11863 ; LABCELL_X29_Y52_N0   ; 3       ; Clock enable              ; no     ; --                   ; --               ; --                        ;
; background_engine:background|tilemap_memory:tilemap|memory~11864 ; LABCELL_X31_Y56_N33  ; 3       ; Clock enable              ; no     ; --                   ; --               ; --                        ;
; background_engine:background|tilemap_memory:tilemap|memory~11865 ; MLABCELL_X25_Y52_N51 ; 3       ; Clock enable              ; no     ; --                   ; --               ; --                        ;
; background_engine:background|tilemap_memory:tilemap|memory~11866 ; MLABCELL_X25_Y52_N6  ; 3       ; Clock enable              ; no     ; --                   ; --               ; --                        ;
; background_engine:background|tilemap_memory:tilemap|memory~11867 ; MLABCELL_X25_Y52_N57 ; 3       ; Clock enable              ; no     ; --                   ; --               ; --                        ;
; background_engine:background|tilemap_memory:tilemap|memory~11868 ; LABCELL_X23_Y53_N39  ; 3       ; Clock enable              ; no     ; --                   ; --               ; --                        ;
; background_engine:background|tilemap_memory:tilemap|memory~11869 ; MLABCELL_X28_Y53_N36 ; 3       ; Clock enable              ; no     ; --                   ; --               ; --                        ;
; background_engine:background|tilemap_memory:tilemap|memory~11870 ; LABCELL_X23_Y53_N0   ; 3       ; Clock enable              ; no     ; --                   ; --               ; --                        ;
; background_engine:background|tilemap_memory:tilemap|memory~11871 ; MLABCELL_X25_Y53_N51 ; 3       ; Clock enable              ; no     ; --                   ; --               ; --                        ;
; background_engine:background|tilemap_memory:tilemap|memory~11872 ; LABCELL_X22_Y53_N24  ; 3       ; Clock enable              ; no     ; --                   ; --               ; --                        ;
; background_engine:background|tilemap_memory:tilemap|memory~11873 ; LABCELL_X29_Y55_N48  ; 3       ; Clock enable              ; no     ; --                   ; --               ; --                        ;
; background_engine:background|tilemap_memory:tilemap|memory~11874 ; MLABCELL_X28_Y54_N54 ; 3       ; Clock enable              ; no     ; --                   ; --               ; --                        ;
; background_engine:background|tilemap_memory:tilemap|memory~11875 ; MLABCELL_X25_Y53_N39 ; 3       ; Clock enable              ; no     ; --                   ; --               ; --                        ;
; background_engine:background|tilemap_memory:tilemap|memory~11876 ; LABCELL_X24_Y51_N27  ; 3       ; Clock enable              ; no     ; --                   ; --               ; --                        ;
; background_engine:background|tilemap_memory:tilemap|memory~11877 ; MLABCELL_X28_Y51_N42 ; 3       ; Clock enable              ; no     ; --                   ; --               ; --                        ;
; background_engine:background|tilemap_memory:tilemap|memory~11878 ; LABCELL_X24_Y51_N45  ; 3       ; Clock enable              ; no     ; --                   ; --               ; --                        ;
; background_engine:background|tilemap_memory:tilemap|memory~11879 ; LABCELL_X24_Y51_N54  ; 3       ; Clock enable              ; no     ; --                   ; --               ; --                        ;
; background_engine:background|tilemap_memory:tilemap|memory~11880 ; LABCELL_X22_Y53_N9   ; 3       ; Clock enable              ; no     ; --                   ; --               ; --                        ;
; background_engine:background|tilemap_memory:tilemap|memory~11881 ; MLABCELL_X28_Y51_N39 ; 3       ; Clock enable              ; no     ; --                   ; --               ; --                        ;
; background_engine:background|tilemap_memory:tilemap|memory~11882 ; LABCELL_X29_Y51_N21  ; 3       ; Clock enable              ; no     ; --                   ; --               ; --                        ;
; background_engine:background|tilemap_memory:tilemap|memory~11883 ; MLABCELL_X25_Y53_N54 ; 3       ; Clock enable              ; no     ; --                   ; --               ; --                        ;
; background_engine:background|tilemap_memory:tilemap|memory~11884 ; LABCELL_X35_Y49_N54  ; 3       ; Clock enable              ; no     ; --                   ; --               ; --                        ;
; background_engine:background|tilemap_memory:tilemap|memory~11885 ; LABCELL_X40_Y54_N0   ; 3       ; Clock enable              ; no     ; --                   ; --               ; --                        ;
; background_engine:background|tilemap_memory:tilemap|memory~11886 ; LABCELL_X35_Y49_N12  ; 3       ; Clock enable              ; no     ; --                   ; --               ; --                        ;
; background_engine:background|tilemap_memory:tilemap|memory~11887 ; LABCELL_X35_Y49_N3   ; 3       ; Clock enable              ; no     ; --                   ; --               ; --                        ;
; background_engine:background|tilemap_memory:tilemap|memory~11888 ; MLABCELL_X39_Y55_N30 ; 3       ; Clock enable              ; no     ; --                   ; --               ; --                        ;
; background_engine:background|tilemap_memory:tilemap|memory~11889 ; LABCELL_X33_Y49_N36  ; 3       ; Clock enable              ; no     ; --                   ; --               ; --                        ;
; background_engine:background|tilemap_memory:tilemap|memory~11890 ; LABCELL_X30_Y47_N27  ; 3       ; Clock enable              ; no     ; --                   ; --               ; --                        ;
; background_engine:background|tilemap_memory:tilemap|memory~11891 ; LABCELL_X37_Y57_N0   ; 3       ; Clock enable              ; no     ; --                   ; --               ; --                        ;
; background_engine:background|tilemap_memory:tilemap|memory~11892 ; LABCELL_X30_Y47_N54  ; 3       ; Clock enable              ; no     ; --                   ; --               ; --                        ;
; background_engine:background|tilemap_memory:tilemap|memory~11893 ; LABCELL_X36_Y49_N54  ; 3       ; Clock enable              ; no     ; --                   ; --               ; --                        ;
; background_engine:background|tilemap_memory:tilemap|memory~11894 ; LABCELL_X31_Y55_N18  ; 3       ; Clock enable              ; no     ; --                   ; --               ; --                        ;
; background_engine:background|tilemap_memory:tilemap|memory~11895 ; LABCELL_X37_Y53_N54  ; 3       ; Clock enable              ; no     ; --                   ; --               ; --                        ;
; background_engine:background|tilemap_memory:tilemap|memory~11896 ; LABCELL_X36_Y57_N3   ; 3       ; Clock enable              ; no     ; --                   ; --               ; --                        ;
; background_engine:background|tilemap_memory:tilemap|memory~11897 ; MLABCELL_X39_Y55_N36 ; 3       ; Clock enable              ; no     ; --                   ; --               ; --                        ;
; background_engine:background|tilemap_memory:tilemap|memory~11898 ; MLABCELL_X39_Y55_N12 ; 3       ; Clock enable              ; no     ; --                   ; --               ; --                        ;
; background_engine:background|tilemap_memory:tilemap|memory~11899 ; LABCELL_X37_Y54_N6   ; 3       ; Clock enable              ; no     ; --                   ; --               ; --                        ;
; background_engine:background|tilemap_memory:tilemap|memory~11900 ; LABCELL_X31_Y55_N30  ; 3       ; Clock enable              ; no     ; --                   ; --               ; --                        ;
; background_engine:background|tilemap_memory:tilemap|memory~11901 ; LABCELL_X36_Y57_N6   ; 3       ; Clock enable              ; no     ; --                   ; --               ; --                        ;
; background_engine:background|tilemap_memory:tilemap|memory~11902 ; LABCELL_X31_Y55_N39  ; 3       ; Clock enable              ; no     ; --                   ; --               ; --                        ;
; background_engine:background|tilemap_memory:tilemap|memory~11903 ; LABCELL_X31_Y55_N12  ; 3       ; Clock enable              ; no     ; --                   ; --               ; --                        ;
; background_engine:background|tilemap_memory:tilemap|memory~11904 ; LABCELL_X36_Y57_N54  ; 3       ; Clock enable              ; no     ; --                   ; --               ; --                        ;
; background_engine:background|tilemap_memory:tilemap|memory~11905 ; LABCELL_X37_Y54_N57  ; 3       ; Clock enable              ; no     ; --                   ; --               ; --                        ;
; background_engine:background|tilemap_memory:tilemap|memory~11906 ; LABCELL_X33_Y55_N21  ; 3       ; Clock enable              ; no     ; --                   ; --               ; --                        ;
; background_engine:background|tilemap_memory:tilemap|memory~11907 ; LABCELL_X36_Y57_N39  ; 3       ; Clock enable              ; no     ; --                   ; --               ; --                        ;
; background_engine:background|tilemap_memory:tilemap|memory~11908 ; LABCELL_X42_Y55_N6   ; 3       ; Clock enable              ; no     ; --                   ; --               ; --                        ;
; background_engine:background|tilemap_memory:tilemap|memory~11909 ; LABCELL_X42_Y55_N0   ; 3       ; Clock enable              ; no     ; --                   ; --               ; --                        ;
; background_engine:background|tilemap_memory:tilemap|memory~11910 ; LABCELL_X35_Y51_N21  ; 3       ; Clock enable              ; no     ; --                   ; --               ; --                        ;
; background_engine:background|tilemap_memory:tilemap|memory~11911 ; LABCELL_X37_Y55_N45  ; 3       ; Clock enable              ; no     ; --                   ; --               ; --                        ;
; background_engine:background|tilemap_memory:tilemap|memory~11912 ; LABCELL_X37_Y53_N39  ; 3       ; Clock enable              ; no     ; --                   ; --               ; --                        ;
; background_engine:background|tilemap_memory:tilemap|memory~11913 ; LABCELL_X37_Y55_N27  ; 3       ; Clock enable              ; no     ; --                   ; --               ; --                        ;
; background_engine:background|tilemap_memory:tilemap|memory~11914 ; LABCELL_X40_Y54_N9   ; 3       ; Clock enable              ; no     ; --                   ; --               ; --                        ;
; background_engine:background|tilemap_memory:tilemap|memory~11915 ; LABCELL_X31_Y55_N54  ; 3       ; Clock enable              ; no     ; --                   ; --               ; --                        ;
; background_engine:background|tilemap_memory:tilemap|memory~11916 ; LABCELL_X37_Y55_N39  ; 3       ; Clock enable              ; no     ; --                   ; --               ; --                        ;
; background_engine:background|tilemap_memory:tilemap|memory~11917 ; LABCELL_X37_Y54_N30  ; 3       ; Clock enable              ; no     ; --                   ; --               ; --                        ;
; background_engine:background|tilemap_memory:tilemap|memory~11918 ; LABCELL_X33_Y55_N51  ; 3       ; Clock enable              ; no     ; --                   ; --               ; --                        ;
; background_engine:background|tilemap_memory:tilemap|memory~11919 ; LABCELL_X36_Y57_N42  ; 3       ; Clock enable              ; no     ; --                   ; --               ; --                        ;
; background_engine:background|tilemap_memory:tilemap|memory~11920 ; LABCELL_X36_Y55_N3   ; 3       ; Clock enable              ; no     ; --                   ; --               ; --                        ;
; background_engine:background|tilemap_memory:tilemap|memory~11921 ; LABCELL_X36_Y55_N24  ; 3       ; Clock enable              ; no     ; --                   ; --               ; --                        ;
; background_engine:background|tilemap_memory:tilemap|memory~11922 ; LABCELL_X31_Y57_N39  ; 3       ; Clock enable              ; no     ; --                   ; --               ; --                        ;
; background_engine:background|tilemap_memory:tilemap|memory~11923 ; LABCELL_X36_Y57_N15  ; 3       ; Clock enable              ; no     ; --                   ; --               ; --                        ;
; background_engine:background|tilemap_memory:tilemap|memory~11925 ; MLABCELL_X28_Y52_N30 ; 3       ; Clock enable              ; no     ; --                   ; --               ; --                        ;
; background_engine:background|tilemap_memory:tilemap|memory~11927 ; LABCELL_X24_Y52_N42  ; 3       ; Clock enable              ; no     ; --                   ; --               ; --                        ;
; background_engine:background|tilemap_memory:tilemap|memory~11928 ; LABCELL_X18_Y54_N51  ; 3       ; Clock enable              ; no     ; --                   ; --               ; --                        ;
; background_engine:background|tilemap_memory:tilemap|memory~11929 ; MLABCELL_X21_Y54_N24 ; 3       ; Clock enable              ; no     ; --                   ; --               ; --                        ;
; background_engine:background|tilemap_memory:tilemap|memory~11930 ; LABCELL_X19_Y54_N15  ; 3       ; Clock enable              ; no     ; --                   ; --               ; --                        ;
; background_engine:background|tilemap_memory:tilemap|memory~11931 ; LABCELL_X31_Y59_N42  ; 3       ; Clock enable              ; no     ; --                   ; --               ; --                        ;
; background_engine:background|tilemap_memory:tilemap|memory~11932 ; LABCELL_X18_Y54_N9   ; 3       ; Clock enable              ; no     ; --                   ; --               ; --                        ;
; background_engine:background|tilemap_memory:tilemap|memory~11933 ; MLABCELL_X21_Y54_N6  ; 3       ; Clock enable              ; no     ; --                   ; --               ; --                        ;
; background_engine:background|tilemap_memory:tilemap|memory~11934 ; LABCELL_X24_Y54_N51  ; 3       ; Clock enable              ; no     ; --                   ; --               ; --                        ;
; background_engine:background|tilemap_memory:tilemap|memory~11935 ; LABCELL_X17_Y54_N3   ; 3       ; Clock enable              ; no     ; --                   ; --               ; --                        ;
; background_engine:background|tilemap_memory:tilemap|memory~11936 ; MLABCELL_X28_Y54_N36 ; 3       ; Clock enable              ; no     ; --                   ; --               ; --                        ;
; background_engine:background|tilemap_memory:tilemap|memory~11937 ; MLABCELL_X21_Y54_N9  ; 3       ; Clock enable              ; no     ; --                   ; --               ; --                        ;
; background_engine:background|tilemap_memory:tilemap|memory~11938 ; LABCELL_X29_Y54_N51  ; 3       ; Clock enable              ; no     ; --                   ; --               ; --                        ;
; background_engine:background|tilemap_memory:tilemap|memory~11939 ; LABCELL_X17_Y54_N42  ; 3       ; Clock enable              ; no     ; --                   ; --               ; --                        ;
; background_engine:background|tilemap_memory:tilemap|memory~11940 ; LABCELL_X19_Y54_N27  ; 3       ; Clock enable              ; no     ; --                   ; --               ; --                        ;
; background_engine:background|tilemap_memory:tilemap|memory~11941 ; LABCELL_X17_Y54_N36  ; 3       ; Clock enable              ; no     ; --                   ; --               ; --                        ;
; background_engine:background|tilemap_memory:tilemap|memory~11942 ; LABCELL_X22_Y52_N27  ; 3       ; Clock enable              ; no     ; --                   ; --               ; --                        ;
; background_engine:background|tilemap_memory:tilemap|memory~11943 ; LABCELL_X22_Y56_N54  ; 3       ; Clock enable              ; no     ; --                   ; --               ; --                        ;
; background_engine:background|tilemap_memory:tilemap|memory~11944 ; LABCELL_X29_Y54_N33  ; 3       ; Clock enable              ; no     ; --                   ; --               ; --                        ;
; background_engine:background|tilemap_memory:tilemap|memory~11945 ; LABCELL_X22_Y54_N12  ; 3       ; Clock enable              ; no     ; --                   ; --               ; --                        ;
; background_engine:background|tilemap_memory:tilemap|memory~11946 ; LABCELL_X29_Y54_N27  ; 3       ; Clock enable              ; no     ; --                   ; --               ; --                        ;
; background_engine:background|tilemap_memory:tilemap|memory~11947 ; LABCELL_X22_Y56_N51  ; 3       ; Clock enable              ; no     ; --                   ; --               ; --                        ;
; background_engine:background|tilemap_memory:tilemap|memory~11948 ; LABCELL_X29_Y54_N42  ; 3       ; Clock enable              ; no     ; --                   ; --               ; --                        ;
; background_engine:background|tilemap_memory:tilemap|memory~11949 ; LABCELL_X29_Y54_N54  ; 3       ; Clock enable              ; no     ; --                   ; --               ; --                        ;
; background_engine:background|tilemap_memory:tilemap|memory~11950 ; LABCELL_X22_Y52_N42  ; 3       ; Clock enable              ; no     ; --                   ; --               ; --                        ;
; background_engine:background|tilemap_memory:tilemap|memory~11951 ; MLABCELL_X21_Y53_N57 ; 3       ; Clock enable              ; no     ; --                   ; --               ; --                        ;
; background_engine:background|tilemap_memory:tilemap|memory~11952 ; LABCELL_X22_Y54_N57  ; 3       ; Clock enable              ; no     ; --                   ; --               ; --                        ;
; background_engine:background|tilemap_memory:tilemap|memory~11953 ; LABCELL_X19_Y52_N51  ; 3       ; Clock enable              ; no     ; --                   ; --               ; --                        ;
; background_engine:background|tilemap_memory:tilemap|memory~11954 ; LABCELL_X22_Y52_N3   ; 3       ; Clock enable              ; no     ; --                   ; --               ; --                        ;
; background_engine:background|tilemap_memory:tilemap|memory~11955 ; LABCELL_X22_Y56_N9   ; 3       ; Clock enable              ; no     ; --                   ; --               ; --                        ;
; background_engine:background|tilemap_memory:tilemap|memory~11956 ; LABCELL_X22_Y54_N36  ; 3       ; Clock enable              ; no     ; --                   ; --               ; --                        ;
; background_engine:background|tilemap_memory:tilemap|memory~11957 ; LABCELL_X19_Y52_N6   ; 3       ; Clock enable              ; no     ; --                   ; --               ; --                        ;
; background_engine:background|tilemap_memory:tilemap|memory~11958 ; LABCELL_X16_Y54_N27  ; 3       ; Clock enable              ; no     ; --                   ; --               ; --                        ;
; background_engine:background|tilemap_memory:tilemap|memory~11959 ; LABCELL_X29_Y48_N12  ; 3       ; Clock enable              ; no     ; --                   ; --               ; --                        ;
; background_engine:background|tilemap_memory:tilemap|memory~11960 ; MLABCELL_X28_Y49_N48 ; 3       ; Clock enable              ; no     ; --                   ; --               ; --                        ;
; background_engine:background|tilemap_memory:tilemap|memory~11961 ; LABCELL_X23_Y50_N48  ; 3       ; Clock enable              ; no     ; --                   ; --               ; --                        ;
; background_engine:background|tilemap_memory:tilemap|memory~11962 ; LABCELL_X16_Y54_N42  ; 3       ; Clock enable              ; no     ; --                   ; --               ; --                        ;
; background_engine:background|tilemap_memory:tilemap|memory~11963 ; LABCELL_X16_Y54_N0   ; 3       ; Clock enable              ; no     ; --                   ; --               ; --                        ;
; background_engine:background|tilemap_memory:tilemap|memory~11964 ; MLABCELL_X28_Y52_N0  ; 3       ; Clock enable              ; no     ; --                   ; --               ; --                        ;
; background_engine:background|tilemap_memory:tilemap|memory~11965 ; LABCELL_X29_Y48_N0   ; 3       ; Clock enable              ; no     ; --                   ; --               ; --                        ;
; background_engine:background|tilemap_memory:tilemap|memory~11966 ; LABCELL_X24_Y52_N51  ; 3       ; Clock enable              ; no     ; --                   ; --               ; --                        ;
; background_engine:background|tilemap_memory:tilemap|memory~11967 ; LABCELL_X24_Y52_N9   ; 3       ; Clock enable              ; no     ; --                   ; --               ; --                        ;
; background_engine:background|tilemap_memory:tilemap|memory~11968 ; LABCELL_X23_Y50_N42  ; 3       ; Clock enable              ; no     ; --                   ; --               ; --                        ;
; background_engine:background|tilemap_memory:tilemap|memory~11969 ; LABCELL_X24_Y52_N0   ; 3       ; Clock enable              ; no     ; --                   ; --               ; --                        ;
; background_engine:background|tilemap_memory:tilemap|memory~11970 ; LABCELL_X23_Y54_N0   ; 3       ; Clock enable              ; no     ; --                   ; --               ; --                        ;
; background_engine:background|tilemap_memory:tilemap|memory~11971 ; LABCELL_X23_Y54_N42  ; 3       ; Clock enable              ; no     ; --                   ; --               ; --                        ;
; background_engine:background|tilemap_memory:tilemap|memory~11972 ; MLABCELL_X28_Y49_N3  ; 3       ; Clock enable              ; no     ; --                   ; --               ; --                        ;
; background_engine:background|tilemap_memory:tilemap|memory~11973 ; LABCELL_X23_Y54_N54  ; 3       ; Clock enable              ; no     ; --                   ; --               ; --                        ;
; background_engine:background|tilemap_memory:tilemap|memory~11974 ; LABCELL_X23_Y51_N36  ; 3       ; Clock enable              ; no     ; --                   ; --               ; --                        ;
; background_engine:background|tilemap_memory:tilemap|memory~11975 ; LABCELL_X17_Y53_N48  ; 3       ; Clock enable              ; no     ; --                   ; --               ; --                        ;
; background_engine:background|tilemap_memory:tilemap|memory~11976 ; LABCELL_X24_Y54_N45  ; 3       ; Clock enable              ; no     ; --                   ; --               ; --                        ;
; background_engine:background|tilemap_memory:tilemap|memory~11977 ; LABCELL_X30_Y55_N54  ; 3       ; Clock enable              ; no     ; --                   ; --               ; --                        ;
; background_engine:background|tilemap_memory:tilemap|memory~11978 ; LABCELL_X24_Y51_N18  ; 3       ; Clock enable              ; no     ; --                   ; --               ; --                        ;
; background_engine:background|tilemap_memory:tilemap|memory~11979 ; LABCELL_X29_Y55_N9   ; 3       ; Clock enable              ; no     ; --                   ; --               ; --                        ;
; background_engine:background|tilemap_memory:tilemap|memory~11980 ; LABCELL_X17_Y53_N30  ; 3       ; Clock enable              ; no     ; --                   ; --               ; --                        ;
; background_engine:background|tilemap_memory:tilemap|memory~11981 ; LABCELL_X17_Y53_N57  ; 3       ; Clock enable              ; no     ; --                   ; --               ; --                        ;
; background_engine:background|tilemap_memory:tilemap|memory~11982 ; LABCELL_X27_Y56_N18  ; 3       ; Clock enable              ; no     ; --                   ; --               ; --                        ;
; background_engine:background|tilemap_memory:tilemap|memory~11983 ; MLABCELL_X25_Y54_N27 ; 3       ; Clock enable              ; no     ; --                   ; --               ; --                        ;
; background_engine:background|tilemap_memory:tilemap|memory~11984 ; LABCELL_X24_Y54_N36  ; 3       ; Clock enable              ; no     ; --                   ; --               ; --                        ;
; background_engine:background|tilemap_memory:tilemap|memory~11985 ; LABCELL_X23_Y55_N21  ; 3       ; Clock enable              ; no     ; --                   ; --               ; --                        ;
; background_engine:background|tilemap_memory:tilemap|memory~11986 ; LABCELL_X23_Y51_N51  ; 3       ; Clock enable              ; no     ; --                   ; --               ; --                        ;
; background_engine:background|tilemap_memory:tilemap|memory~11987 ; LABCELL_X16_Y53_N15  ; 3       ; Clock enable              ; no     ; --                   ; --               ; --                        ;
; background_engine:background|tilemap_memory:tilemap|memory~11988 ; LABCELL_X23_Y55_N57  ; 3       ; Clock enable              ; no     ; --                   ; --               ; --                        ;
; background_engine:background|tilemap_memory:tilemap|memory~11989 ; LABCELL_X23_Y55_N6   ; 3       ; Clock enable              ; no     ; --                   ; --               ; --                        ;
; background_engine:background|tilemap_memory:tilemap|memory~11990 ; LABCELL_X27_Y53_N21  ; 3       ; Clock enable              ; no     ; --                   ; --               ; --                        ;
; background_engine:background|tilemap_memory:tilemap|memory~11991 ; MLABCELL_X25_Y60_N0  ; 3       ; Clock enable              ; no     ; --                   ; --               ; --                        ;
; background_engine:background|tilemap_memory:tilemap|memory~11992 ; LABCELL_X23_Y56_N24  ; 3       ; Clock enable              ; no     ; --                   ; --               ; --                        ;
; background_engine:background|tilemap_memory:tilemap|memory~11993 ; LABCELL_X23_Y56_N6   ; 3       ; Clock enable              ; no     ; --                   ; --               ; --                        ;
; background_engine:background|tilemap_memory:tilemap|memory~11994 ; LABCELL_X29_Y57_N12  ; 3       ; Clock enable              ; no     ; --                   ; --               ; --                        ;
; background_engine:background|tilemap_memory:tilemap|memory~11995 ; LABCELL_X29_Y58_N24  ; 3       ; Clock enable              ; no     ; --                   ; --               ; --                        ;
; background_engine:background|tilemap_memory:tilemap|memory~11996 ; LABCELL_X27_Y65_N12  ; 3       ; Clock enable              ; no     ; --                   ; --               ; --                        ;
; background_engine:background|tilemap_memory:tilemap|memory~11997 ; LABCELL_X30_Y67_N9   ; 3       ; Clock enable              ; no     ; --                   ; --               ; --                        ;
; background_engine:background|tilemap_memory:tilemap|memory~11998 ; LABCELL_X27_Y65_N57  ; 3       ; Clock enable              ; no     ; --                   ; --               ; --                        ;
; background_engine:background|tilemap_memory:tilemap|memory~11999 ; MLABCELL_X25_Y60_N45 ; 3       ; Clock enable              ; no     ; --                   ; --               ; --                        ;
; background_engine:background|tilemap_memory:tilemap|memory~12000 ; LABCELL_X29_Y57_N21  ; 3       ; Clock enable              ; no     ; --                   ; --               ; --                        ;
; background_engine:background|tilemap_memory:tilemap|memory~12001 ; LABCELL_X19_Y55_N30  ; 3       ; Clock enable              ; no     ; --                   ; --               ; --                        ;
; background_engine:background|tilemap_memory:tilemap|memory~12002 ; MLABCELL_X28_Y60_N48 ; 3       ; Clock enable              ; no     ; --                   ; --               ; --                        ;
; background_engine:background|tilemap_memory:tilemap|memory~12003 ; LABCELL_X27_Y57_N51  ; 3       ; Clock enable              ; no     ; --                   ; --               ; --                        ;
; background_engine:background|tilemap_memory:tilemap|memory~12004 ; LABCELL_X22_Y58_N45  ; 3       ; Clock enable              ; no     ; --                   ; --               ; --                        ;
; background_engine:background|tilemap_memory:tilemap|memory~12005 ; MLABCELL_X28_Y60_N6  ; 3       ; Clock enable              ; no     ; --                   ; --               ; --                        ;
; background_engine:background|tilemap_memory:tilemap|memory~12006 ; MLABCELL_X21_Y58_N45 ; 3       ; Clock enable              ; no     ; --                   ; --               ; --                        ;
; background_engine:background|tilemap_memory:tilemap|memory~12007 ; LABCELL_X27_Y57_N24  ; 3       ; Clock enable              ; no     ; --                   ; --               ; --                        ;
; background_engine:background|tilemap_memory:tilemap|memory~12008 ; MLABCELL_X28_Y57_N0  ; 3       ; Clock enable              ; no     ; --                   ; --               ; --                        ;
; background_engine:background|tilemap_memory:tilemap|memory~12009 ; LABCELL_X30_Y59_N57  ; 3       ; Clock enable              ; no     ; --                   ; --               ; --                        ;
; background_engine:background|tilemap_memory:tilemap|memory~12010 ; MLABCELL_X21_Y55_N18 ; 3       ; Clock enable              ; no     ; --                   ; --               ; --                        ;
; background_engine:background|tilemap_memory:tilemap|memory~12011 ; LABCELL_X18_Y56_N51  ; 3       ; Clock enable              ; no     ; --                   ; --               ; --                        ;
; background_engine:background|tilemap_memory:tilemap|memory~12012 ; MLABCELL_X28_Y60_N54 ; 3       ; Clock enable              ; no     ; --                   ; --               ; --                        ;
; background_engine:background|tilemap_memory:tilemap|memory~12013 ; LABCELL_X22_Y55_N0   ; 3       ; Clock enable              ; no     ; --                   ; --               ; --                        ;
; background_engine:background|tilemap_memory:tilemap|memory~12014 ; MLABCELL_X15_Y58_N57 ; 3       ; Clock enable              ; no     ; --                   ; --               ; --                        ;
; background_engine:background|tilemap_memory:tilemap|memory~12015 ; MLABCELL_X28_Y58_N21 ; 3       ; Clock enable              ; no     ; --                   ; --               ; --                        ;
; background_engine:background|tilemap_memory:tilemap|memory~12016 ; LABCELL_X29_Y57_N3   ; 3       ; Clock enable              ; no     ; --                   ; --               ; --                        ;
; background_engine:background|tilemap_memory:tilemap|memory~12017 ; LABCELL_X18_Y56_N57  ; 3       ; Clock enable              ; no     ; --                   ; --               ; --                        ;
; background_engine:background|tilemap_memory:tilemap|memory~12018 ; MLABCELL_X28_Y57_N30 ; 3       ; Clock enable              ; no     ; --                   ; --               ; --                        ;
; background_engine:background|tilemap_memory:tilemap|memory~12019 ; LABCELL_X19_Y58_N57  ; 3       ; Clock enable              ; no     ; --                   ; --               ; --                        ;
; background_engine:background|tilemap_memory:tilemap|memory~12020 ; LABCELL_X27_Y59_N3   ; 3       ; Clock enable              ; no     ; --                   ; --               ; --                        ;
; background_engine:background|tilemap_memory:tilemap|memory~12021 ; MLABCELL_X28_Y57_N54 ; 3       ; Clock enable              ; no     ; --                   ; --               ; --                        ;
; background_engine:background|tilemap_memory:tilemap|memory~12022 ; LABCELL_X30_Y59_N36  ; 3       ; Clock enable              ; no     ; --                   ; --               ; --                        ;
; background_engine:background|tilemap_memory:tilemap|memory~12023 ; LABCELL_X22_Y58_N54  ; 3       ; Clock enable              ; no     ; --                   ; --               ; --                        ;
; background_engine:background|tilemap_memory:tilemap|memory~12024 ; MLABCELL_X28_Y57_N27 ; 3       ; Clock enable              ; no     ; --                   ; --               ; --                        ;
; background_engine:background|tilemap_memory:tilemap|memory~12025 ; LABCELL_X30_Y59_N18  ; 3       ; Clock enable              ; no     ; --                   ; --               ; --                        ;
; background_engine:background|tilemap_memory:tilemap|memory~12026 ; LABCELL_X27_Y59_N27  ; 3       ; Clock enable              ; no     ; --                   ; --               ; --                        ;
; background_engine:background|tilemap_memory:tilemap|memory~12027 ; LABCELL_X18_Y58_N54  ; 3       ; Clock enable              ; no     ; --                   ; --               ; --                        ;
; background_engine:background|tilemap_memory:tilemap|memory~12028 ; LABCELL_X27_Y54_N51  ; 3       ; Clock enable              ; no     ; --                   ; --               ; --                        ;
; background_engine:background|tilemap_memory:tilemap|memory~12029 ; LABCELL_X27_Y53_N6   ; 3       ; Clock enable              ; no     ; --                   ; --               ; --                        ;
; background_engine:background|tilemap_memory:tilemap|memory~12030 ; LABCELL_X27_Y60_N54  ; 3       ; Clock enable              ; no     ; --                   ; --               ; --                        ;
; background_engine:background|tilemap_memory:tilemap|memory~12031 ; LABCELL_X27_Y54_N57  ; 3       ; Clock enable              ; no     ; --                   ; --               ; --                        ;
; background_engine:background|tilemap_memory:tilemap|memory~12032 ; LABCELL_X27_Y55_N36  ; 3       ; Clock enable              ; no     ; --                   ; --               ; --                        ;
; background_engine:background|tilemap_memory:tilemap|memory~12033 ; LABCELL_X22_Y60_N54  ; 3       ; Clock enable              ; no     ; --                   ; --               ; --                        ;
; background_engine:background|tilemap_memory:tilemap|memory~12034 ; MLABCELL_X28_Y57_N45 ; 3       ; Clock enable              ; no     ; --                   ; --               ; --                        ;
; background_engine:background|tilemap_memory:tilemap|memory~12035 ; MLABCELL_X21_Y57_N36 ; 3       ; Clock enable              ; no     ; --                   ; --               ; --                        ;
; background_engine:background|tilemap_memory:tilemap|memory~12036 ; LABCELL_X27_Y60_N3   ; 3       ; Clock enable              ; no     ; --                   ; --               ; --                        ;
; background_engine:background|tilemap_memory:tilemap|memory~12037 ; LABCELL_X27_Y54_N0   ; 3       ; Clock enable              ; no     ; --                   ; --               ; --                        ;
; background_engine:background|tilemap_memory:tilemap|memory~12038 ; LABCELL_X27_Y57_N18  ; 3       ; Clock enable              ; no     ; --                   ; --               ; --                        ;
; background_engine:background|tilemap_memory:tilemap|memory~12039 ; LABCELL_X27_Y57_N45  ; 3       ; Clock enable              ; no     ; --                   ; --               ; --                        ;
; background_engine:background|tilemap_memory:tilemap|memory~12040 ; MLABCELL_X25_Y60_N39 ; 3       ; Clock enable              ; no     ; --                   ; --               ; --                        ;
; background_engine:background|tilemap_memory:tilemap|memory~12041 ; LABCELL_X30_Y46_N33  ; 3       ; Clock enable              ; no     ; --                   ; --               ; --                        ;
; background_engine:background|tilemap_memory:tilemap|memory~12042 ; LABCELL_X30_Y54_N33  ; 3       ; Clock enable              ; no     ; --                   ; --               ; --                        ;
; background_engine:background|tilemap_memory:tilemap|memory~12043 ; MLABCELL_X25_Y50_N48 ; 3       ; Clock enable              ; no     ; --                   ; --               ; --                        ;
; background_engine:background|tilemap_memory:tilemap|memory~12044 ; LABCELL_X30_Y54_N21  ; 3       ; Clock enable              ; no     ; --                   ; --               ; --                        ;
; background_engine:background|tilemap_memory:tilemap|memory~12045 ; LABCELL_X31_Y49_N12  ; 3       ; Clock enable              ; no     ; --                   ; --               ; --                        ;
; background_engine:background|tilemap_memory:tilemap|memory~12046 ; LABCELL_X30_Y56_N54  ; 3       ; Clock enable              ; no     ; --                   ; --               ; --                        ;
; background_engine:background|tilemap_memory:tilemap|memory~12047 ; LABCELL_X31_Y49_N57  ; 3       ; Clock enable              ; no     ; --                   ; --               ; --                        ;
; background_engine:background|tilemap_memory:tilemap|memory~12048 ; LABCELL_X30_Y46_N15  ; 3       ; Clock enable              ; no     ; --                   ; --               ; --                        ;
; background_engine:background|tilemap_memory:tilemap|memory~12049 ; LABCELL_X24_Y50_N39  ; 3       ; Clock enable              ; no     ; --                   ; --               ; --                        ;
; background_engine:background|tilemap_memory:tilemap|memory~12050 ; LABCELL_X31_Y52_N45  ; 3       ; Clock enable              ; no     ; --                   ; --               ; --                        ;
; background_engine:background|tilemap_memory:tilemap|memory~12051 ; LABCELL_X31_Y53_N3   ; 3       ; Clock enable              ; no     ; --                   ; --               ; --                        ;
; background_engine:background|tilemap_memory:tilemap|memory~12052 ; LABCELL_X27_Y49_N18  ; 3       ; Clock enable              ; no     ; --                   ; --               ; --                        ;
; background_engine:background|tilemap_memory:tilemap|memory~12053 ; LABCELL_X27_Y49_N39  ; 3       ; Clock enable              ; no     ; --                   ; --               ; --                        ;
; background_engine:background|tilemap_memory:tilemap|memory~12054 ; LABCELL_X30_Y54_N12  ; 3       ; Clock enable              ; no     ; --                   ; --               ; --                        ;
; background_engine:background|tilemap_memory:tilemap|memory~12055 ; LABCELL_X30_Y53_N30  ; 3       ; Clock enable              ; no     ; --                   ; --               ; --                        ;
; background_engine:background|tilemap_memory:tilemap|memory~12056 ; LABCELL_X30_Y53_N54  ; 3       ; Clock enable              ; no     ; --                   ; --               ; --                        ;
; background_engine:background|tilemap_memory:tilemap|memory~12057 ; LABCELL_X30_Y54_N0   ; 3       ; Clock enable              ; no     ; --                   ; --               ; --                        ;
; background_engine:background|tilemap_memory:tilemap|memory~12058 ; LABCELL_X33_Y51_N42  ; 3       ; Clock enable              ; no     ; --                   ; --               ; --                        ;
; background_engine:background|tilemap_memory:tilemap|memory~12059 ; MLABCELL_X34_Y54_N57 ; 3       ; Clock enable              ; no     ; --                   ; --               ; --                        ;
; background_engine:background|tilemap_memory:tilemap|memory~12060 ; LABCELL_X27_Y50_N27  ; 3       ; Clock enable              ; no     ; --                   ; --               ; --                        ;
; background_engine:background|tilemap_memory:tilemap|memory~12061 ; LABCELL_X27_Y51_N39  ; 3       ; Clock enable              ; no     ; --                   ; --               ; --                        ;
; background_engine:background|tilemap_memory:tilemap|memory~12062 ; LABCELL_X31_Y51_N21  ; 3       ; Clock enable              ; no     ; --                   ; --               ; --                        ;
; background_engine:background|tilemap_memory:tilemap|memory~12063 ; LABCELL_X27_Y50_N57  ; 3       ; Clock enable              ; no     ; --                   ; --               ; --                        ;
; background_engine:background|tilemap_memory:tilemap|memory~12064 ; LABCELL_X31_Y50_N18  ; 3       ; Clock enable              ; no     ; --                   ; --               ; --                        ;
; background_engine:background|tilemap_memory:tilemap|memory~12065 ; LABCELL_X31_Y50_N51  ; 3       ; Clock enable              ; no     ; --                   ; --               ; --                        ;
; background_engine:background|tilemap_memory:tilemap|memory~12066 ; LABCELL_X31_Y50_N42  ; 3       ; Clock enable              ; no     ; --                   ; --               ; --                        ;
; background_engine:background|tilemap_memory:tilemap|memory~12067 ; MLABCELL_X34_Y49_N6  ; 3       ; Clock enable              ; no     ; --                   ; --               ; --                        ;
; background_engine:background|tilemap_memory:tilemap|memory~12068 ; LABCELL_X30_Y46_N45  ; 3       ; Clock enable              ; no     ; --                   ; --               ; --                        ;
; background_engine:background|tilemap_memory:tilemap|memory~12069 ; LABCELL_X31_Y53_N0   ; 3       ; Clock enable              ; no     ; --                   ; --               ; --                        ;
; background_engine:background|tilemap_memory:tilemap|memory~12070 ; LABCELL_X30_Y50_N33  ; 3       ; Clock enable              ; no     ; --                   ; --               ; --                        ;
; background_engine:background|tilemap_memory:tilemap|memory~12071 ; LABCELL_X30_Y50_N12  ; 3       ; Clock enable              ; no     ; --                   ; --               ; --                        ;
; background_engine:background|tilemap_memory:tilemap|memory~12072 ; MLABCELL_X25_Y50_N57 ; 3       ; Clock enable              ; no     ; --                   ; --               ; --                        ;
; background_engine:background|tilemap_memory:tilemap|memory~12073 ; LABCELL_X30_Y50_N36  ; 3       ; Clock enable              ; no     ; --                   ; --               ; --                        ;
; background_engine:background|tilemap_memory:tilemap|memory~12074 ; MLABCELL_X25_Y49_N21 ; 3       ; Clock enable              ; no     ; --                   ; --               ; --                        ;
; background_engine:background|tilemap_memory:tilemap|memory~12075 ; LABCELL_X31_Y53_N39  ; 3       ; Clock enable              ; no     ; --                   ; --               ; --                        ;
; background_engine:background|tilemap_memory:tilemap|memory~12076 ; LABCELL_X31_Y53_N45  ; 3       ; Clock enable              ; no     ; --                   ; --               ; --                        ;
; background_engine:background|tilemap_memory:tilemap|memory~12077 ; MLABCELL_X25_Y49_N6  ; 3       ; Clock enable              ; no     ; --                   ; --               ; --                        ;
; background_engine:background|tilemap_memory:tilemap|memory~12078 ; MLABCELL_X25_Y49_N0  ; 3       ; Clock enable              ; no     ; --                   ; --               ; --                        ;
; background_engine:background|tilemap_memory:tilemap|memory~12079 ; LABCELL_X31_Y56_N36  ; 3       ; Clock enable              ; no     ; --                   ; --               ; --                        ;
; background_engine:background|tilemap_memory:tilemap|memory~12080 ; LABCELL_X27_Y49_N21  ; 3       ; Clock enable              ; no     ; --                   ; --               ; --                        ;
; background_engine:background|tilemap_memory:tilemap|memory~12081 ; LABCELL_X23_Y53_N27  ; 3       ; Clock enable              ; no     ; --                   ; --               ; --                        ;
; background_engine:background|tilemap_memory:tilemap|memory~12082 ; LABCELL_X27_Y56_N12  ; 3       ; Clock enable              ; no     ; --                   ; --               ; --                        ;
; background_engine:background|tilemap_memory:tilemap|memory~12083 ; LABCELL_X31_Y53_N54  ; 3       ; Clock enable              ; no     ; --                   ; --               ; --                        ;
; background_engine:background|tilemap_memory:tilemap|memory~12084 ; MLABCELL_X21_Y51_N54 ; 3       ; Clock enable              ; no     ; --                   ; --               ; --                        ;
; background_engine:background|tilemap_memory:tilemap|memory~12085 ; LABCELL_X29_Y55_N36  ; 3       ; Clock enable              ; no     ; --                   ; --               ; --                        ;
; background_engine:background|tilemap_memory:tilemap|memory~12086 ; LABCELL_X27_Y56_N0   ; 3       ; Clock enable              ; no     ; --                   ; --               ; --                        ;
; background_engine:background|tilemap_memory:tilemap|memory~12087 ; LABCELL_X16_Y53_N27  ; 3       ; Clock enable              ; no     ; --                   ; --               ; --                        ;
; background_engine:background|tilemap_memory:tilemap|memory~12088 ; LABCELL_X30_Y54_N54  ; 3       ; Clock enable              ; no     ; --                   ; --               ; --                        ;
; background_engine:background|tilemap_memory:tilemap|memory~12089 ; MLABCELL_X34_Y50_N48 ; 3       ; Clock enable              ; no     ; --                   ; --               ; --                        ;
; background_engine:background|tilemap_memory:tilemap|memory~12090 ; MLABCELL_X34_Y50_N27 ; 3       ; Clock enable              ; no     ; --                   ; --               ; --                        ;
; background_engine:background|tilemap_memory:tilemap|memory~12091 ; LABCELL_X30_Y55_N12  ; 3       ; Clock enable              ; no     ; --                   ; --               ; --                        ;
; background_engine:background|tilemap_memory:tilemap|memory~12092 ; LABCELL_X29_Y50_N36  ; 3       ; Clock enable              ; no     ; --                   ; --               ; --                        ;
; background_engine:background|tilemap_memory:tilemap|memory~12093 ; LABCELL_X29_Y50_N42  ; 3       ; Clock enable              ; no     ; --                   ; --               ; --                        ;
; background_engine:background|tilemap_memory:tilemap|memory~12094 ; LABCELL_X29_Y50_N54  ; 3       ; Clock enable              ; no     ; --                   ; --               ; --                        ;
; background_engine:background|tilemap_memory:tilemap|memory~12095 ; LABCELL_X22_Y57_N12  ; 3       ; Clock enable              ; no     ; --                   ; --               ; --                        ;
; background_engine:background|tilemap_memory:tilemap|memory~12096 ; LABCELL_X18_Y57_N27  ; 3       ; Clock enable              ; no     ; --                   ; --               ; --                        ;
; background_engine:background|tilemap_memory:tilemap|memory~12097 ; LABCELL_X22_Y57_N0   ; 3       ; Clock enable              ; no     ; --                   ; --               ; --                        ;
; background_engine:background|tilemap_memory:tilemap|memory~12098 ; LABCELL_X19_Y54_N42  ; 3       ; Clock enable              ; no     ; --                   ; --               ; --                        ;
; background_engine:background|tilemap_memory:tilemap|memory~12099 ; LABCELL_X23_Y57_N3   ; 3       ; Clock enable              ; no     ; --                   ; --               ; --                        ;
; background_engine:background|tilemap_memory:tilemap|memory~12100 ; LABCELL_X18_Y55_N33  ; 3       ; Clock enable              ; no     ; --                   ; --               ; --                        ;
; background_engine:background|tilemap_memory:tilemap|memory~12101 ; LABCELL_X17_Y57_N6   ; 3       ; Clock enable              ; no     ; --                   ; --               ; --                        ;
; background_engine:background|tilemap_memory:tilemap|memory~12102 ; LABCELL_X19_Y58_N3   ; 3       ; Clock enable              ; no     ; --                   ; --               ; --                        ;
; background_engine:background|tilemap_memory:tilemap|memory~12103 ; LABCELL_X22_Y61_N3   ; 3       ; Clock enable              ; no     ; --                   ; --               ; --                        ;
; background_engine:background|tilemap_memory:tilemap|memory~12104 ; LABCELL_X19_Y58_N9   ; 3       ; Clock enable              ; no     ; --                   ; --               ; --                        ;
; background_engine:background|tilemap_memory:tilemap|memory~12105 ; LABCELL_X19_Y58_N42  ; 3       ; Clock enable              ; no     ; --                   ; --               ; --                        ;
; background_engine:background|tilemap_memory:tilemap|memory~12106 ; LABCELL_X23_Y61_N39  ; 3       ; Clock enable              ; no     ; --                   ; --               ; --                        ;
; background_engine:background|tilemap_memory:tilemap|memory~12107 ; LABCELL_X17_Y56_N51  ; 3       ; Clock enable              ; no     ; --                   ; --               ; --                        ;
; background_engine:background|tilemap_memory:tilemap|memory~12108 ; LABCELL_X17_Y56_N57  ; 3       ; Clock enable              ; no     ; --                   ; --               ; --                        ;
; background_engine:background|tilemap_memory:tilemap|memory~12109 ; LABCELL_X17_Y56_N0   ; 3       ; Clock enable              ; no     ; --                   ; --               ; --                        ;
; background_engine:background|tilemap_memory:tilemap|memory~12110 ; LABCELL_X24_Y65_N0   ; 3       ; Clock enable              ; no     ; --                   ; --               ; --                        ;
; background_engine:background|tilemap_memory:tilemap|memory~12111 ; LABCELL_X24_Y55_N51  ; 3       ; Clock enable              ; no     ; --                   ; --               ; --                        ;
; background_engine:background|tilemap_memory:tilemap|memory~12112 ; LABCELL_X31_Y59_N36  ; 3       ; Clock enable              ; no     ; --                   ; --               ; --                        ;
; background_engine:background|tilemap_memory:tilemap|memory~12113 ; LABCELL_X23_Y59_N51  ; 3       ; Clock enable              ; no     ; --                   ; --               ; --                        ;
; background_engine:background|tilemap_memory:tilemap|memory~12114 ; LABCELL_X24_Y56_N54  ; 3       ; Clock enable              ; no     ; --                   ; --               ; --                        ;
; background_engine:background|tilemap_memory:tilemap|memory~12115 ; LABCELL_X23_Y57_N48  ; 3       ; Clock enable              ; no     ; --                   ; --               ; --                        ;
; background_engine:background|tilemap_memory:tilemap|memory~12116 ; LABCELL_X33_Y57_N45  ; 3       ; Clock enable              ; no     ; --                   ; --               ; --                        ;
; background_engine:background|tilemap_memory:tilemap|memory~12117 ; LABCELL_X17_Y57_N33  ; 3       ; Clock enable              ; no     ; --                   ; --               ; --                        ;
; background_engine:background|tilemap_memory:tilemap|memory~12118 ; LABCELL_X23_Y59_N12  ; 3       ; Clock enable              ; no     ; --                   ; --               ; --                        ;
; background_engine:background|tilemap_memory:tilemap|memory~12119 ; LABCELL_X17_Y58_N36  ; 3       ; Clock enable              ; no     ; --                   ; --               ; --                        ;
; background_engine:background|tilemap_memory:tilemap|memory~12120 ; MLABCELL_X25_Y56_N18 ; 3       ; Clock enable              ; no     ; --                   ; --               ; --                        ;
; background_engine:background|tilemap_memory:tilemap|memory~12121 ; LABCELL_X23_Y59_N21  ; 3       ; Clock enable              ; no     ; --                   ; --               ; --                        ;
; background_engine:background|tilemap_memory:tilemap|memory~12122 ; MLABCELL_X34_Y57_N48 ; 3       ; Clock enable              ; no     ; --                   ; --               ; --                        ;
; background_engine:background|tilemap_memory:tilemap|memory~12123 ; LABCELL_X23_Y57_N6   ; 3       ; Clock enable              ; no     ; --                   ; --               ; --                        ;
; background_engine:background|tilemap_memory:tilemap|memory~12124 ; LABCELL_X10_Y57_N54  ; 3       ; Clock enable              ; no     ; --                   ; --               ; --                        ;
; background_engine:background|tilemap_memory:tilemap|memory~12125 ; LABCELL_X23_Y61_N27  ; 3       ; Clock enable              ; no     ; --                   ; --               ; --                        ;
; background_engine:background|tilemap_memory:tilemap|memory~12126 ; MLABCELL_X25_Y57_N42 ; 3       ; Clock enable              ; no     ; --                   ; --               ; --                        ;
; background_engine:background|tilemap_memory:tilemap|memory~12127 ; MLABCELL_X25_Y57_N0  ; 3       ; Clock enable              ; no     ; --                   ; --               ; --                        ;
; background_engine:background|tilemap_memory:tilemap|memory~12128 ; LABCELL_X18_Y57_N6   ; 3       ; Clock enable              ; no     ; --                   ; --               ; --                        ;
; background_engine:background|tilemap_memory:tilemap|memory~12129 ; LABCELL_X16_Y56_N0   ; 3       ; Clock enable              ; no     ; --                   ; --               ; --                        ;
; background_engine:background|tilemap_memory:tilemap|memory~12130 ; LABCELL_X19_Y56_N6   ; 3       ; Clock enable              ; no     ; --                   ; --               ; --                        ;
; background_engine:background|tilemap_memory:tilemap|memory~12131 ; LABCELL_X23_Y63_N57  ; 3       ; Clock enable              ; no     ; --                   ; --               ; --                        ;
; background_engine:background|tilemap_memory:tilemap|memory~12132 ; LABCELL_X24_Y56_N12  ; 3       ; Clock enable              ; no     ; --                   ; --               ; --                        ;
; background_engine:background|tilemap_memory:tilemap|memory~12133 ; LABCELL_X18_Y57_N3   ; 3       ; Clock enable              ; no     ; --                   ; --               ; --                        ;
; background_engine:background|tilemap_memory:tilemap|memory~12134 ; MLABCELL_X25_Y58_N48 ; 3       ; Clock enable              ; no     ; --                   ; --               ; --                        ;
; background_engine:background|tilemap_memory:tilemap|memory~12135 ; LABCELL_X17_Y57_N9   ; 3       ; Clock enable              ; no     ; --                   ; --               ; --                        ;
; background_engine:background|tilemap_memory:tilemap|memory~12136 ; MLABCELL_X25_Y58_N0  ; 3       ; Clock enable              ; no     ; --                   ; --               ; --                        ;
; background_engine:background|tilemap_memory:tilemap|memory~12137 ; LABCELL_X12_Y57_N9   ; 3       ; Clock enable              ; no     ; --                   ; --               ; --                        ;
; background_engine:background|tilemap_memory:tilemap|memory~12138 ; LABCELL_X12_Y57_N57  ; 3       ; Clock enable              ; no     ; --                   ; --               ; --                        ;
; background_engine:background|tilemap_memory:tilemap|memory~12139 ; LABCELL_X23_Y57_N54  ; 3       ; Clock enable              ; no     ; --                   ; --               ; --                        ;
; background_engine:background|tilemap_memory:tilemap|memory~12140 ; LABCELL_X11_Y57_N12  ; 3       ; Clock enable              ; no     ; --                   ; --               ; --                        ;
; background_engine:background|tilemap_memory:tilemap|memory~12141 ; LABCELL_X11_Y57_N54  ; 3       ; Clock enable              ; no     ; --                   ; --               ; --                        ;
; background_engine:background|tilemap_memory:tilemap|memory~12142 ; LABCELL_X19_Y57_N51  ; 3       ; Clock enable              ; no     ; --                   ; --               ; --                        ;
; background_engine:background|tilemap_memory:tilemap|memory~12143 ; LABCELL_X16_Y57_N30  ; 3       ; Clock enable              ; no     ; --                   ; --               ; --                        ;
; background_engine:background|tilemap_memory:tilemap|memory~12144 ; LABCELL_X19_Y57_N15  ; 3       ; Clock enable              ; no     ; --                   ; --               ; --                        ;
; background_engine:background|tilemap_memory:tilemap|memory~12145 ; LABCELL_X24_Y55_N57  ; 3       ; Clock enable              ; no     ; --                   ; --               ; --                        ;
; background_engine:background|tilemap_memory:tilemap|memory~12146 ; LABCELL_X16_Y57_N0   ; 3       ; Clock enable              ; no     ; --                   ; --               ; --                        ;
; background_engine:background|tilemap_memory:tilemap|memory~12147 ; LABCELL_X19_Y57_N54  ; 3       ; Clock enable              ; no     ; --                   ; --               ; --                        ;
; background_engine:background|tilemap_memory:tilemap|memory~12148 ; MLABCELL_X25_Y56_N12 ; 3       ; Clock enable              ; no     ; --                   ; --               ; --                        ;
; background_engine:background|tilemap_memory:tilemap|memory~12149 ; LABCELL_X17_Y59_N0   ; 3       ; Clock enable              ; no     ; --                   ; --               ; --                        ;
; background_engine:background|tilemap_memory:tilemap|memory~12150 ; LABCELL_X23_Y61_N18  ; 3       ; Clock enable              ; no     ; --                   ; --               ; --                        ;
; background_engine:background|tilemap_memory:tilemap|memory~12151 ; LABCELL_X24_Y62_N36  ; 3       ; Clock enable              ; no     ; --                   ; --               ; --                        ;
; background_engine:background|tilemap_memory:tilemap|memory~12152 ; LABCELL_X29_Y56_N12  ; 3       ; Clock enable              ; no     ; --                   ; --               ; --                        ;
; background_engine:background|tilemap_memory:tilemap|memory~12153 ; MLABCELL_X25_Y56_N54 ; 3       ; Clock enable              ; no     ; --                   ; --               ; --                        ;
; background_engine:background|tilemap_memory:tilemap|memory~12154 ; LABCELL_X29_Y62_N45  ; 3       ; Clock enable              ; no     ; --                   ; --               ; --                        ;
; background_engine:background|tilemap_memory:tilemap|memory~12155 ; LABCELL_X35_Y64_N54  ; 3       ; Clock enable              ; no     ; --                   ; --               ; --                        ;
; background_engine:background|tilemap_memory:tilemap|memory~12156 ; LABCELL_X27_Y53_N36  ; 3       ; Clock enable              ; no     ; --                   ; --               ; --                        ;
; background_engine:background|tilemap_memory:tilemap|memory~12157 ; LABCELL_X23_Y52_N36  ; 3       ; Clock enable              ; no     ; --                   ; --               ; --                        ;
; background_engine:background|tilemap_memory:tilemap|memory~12158 ; LABCELL_X29_Y61_N24  ; 3       ; Clock enable              ; no     ; --                   ; --               ; --                        ;
; background_engine:background|tilemap_memory:tilemap|memory~12159 ; LABCELL_X24_Y58_N21  ; 3       ; Clock enable              ; no     ; --                   ; --               ; --                        ;
; background_engine:background|tilemap_memory:tilemap|memory~12160 ; LABCELL_X29_Y59_N15  ; 3       ; Clock enable              ; no     ; --                   ; --               ; --                        ;
; background_engine:background|tilemap_memory:tilemap|memory~12161 ; LABCELL_X24_Y58_N15  ; 3       ; Clock enable              ; no     ; --                   ; --               ; --                        ;
; background_engine:background|tilemap_memory:tilemap|memory~12162 ; LABCELL_X24_Y58_N54  ; 3       ; Clock enable              ; no     ; --                   ; --               ; --                        ;
; background_engine:background|tilemap_memory:tilemap|memory~12163 ; LABCELL_X29_Y56_N21  ; 3       ; Clock enable              ; no     ; --                   ; --               ; --                        ;
; background_engine:background|tilemap_memory:tilemap|memory~12164 ; LABCELL_X42_Y60_N6   ; 3       ; Clock enable              ; no     ; --                   ; --               ; --                        ;
; background_engine:background|tilemap_memory:tilemap|memory~12165 ; LABCELL_X29_Y56_N54  ; 3       ; Clock enable              ; no     ; --                   ; --               ; --                        ;
; background_engine:background|tilemap_memory:tilemap|memory~12166 ; LABCELL_X42_Y58_N9   ; 3       ; Clock enable              ; no     ; --                   ; --               ; --                        ;
; background_engine:background|tilemap_memory:tilemap|memory~12167 ; LABCELL_X45_Y56_N57  ; 3       ; Clock enable              ; no     ; --                   ; --               ; --                        ;
; background_engine:background|tilemap_memory:tilemap|memory~12168 ; LABCELL_X29_Y56_N27  ; 3       ; Clock enable              ; no     ; --                   ; --               ; --                        ;
; background_engine:background|tilemap_memory:tilemap|memory~12169 ; LABCELL_X42_Y58_N36  ; 3       ; Clock enable              ; no     ; --                   ; --               ; --                        ;
; background_engine:background|tilemap_memory:tilemap|memory~12170 ; LABCELL_X30_Y63_N0   ; 3       ; Clock enable              ; no     ; --                   ; --               ; --                        ;
; background_engine:background|tilemap_memory:tilemap|memory~12171 ; LABCELL_X29_Y62_N18  ; 3       ; Clock enable              ; no     ; --                   ; --               ; --                        ;
; background_engine:background|tilemap_memory:tilemap|memory~12172 ; LABCELL_X30_Y58_N18  ; 3       ; Clock enable              ; no     ; --                   ; --               ; --                        ;
; background_engine:background|tilemap_memory:tilemap|memory~12173 ; LABCELL_X30_Y58_N42  ; 3       ; Clock enable              ; no     ; --                   ; --               ; --                        ;
; background_engine:background|tilemap_memory:tilemap|memory~12174 ; LABCELL_X33_Y63_N12  ; 3       ; Clock enable              ; no     ; --                   ; --               ; --                        ;
; background_engine:background|tilemap_memory:tilemap|memory~12175 ; LABCELL_X29_Y61_N54  ; 3       ; Clock enable              ; no     ; --                   ; --               ; --                        ;
; background_engine:background|tilemap_memory:tilemap|memory~12176 ; LABCELL_X33_Y63_N54  ; 3       ; Clock enable              ; no     ; --                   ; --               ; --                        ;
; background_engine:background|tilemap_memory:tilemap|memory~12177 ; LABCELL_X17_Y59_N39  ; 3       ; Clock enable              ; no     ; --                   ; --               ; --                        ;
; background_engine:background|tilemap_memory:tilemap|memory~12178 ; LABCELL_X29_Y61_N15  ; 3       ; Clock enable              ; no     ; --                   ; --               ; --                        ;
; background_engine:background|tilemap_memory:tilemap|memory~12179 ; LABCELL_X13_Y56_N48  ; 3       ; Clock enable              ; no     ; --                   ; --               ; --                        ;
; background_engine:background|tilemap_memory:tilemap|memory~12180 ; MLABCELL_X15_Y61_N24 ; 3       ; Clock enable              ; no     ; --                   ; --               ; --                        ;
; background_engine:background|tilemap_memory:tilemap|memory~12181 ; LABCELL_X29_Y56_N45  ; 3       ; Clock enable              ; no     ; --                   ; --               ; --                        ;
; background_engine:background|tilemap_memory:tilemap|memory~12182 ; LABCELL_X23_Y62_N54  ; 3       ; Clock enable              ; no     ; --                   ; --               ; --                        ;
; background_engine:background|tilemap_memory:tilemap|memory~12183 ; MLABCELL_X21_Y57_N6  ; 3       ; Clock enable              ; no     ; --                   ; --               ; --                        ;
; background_engine:background|tilemap_memory:tilemap|memory~12184 ; MLABCELL_X15_Y61_N30 ; 3       ; Clock enable              ; no     ; --                   ; --               ; --                        ;
; background_engine:background|tilemap_memory:tilemap|memory~12185 ; LABCELL_X23_Y58_N39  ; 3       ; Clock enable              ; no     ; --                   ; --               ; --                        ;
; background_engine:background|tilemap_memory:tilemap|memory~12186 ; LABCELL_X23_Y58_N54  ; 3       ; Clock enable              ; no     ; --                   ; --               ; --                        ;
; background_engine:background|tilemap_memory:tilemap|memory~12187 ; LABCELL_X17_Y59_N54  ; 3       ; Clock enable              ; no     ; --                   ; --               ; --                        ;
; background_engine:background|tilemap_memory:tilemap|memory~12188 ; LABCELL_X24_Y56_N9   ; 3       ; Clock enable              ; no     ; --                   ; --               ; --                        ;
; background_engine:background|tilemap_memory:tilemap|memory~12189 ; LABCELL_X16_Y55_N45  ; 3       ; Clock enable              ; no     ; --                   ; --               ; --                        ;
; background_engine:background|tilemap_memory:tilemap|memory~12190 ; LABCELL_X16_Y61_N21  ; 3       ; Clock enable              ; no     ; --                   ; --               ; --                        ;
; background_engine:background|tilemap_memory:tilemap|memory~12191 ; LABCELL_X29_Y63_N0   ; 3       ; Clock enable              ; no     ; --                   ; --               ; --                        ;
; background_engine:background|tilemap_memory:tilemap|memory~12192 ; LABCELL_X29_Y63_N36  ; 3       ; Clock enable              ; no     ; --                   ; --               ; --                        ;
; background_engine:background|tilemap_memory:tilemap|memory~12193 ; LABCELL_X30_Y63_N12  ; 3       ; Clock enable              ; no     ; --                   ; --               ; --                        ;
; background_engine:background|tilemap_memory:tilemap|memory~12194 ; LABCELL_X29_Y56_N51  ; 3       ; Clock enable              ; no     ; --                   ; --               ; --                        ;
; background_engine:background|tilemap_memory:tilemap|memory~12195 ; MLABCELL_X28_Y64_N3  ; 3       ; Clock enable              ; no     ; --                   ; --               ; --                        ;
; background_engine:background|tilemap_memory:tilemap|memory~12196 ; MLABCELL_X28_Y64_N42 ; 3       ; Clock enable              ; no     ; --                   ; --               ; --                        ;
; background_engine:background|tilemap_memory:tilemap|memory~12197 ; MLABCELL_X28_Y64_N0  ; 3       ; Clock enable              ; no     ; --                   ; --               ; --                        ;
; background_engine:background|tilemap_memory:tilemap|memory~12198 ; LABCELL_X45_Y56_N0   ; 3       ; Clock enable              ; no     ; --                   ; --               ; --                        ;
; background_engine:background|tilemap_memory:tilemap|memory~12199 ; LABCELL_X42_Y57_N36  ; 3       ; Clock enable              ; no     ; --                   ; --               ; --                        ;
; background_engine:background|tilemap_memory:tilemap|memory~12200 ; LABCELL_X29_Y61_N6   ; 3       ; Clock enable              ; no     ; --                   ; --               ; --                        ;
; background_engine:background|tilemap_memory:tilemap|memory~12201 ; LABCELL_X29_Y62_N12  ; 3       ; Clock enable              ; no     ; --                   ; --               ; --                        ;
; background_engine:background|tilemap_memory:tilemap|memory~12202 ; LABCELL_X29_Y63_N30  ; 3       ; Clock enable              ; no     ; --                   ; --               ; --                        ;
; background_engine:background|tilemap_memory:tilemap|memory~12203 ; LABCELL_X29_Y61_N3   ; 3       ; Clock enable              ; no     ; --                   ; --               ; --                        ;
; background_engine:background|tilemap_memory:tilemap|memory~12204 ; LABCELL_X30_Y63_N45  ; 3       ; Clock enable              ; no     ; --                   ; --               ; --                        ;
; background_engine:background|tilemap_memory:tilemap|memory~12206 ; MLABCELL_X25_Y59_N3  ; 3       ; Clock enable              ; no     ; --                   ; --               ; --                        ;
; background_engine:background|tilemap_memory:tilemap|memory~12207 ; LABCELL_X24_Y59_N39  ; 3       ; Clock enable              ; no     ; --                   ; --               ; --                        ;
; background_engine:background|tilemap_memory:tilemap|memory~12208 ; MLABCELL_X28_Y61_N6  ; 3       ; Clock enable              ; no     ; --                   ; --               ; --                        ;
; background_engine:background|tilemap_memory:tilemap|memory~12209 ; LABCELL_X24_Y57_N30  ; 3       ; Clock enable              ; no     ; --                   ; --               ; --                        ;
; background_engine:background|tilemap_memory:tilemap|memory~12210 ; MLABCELL_X34_Y60_N6  ; 3       ; Clock enable              ; no     ; --                   ; --               ; --                        ;
; background_engine:background|tilemap_memory:tilemap|memory~12211 ; MLABCELL_X25_Y59_N18 ; 3       ; Clock enable              ; no     ; --                   ; --               ; --                        ;
; background_engine:background|tilemap_memory:tilemap|memory~12212 ; LABCELL_X24_Y59_N36  ; 3       ; Clock enable              ; no     ; --                   ; --               ; --                        ;
; background_engine:background|tilemap_memory:tilemap|memory~12213 ; MLABCELL_X25_Y59_N27 ; 3       ; Clock enable              ; no     ; --                   ; --               ; --                        ;
; background_engine:background|tilemap_memory:tilemap|memory~12214 ; LABCELL_X30_Y61_N45  ; 3       ; Clock enable              ; no     ; --                   ; --               ; --                        ;
; background_engine:background|tilemap_memory:tilemap|memory~12215 ; MLABCELL_X21_Y63_N0  ; 3       ; Clock enable              ; no     ; --                   ; --               ; --                        ;
; background_engine:background|tilemap_memory:tilemap|memory~12216 ; LABCELL_X30_Y62_N0   ; 3       ; Clock enable              ; no     ; --                   ; --               ; --                        ;
; background_engine:background|tilemap_memory:tilemap|memory~12217 ; MLABCELL_X21_Y63_N45 ; 3       ; Clock enable              ; no     ; --                   ; --               ; --                        ;
; background_engine:background|tilemap_memory:tilemap|memory~12218 ; MLABCELL_X21_Y63_N36 ; 3       ; Clock enable              ; no     ; --                   ; --               ; --                        ;
; background_engine:background|tilemap_memory:tilemap|memory~12219 ; LABCELL_X31_Y62_N6   ; 3       ; Clock enable              ; no     ; --                   ; --               ; --                        ;
; background_engine:background|tilemap_memory:tilemap|memory~12220 ; LABCELL_X33_Y60_N27  ; 3       ; Clock enable              ; no     ; --                   ; --               ; --                        ;
; background_engine:background|tilemap_memory:tilemap|memory~12221 ; LABCELL_X19_Y61_N48  ; 3       ; Clock enable              ; no     ; --                   ; --               ; --                        ;
; background_engine:background|tilemap_memory:tilemap|memory~12222 ; LABCELL_X24_Y57_N39  ; 3       ; Clock enable              ; no     ; --                   ; --               ; --                        ;
; background_engine:background|tilemap_memory:tilemap|memory~12223 ; LABCELL_X19_Y59_N48  ; 3       ; Clock enable              ; no     ; --                   ; --               ; --                        ;
; background_engine:background|tilemap_memory:tilemap|memory~12224 ; LABCELL_X19_Y60_N57  ; 3       ; Clock enable              ; no     ; --                   ; --               ; --                        ;
; background_engine:background|tilemap_memory:tilemap|memory~12225 ; LABCELL_X24_Y57_N42  ; 3       ; Clock enable              ; no     ; --                   ; --               ; --                        ;
; background_engine:background|tilemap_memory:tilemap|memory~12226 ; MLABCELL_X34_Y56_N21 ; 3       ; Clock enable              ; no     ; --                   ; --               ; --                        ;
; background_engine:background|tilemap_memory:tilemap|memory~12227 ; MLABCELL_X15_Y57_N24 ; 3       ; Clock enable              ; no     ; --                   ; --               ; --                        ;
; background_engine:background|tilemap_memory:tilemap|memory~12228 ; LABCELL_X23_Y57_N39  ; 3       ; Clock enable              ; no     ; --                   ; --               ; --                        ;
; background_engine:background|tilemap_memory:tilemap|memory~12229 ; LABCELL_X23_Y60_N54  ; 3       ; Clock enable              ; no     ; --                   ; --               ; --                        ;
; background_engine:background|tilemap_memory:tilemap|memory~12230 ; LABCELL_X19_Y59_N57  ; 3       ; Clock enable              ; no     ; --                   ; --               ; --                        ;
; background_engine:background|tilemap_memory:tilemap|memory~12231 ; LABCELL_X24_Y57_N21  ; 3       ; Clock enable              ; no     ; --                   ; --               ; --                        ;
; background_engine:background|tilemap_memory:tilemap|memory~12232 ; LABCELL_X23_Y59_N54  ; 3       ; Clock enable              ; no     ; --                   ; --               ; --                        ;
; background_engine:background|tilemap_memory:tilemap|memory~12233 ; MLABCELL_X28_Y58_N48 ; 3       ; Clock enable              ; no     ; --                   ; --               ; --                        ;
; background_engine:background|tilemap_memory:tilemap|memory~12234 ; MLABCELL_X28_Y58_N0  ; 3       ; Clock enable              ; no     ; --                   ; --               ; --                        ;
; background_engine:background|tilemap_memory:tilemap|memory~12235 ; MLABCELL_X28_Y59_N15 ; 3       ; Clock enable              ; no     ; --                   ; --               ; --                        ;
; background_engine:background|tilemap_memory:tilemap|memory~12236 ; MLABCELL_X28_Y59_N45 ; 3       ; Clock enable              ; no     ; --                   ; --               ; --                        ;
; background_engine:background|tilemap_memory:tilemap|memory~12237 ; MLABCELL_X21_Y59_N24 ; 3       ; Clock enable              ; no     ; --                   ; --               ; --                        ;
; background_engine:background|tilemap_memory:tilemap|memory~12238 ; LABCELL_X24_Y57_N15  ; 3       ; Clock enable              ; no     ; --                   ; --               ; --                        ;
; background_engine:background|tilemap_memory:tilemap|memory~12239 ; LABCELL_X18_Y59_N33  ; 3       ; Clock enable              ; no     ; --                   ; --               ; --                        ;
; background_engine:background|tilemap_memory:tilemap|memory~12240 ; LABCELL_X24_Y61_N45  ; 3       ; Clock enable              ; no     ; --                   ; --               ; --                        ;
; background_engine:background|tilemap_memory:tilemap|memory~12241 ; LABCELL_X24_Y63_N45  ; 3       ; Clock enable              ; no     ; --                   ; --               ; --                        ;
; background_engine:background|tilemap_memory:tilemap|memory~12242 ; LABCELL_X23_Y63_N12  ; 3       ; Clock enable              ; no     ; --                   ; --               ; --                        ;
; background_engine:background|tilemap_memory:tilemap|memory~12243 ; LABCELL_X18_Y59_N39  ; 3       ; Clock enable              ; no     ; --                   ; --               ; --                        ;
; background_engine:background|tilemap_memory:tilemap|memory~12244 ; LABCELL_X18_Y59_N3   ; 3       ; Clock enable              ; no     ; --                   ; --               ; --                        ;
; background_engine:background|tilemap_memory:tilemap|memory~12245 ; LABCELL_X29_Y59_N24  ; 3       ; Clock enable              ; no     ; --                   ; --               ; --                        ;
; background_engine:background|tilemap_memory:tilemap|memory~12246 ; MLABCELL_X21_Y59_N9  ; 3       ; Clock enable              ; no     ; --                   ; --               ; --                        ;
; background_engine:background|tilemap_memory:tilemap|memory~12247 ; MLABCELL_X21_Y59_N36 ; 3       ; Clock enable              ; no     ; --                   ; --               ; --                        ;
; background_engine:background|tilemap_memory:tilemap|memory~12248 ; LABCELL_X24_Y60_N18  ; 3       ; Clock enable              ; no     ; --                   ; --               ; --                        ;
; background_engine:background|tilemap_memory:tilemap|memory~12249 ; MLABCELL_X15_Y59_N18 ; 3       ; Clock enable              ; no     ; --                   ; --               ; --                        ;
; background_engine:background|tilemap_memory:tilemap|memory~12250 ; LABCELL_X24_Y57_N18  ; 3       ; Clock enable              ; no     ; --                   ; --               ; --                        ;
; background_engine:background|tilemap_memory:tilemap|memory~12251 ; LABCELL_X24_Y57_N33  ; 3       ; Clock enable              ; no     ; --                   ; --               ; --                        ;
; background_engine:background|tilemap_memory:tilemap|memory~12252 ; LABCELL_X29_Y59_N36  ; 3       ; Clock enable              ; no     ; --                   ; --               ; --                        ;
; background_engine:background|tilemap_memory:tilemap|memory~12253 ; LABCELL_X23_Y59_N27  ; 3       ; Clock enable              ; no     ; --                   ; --               ; --                        ;
; background_engine:background|tilemap_memory:tilemap|memory~12254 ; MLABCELL_X25_Y59_N15 ; 3       ; Clock enable              ; no     ; --                   ; --               ; --                        ;
; background_engine:background|tilemap_memory:tilemap|memory~12255 ; MLABCELL_X25_Y60_N9  ; 3       ; Clock enable              ; no     ; --                   ; --               ; --                        ;
; background_engine:background|tilemap_memory:tilemap|memory~12256 ; LABCELL_X24_Y57_N51  ; 3       ; Clock enable              ; no     ; --                   ; --               ; --                        ;
; background_engine:background|tilemap_memory:tilemap|memory~12257 ; LABCELL_X24_Y57_N54  ; 3       ; Clock enable              ; no     ; --                   ; --               ; --                        ;
; background_engine:background|tilemap_memory:tilemap|memory~12258 ; LABCELL_X24_Y57_N12  ; 3       ; Clock enable              ; no     ; --                   ; --               ; --                        ;
; background_engine:background|tilemap_memory:tilemap|memory~9928  ; LABCELL_X35_Y69_N18  ; 4       ; Clock enable              ; no     ; --                   ; --               ; --                        ;
; background_engine:background|tilemap_memory:tilemap|memory~9930  ; LABCELL_X35_Y67_N33  ; 5       ; Clock enable              ; no     ; --                   ; --               ; --                        ;
; background_engine:background|tilemap_memory:tilemap|memory~9932  ; LABCELL_X35_Y67_N15  ; 5       ; Clock enable              ; no     ; --                   ; --               ; --                        ;
; background_engine:background|tilemap_memory:tilemap|memory~9934  ; LABCELL_X33_Y68_N21  ; 5       ; Clock enable              ; no     ; --                   ; --               ; --                        ;
; background_engine:background|tilemap_memory:tilemap|memory~9936  ; LABCELL_X30_Y68_N12  ; 5       ; Clock enable              ; no     ; --                   ; --               ; --                        ;
; background_engine:background|tilemap_memory:tilemap|memory~9938  ; LABCELL_X30_Y66_N51  ; 4       ; Clock enable              ; no     ; --                   ; --               ; --                        ;
; background_engine:background|tilemap_memory:tilemap|memory~9940  ; MLABCELL_X34_Y67_N9  ; 4       ; Clock enable              ; no     ; --                   ; --               ; --                        ;
; background_engine:background|tilemap_memory:tilemap|memory~9942  ; MLABCELL_X34_Y67_N57 ; 4       ; Clock enable              ; no     ; --                   ; --               ; --                        ;
; background_engine:background|tilemap_memory:tilemap|memory~9944  ; LABCELL_X35_Y68_N18  ; 6       ; Clock enable              ; no     ; --                   ; --               ; --                        ;
; background_engine:background|tilemap_memory:tilemap|memory~9946  ; LABCELL_X33_Y69_N18  ; 4       ; Clock enable              ; no     ; --                   ; --               ; --                        ;
; background_engine:background|tilemap_memory:tilemap|memory~9948  ; LABCELL_X30_Y59_N45  ; 5       ; Clock enable              ; no     ; --                   ; --               ; --                        ;
; background_engine:background|tilemap_memory:tilemap|memory~9950  ; LABCELL_X29_Y68_N33  ; 5       ; Clock enable              ; no     ; --                   ; --               ; --                        ;
; background_engine:background|tilemap_memory:tilemap|memory~9952  ; LABCELL_X33_Y65_N18  ; 4       ; Clock enable              ; no     ; --                   ; --               ; --                        ;
; background_engine:background|tilemap_memory:tilemap|memory~9953  ; LABCELL_X33_Y65_N42  ; 4       ; Clock enable              ; no     ; --                   ; --               ; --                        ;
; background_engine:background|tilemap_memory:tilemap|memory~9955  ; MLABCELL_X25_Y61_N0  ; 4       ; Clock enable              ; no     ; --                   ; --               ; --                        ;
; background_engine:background|tilemap_memory:tilemap|memory~9956  ; MLABCELL_X25_Y61_N24 ; 4       ; Clock enable              ; no     ; --                   ; --               ; --                        ;
; background_engine:background|tilemap_memory:tilemap|memory~9958  ; LABCELL_X19_Y63_N3   ; 4       ; Clock enable              ; no     ; --                   ; --               ; --                        ;
; background_engine:background|tilemap_memory:tilemap|memory~9959  ; MLABCELL_X28_Y68_N27 ; 4       ; Clock enable              ; no     ; --                   ; --               ; --                        ;
; background_engine:background|tilemap_memory:tilemap|memory~9961  ; MLABCELL_X39_Y58_N51 ; 4       ; Clock enable              ; no     ; --                   ; --               ; --                        ;
; background_engine:background|tilemap_memory:tilemap|memory~9962  ; MLABCELL_X47_Y58_N54 ; 4       ; Clock enable              ; no     ; --                   ; --               ; --                        ;
; background_engine:background|tilemap_memory:tilemap|memory~9963  ; LABCELL_X40_Y58_N12  ; 4       ; Clock enable              ; no     ; --                   ; --               ; --                        ;
; background_engine:background|tilemap_memory:tilemap|memory~9964  ; LABCELL_X40_Y58_N54  ; 4       ; Clock enable              ; no     ; --                   ; --               ; --                        ;
; background_engine:background|tilemap_memory:tilemap|memory~9966  ; LABCELL_X31_Y65_N48  ; 4       ; Clock enable              ; no     ; --                   ; --               ; --                        ;
; background_engine:background|tilemap_memory:tilemap|memory~9967  ; LABCELL_X33_Y64_N30  ; 4       ; Clock enable              ; no     ; --                   ; --               ; --                        ;
; background_engine:background|tilemap_memory:tilemap|memory~9968  ; LABCELL_X36_Y66_N45  ; 4       ; Clock enable              ; no     ; --                   ; --               ; --                        ;
; background_engine:background|tilemap_memory:tilemap|memory~9970  ; LABCELL_X36_Y66_N54  ; 4       ; Clock enable              ; no     ; --                   ; --               ; --                        ;
; background_engine:background|tilemap_memory:tilemap|memory~9972  ; LABCELL_X42_Y61_N57  ; 4       ; Clock enable              ; no     ; --                   ; --               ; --                        ;
; background_engine:background|tilemap_memory:tilemap|memory~9973  ; LABCELL_X42_Y61_N6   ; 4       ; Clock enable              ; no     ; --                   ; --               ; --                        ;
; background_engine:background|tilemap_memory:tilemap|memory~9974  ; LABCELL_X42_Y61_N54  ; 4       ; Clock enable              ; no     ; --                   ; --               ; --                        ;
; background_engine:background|tilemap_memory:tilemap|memory~9976  ; LABCELL_X36_Y62_N18  ; 4       ; Clock enable              ; no     ; --                   ; --               ; --                        ;
; background_engine:background|tilemap_memory:tilemap|memory~9978  ; LABCELL_X37_Y62_N18  ; 4       ; Clock enable              ; no     ; --                   ; --               ; --                        ;
; background_engine:background|tilemap_memory:tilemap|memory~9979  ; MLABCELL_X39_Y64_N27 ; 4       ; Clock enable              ; no     ; --                   ; --               ; --                        ;
; background_engine:background|tilemap_memory:tilemap|memory~9980  ; MLABCELL_X39_Y64_N39 ; 4       ; Clock enable              ; no     ; --                   ; --               ; --                        ;
; background_engine:background|tilemap_memory:tilemap|memory~9982  ; MLABCELL_X39_Y64_N36 ; 4       ; Clock enable              ; no     ; --                   ; --               ; --                        ;
; background_engine:background|tilemap_memory:tilemap|memory~9983  ; LABCELL_X40_Y59_N21  ; 4       ; Clock enable              ; no     ; --                   ; --               ; --                        ;
; background_engine:background|tilemap_memory:tilemap|memory~9985  ; LABCELL_X40_Y59_N57  ; 4       ; Clock enable              ; no     ; --                   ; --               ; --                        ;
; background_engine:background|tilemap_memory:tilemap|memory~9987  ; LABCELL_X40_Y59_N54  ; 4       ; Clock enable              ; no     ; --                   ; --               ; --                        ;
; background_engine:background|tilemap_memory:tilemap|memory~9989  ; LABCELL_X33_Y59_N33  ; 4       ; Clock enable              ; no     ; --                   ; --               ; --                        ;
; background_engine:background|tilemap_memory:tilemap|memory~9990  ; MLABCELL_X39_Y59_N3  ; 4       ; Clock enable              ; no     ; --                   ; --               ; --                        ;
; background_engine:background|tilemap_memory:tilemap|memory~9992  ; LABCELL_X35_Y59_N57  ; 4       ; Clock enable              ; no     ; --                   ; --               ; --                        ;
; background_engine:background|tilemap_memory:tilemap|memory~9994  ; LABCELL_X40_Y59_N15  ; 4       ; Clock enable              ; no     ; --                   ; --               ; --                        ;
; background_engine:background|tilemap_memory:tilemap|memory~9995  ; LABCELL_X33_Y59_N39  ; 4       ; Clock enable              ; no     ; --                   ; --               ; --                        ;
; background_engine:background|tilemap_memory:tilemap|memory~9996  ; LABCELL_X37_Y59_N21  ; 4       ; Clock enable              ; no     ; --                   ; --               ; --                        ;
; background_engine:background|tilemap_memory:tilemap|memory~9998  ; LABCELL_X37_Y59_N45  ; 4       ; Clock enable              ; no     ; --                   ; --               ; --                        ;
; patch_x[2]~1                                                     ; LABCELL_X30_Y45_N21  ; 3       ; Clock enable              ; no     ; --                   ; --               ; --                        ;
; patch_y[2]~1                                                     ; LABCELL_X29_Y56_N6   ; 3       ; Clock enable              ; no     ; --                   ; --               ; --                        ;
; pixel_clock                                                      ; FF_X18_Y21_N20       ; 3959    ; Clock                     ; yes    ; Global Clock         ; GCLK2            ; --                        ;
; release_counter[14]~0                                            ; LABCELL_X36_Y47_N48  ; 18      ; Sync. clear               ; no     ; --                   ; --               ; --                        ;
; release_counter[14]~1                                            ; LABCELL_X36_Y47_N30  ; 18      ; Clock enable              ; no     ; --                   ; --               ; --                        ;
; vga_timing:timing|h_count[0]~0                                   ; LABCELL_X18_Y66_N39  ; 20      ; Clock enable, Sync. clear ; no     ; --                   ; --               ; --                        ;
; vga_timing:timing|v_count[8]~0                                   ; LABCELL_X19_Y66_N18  ; 10      ; Sync. clear               ; no     ; --                   ; --               ; --                        ;
+------------------------------------------------------------------+----------------------+---------+---------------------------+--------+----------------------+------------------+---------------------------+


+--------------------------------------------------------------------------------------------------------------+
; Global & Other Fast Signals                                                                                  ;
+-------------+----------------+---------+----------------------+------------------+---------------------------+
; Name        ; Location       ; Fan-Out ; Global Resource Used ; Global Line Name ; Enable Signal Source Name ;
+-------------+----------------+---------+----------------------+------------------+---------------------------+
; pixel_clock ; FF_X18_Y21_N20 ; 3959    ; Global Clock         ; GCLK2            ; --                        ;
+-------------+----------------+---------+----------------------+------------------+---------------------------+


+------------------------------------------------+
; Non-Global High Fan-Out Signals                ;
+--------------------------------------+---------+
; Name                                 ; Fan-Out ;
+--------------------------------------+---------+
; patch_mode                           ; 3601    ;
; Add2~1                               ; 1218    ;
; Add2~9                               ; 1218    ;
; Add2~5                               ; 757     ;
; Add2~13                              ; 757     ;
; vga_timing:timing|h_count[6]         ; 555     ;
; background_engine:background|Add0~25 ; 551     ;
; background_engine:background|Add0~21 ; 544     ;
; background_engine:background|Add0~29 ; 517     ;
+--------------------------------------+---------+


+------------------------------------------------------------------------+
; Routing Usage Summary                                                  ;
+---------------------------------------------+--------------------------+
; Routing Resource Type                       ; Usage                    ;
+---------------------------------------------+--------------------------+
; Block interconnects                         ; 11,707 / 289,320 ( 4 % ) ;
; C12 interconnects                           ; 217 / 13,420 ( 2 % )     ;
; C2 interconnects                            ; 3,383 / 119,108 ( 3 % )  ;
; C4 interconnects                            ; 2,533 / 56,300 ( 4 % )   ;
; DQS bus muxes                               ; 0 / 25 ( 0 % )           ;
; DQS-18 I/O buses                            ; 0 / 25 ( 0 % )           ;
; DQS-9 I/O buses                             ; 0 / 25 ( 0 % )           ;
; Direct links                                ; 452 / 289,320 ( < 1 % )  ;
; Global clocks                               ; 1 / 16 ( 6 % )           ;
; HPS SDRAM PLL inputs                        ; 0 / 1 ( 0 % )            ;
; HPS SDRAM PLL outputs                       ; 0 / 1 ( 0 % )            ;
; HPS_INTERFACE_BOOT_FROM_FPGA_INPUTs         ; 0 / 9 ( 0 % )            ;
; HPS_INTERFACE_CLOCKS_RESETS_INPUTs          ; 0 / 7 ( 0 % )            ;
; HPS_INTERFACE_CLOCKS_RESETS_OUTPUTs         ; 0 / 6 ( 0 % )            ;
; HPS_INTERFACE_CROSS_TRIGGER_INPUTs          ; 0 / 18 ( 0 % )           ;
; HPS_INTERFACE_CROSS_TRIGGER_OUTPUTs         ; 0 / 24 ( 0 % )           ;
; HPS_INTERFACE_DBG_APB_INPUTs                ; 0 / 37 ( 0 % )           ;
; HPS_INTERFACE_DBG_APB_OUTPUTs               ; 0 / 55 ( 0 % )           ;
; HPS_INTERFACE_DMA_INPUTs                    ; 0 / 16 ( 0 % )           ;
; HPS_INTERFACE_DMA_OUTPUTs                   ; 0 / 8 ( 0 % )            ;
; HPS_INTERFACE_FPGA2HPS_INPUTs               ; 0 / 287 ( 0 % )          ;
; HPS_INTERFACE_FPGA2HPS_OUTPUTs              ; 0 / 154 ( 0 % )          ;
; HPS_INTERFACE_FPGA2SDRAM_INPUTs             ; 0 / 852 ( 0 % )          ;
; HPS_INTERFACE_FPGA2SDRAM_OUTPUTs            ; 0 / 408 ( 0 % )          ;
; HPS_INTERFACE_HPS2FPGA_INPUTs               ; 0 / 165 ( 0 % )          ;
; HPS_INTERFACE_HPS2FPGA_LIGHT_WEIGHT_INPUTs  ; 0 / 67 ( 0 % )           ;
; HPS_INTERFACE_HPS2FPGA_LIGHT_WEIGHT_OUTPUTs ; 0 / 156 ( 0 % )          ;
; HPS_INTERFACE_HPS2FPGA_OUTPUTs              ; 0 / 282 ( 0 % )          ;
; HPS_INTERFACE_INTERRUPTS_INPUTs             ; 0 / 64 ( 0 % )           ;
; HPS_INTERFACE_INTERRUPTS_OUTPUTs            ; 0 / 42 ( 0 % )           ;
; HPS_INTERFACE_JTAG_OUTPUTs                  ; 0 / 5 ( 0 % )            ;
; HPS_INTERFACE_LOAN_IO_INPUTs                ; 0 / 142 ( 0 % )          ;
; HPS_INTERFACE_LOAN_IO_OUTPUTs               ; 0 / 85 ( 0 % )           ;
; HPS_INTERFACE_MPU_EVENT_STANDBY_INPUTs      ; 0 / 1 ( 0 % )            ;
; HPS_INTERFACE_MPU_EVENT_STANDBY_OUTPUTs     ; 0 / 5 ( 0 % )            ;
; HPS_INTERFACE_MPU_GENERAL_PURPOSE_INPUTs    ; 0 / 32 ( 0 % )           ;
; HPS_INTERFACE_MPU_GENERAL_PURPOSE_OUTPUTs   ; 0 / 32 ( 0 % )           ;
; HPS_INTERFACE_PERIPHERAL_CAN_INPUTs         ; 0 / 2 ( 0 % )            ;
; HPS_INTERFACE_PERIPHERAL_CAN_OUTPUTs        ; 0 / 2 ( 0 % )            ;
; HPS_INTERFACE_PERIPHERAL_EMAC_INPUTs        ; 0 / 32 ( 0 % )           ;
; HPS_INTERFACE_PERIPHERAL_EMAC_OUTPUTs       ; 0 / 34 ( 0 % )           ;
; HPS_INTERFACE_PERIPHERAL_I2C_INPUTs         ; 0 / 8 ( 0 % )            ;
; HPS_INTERFACE_PERIPHERAL_I2C_OUTPUTs        ; 0 / 8 ( 0 % )            ;
; HPS_INTERFACE_PERIPHERAL_NAND_INPUTs        ; 0 / 12 ( 0 % )           ;
; HPS_INTERFACE_PERIPHERAL_NAND_OUTPUTs       ; 0 / 18 ( 0 % )           ;
; HPS_INTERFACE_PERIPHERAL_QSPI_INPUTs        ; 0 / 4 ( 0 % )            ;
; HPS_INTERFACE_PERIPHERAL_QSPI_OUTPUTs       ; 0 / 13 ( 0 % )           ;
; HPS_INTERFACE_PERIPHERAL_SDMMC_INPUTs       ; 0 / 13 ( 0 % )           ;
; HPS_INTERFACE_PERIPHERAL_SDMMC_OUTPUTs      ; 0 / 22 ( 0 % )           ;
; HPS_INTERFACE_PERIPHERAL_SPI_MASTER_INPUTs  ; 0 / 4 ( 0 % )            ;
; HPS_INTERFACE_PERIPHERAL_SPI_MASTER_OUTPUTs ; 0 / 14 ( 0 % )           ;
; HPS_INTERFACE_PERIPHERAL_SPI_SLAVE_INPUTs   ; 0 / 6 ( 0 % )            ;
; HPS_INTERFACE_PERIPHERAL_SPI_SLAVE_OUTPUTs  ; 0 / 4 ( 0 % )            ;
; HPS_INTERFACE_PERIPHERAL_UART_INPUTs        ; 0 / 10 ( 0 % )           ;
; HPS_INTERFACE_PERIPHERAL_UART_OUTPUTs       ; 0 / 10 ( 0 % )           ;
; HPS_INTERFACE_PERIPHERAL_USB_INPUTs         ; 0 / 22 ( 0 % )           ;
; HPS_INTERFACE_PERIPHERAL_USB_OUTPUTs        ; 0 / 34 ( 0 % )           ;
; HPS_INTERFACE_STM_EVENT_INPUTs              ; 0 / 28 ( 0 % )           ;
; HPS_INTERFACE_TEST_INPUTs                   ; 0 / 610 ( 0 % )          ;
; HPS_INTERFACE_TEST_OUTPUTs                  ; 0 / 513 ( 0 % )          ;
; HPS_INTERFACE_TPIU_TRACE_INPUTs             ; 0 / 2 ( 0 % )            ;
; HPS_INTERFACE_TPIU_TRACE_OUTPUTs            ; 0 / 33 ( 0 % )           ;
; Horizontal periphery clocks                 ; 0 / 72 ( 0 % )           ;
; Local interconnects                         ; 1,922 / 84,580 ( 2 % )   ;
; Quadrant clocks                             ; 0 / 66 ( 0 % )           ;
; R14 interconnects                           ; 361 / 12,676 ( 3 % )     ;
; R14/C12 interconnect drivers                ; 455 / 20,720 ( 2 % )     ;
; R3 interconnects                            ; 4,480 / 130,992 ( 3 % )  ;
; R6 interconnects                            ; 7,364 / 266,960 ( 3 % )  ;
; Spine clocks                                ; 4 / 360 ( 1 % )          ;
; Wire stub REs                               ; 0 / 15,858 ( 0 % )       ;
+---------------------------------------------+--------------------------+


+------------------------------------------+
; I/O Rules Summary                        ;
+----------------------------------+-------+
; I/O Rules Statistic              ; Total ;
+----------------------------------+-------+
; Total I/O Rules                  ; 28    ;
; Number of I/O Rules Passed       ; 9     ;
; Number of I/O Rules Failed       ; 0     ;
; Number of I/O Rules Unchecked    ; 0     ;
; Number of I/O Rules Inapplicable ; 19    ;
+----------------------------------+-------+


+-----------------------------------------------------------------------------------------------------------------------------------------------------------------------------------------------------------------------------------------------------------------------------------+
; I/O Rules Details                                                                                                                                                                                                                                                                 ;
+--------------+-----------+-----------------------------------+------------------------------------------------------------------------------------+----------+--------------------------------------------------------------------------+---------------------+-------------------+
; Status       ; ID        ; Category                          ; Rule Description                                                                   ; Severity ; Information                                                              ; Area                ; Extra Information ;
+--------------+-----------+-----------------------------------+------------------------------------------------------------------------------------+----------+--------------------------------------------------------------------------+---------------------+-------------------+
; Pass         ; IO_000001 ; Capacity Checks                   ; Number of pins in an I/O bank should not exceed the number of locations available. ; Critical ; 0 such failures found.                                                   ; I/O                 ;                   ;
; Inapplicable ; IO_000002 ; Capacity Checks                   ; Number of clocks in an I/O bank should not exceed the number of clocks available.  ; Critical ; No Global Signal assignments found.                                      ; I/O                 ;                   ;
; Pass         ; IO_000003 ; Capacity Checks                   ; Number of pins in a Vrefgroup should not exceed the number of locations available. ; Critical ; 0 such failures found.                                                   ; I/O                 ;                   ;
; Inapplicable ; IO_000004 ; Voltage Compatibility Checks      ; The I/O bank should support the requested VCCIO.                                   ; Critical ; No IOBANK_VCCIO assignments found.                                       ; I/O                 ;                   ;
; Inapplicable ; IO_000005 ; Voltage Compatibility Checks      ; The I/O bank should not have competing VREF values.                                ; Critical ; No VREF I/O Standard assignments found.                                  ; I/O                 ;                   ;
; Pass         ; IO_000006 ; Voltage Compatibility Checks      ; The I/O bank should not have competing VCCIO values.                               ; Critical ; 0 such failures found.                                                   ; I/O                 ;                   ;
; Pass         ; IO_000007 ; Valid Location Checks             ; Checks for unavailable locations.                                                  ; Critical ; 0 such failures found.                                                   ; I/O                 ;                   ;
; Inapplicable ; IO_000008 ; Valid Location Checks             ; Checks for reserved locations.                                                     ; Critical ; No reserved LogicLock region found.                                      ; I/O                 ;                   ;
; Pass         ; IO_000009 ; I/O Properties Checks for One I/O ; The location should support the requested I/O standard.                            ; Critical ; 0 such failures found.                                                   ; I/O                 ;                   ;
; Pass         ; IO_000010 ; I/O Properties Checks for One I/O ; The location should support the requested I/O direction.                           ; Critical ; 0 such failures found.                                                   ; I/O                 ;                   ;
; Inapplicable ; IO_000011 ; I/O Properties Checks for One I/O ; The location should support the requested Current Strength.                        ; Critical ; No Current Strength assignments found.                                   ; I/O                 ;                   ;
; Pass         ; IO_000012 ; I/O Properties Checks for One I/O ; The location should support the requested On Chip Termination value.               ; Critical ; 0 such failures found.                                                   ; I/O                 ;                   ;
; Inapplicable ; IO_000013 ; I/O Properties Checks for One I/O ; The location should support the requested Bus Hold value.                          ; Critical ; No Enable Bus-Hold Circuitry assignments found.                          ; I/O                 ;                   ;
; Inapplicable ; IO_000014 ; I/O Properties Checks for One I/O ; The location should support the requested Weak Pull Up value.                      ; Critical ; No Weak Pull-Up Resistor assignments found.                              ; I/O                 ;                   ;
; Inapplicable ; IO_000015 ; I/O Properties Checks for One I/O ; The location should support the requested PCI Clamp Diode.                         ; Critical ; No Clamping Diode assignments found.                                     ; I/O                 ;                   ;
; Inapplicable ; IO_000018 ; I/O Properties Checks for One I/O ; The I/O standard should support the requested Current Strength.                    ; Critical ; No Current Strength assignments found.                                   ; I/O                 ;                   ;
; Pass         ; IO_000019 ; I/O Properties Checks for One I/O ; The I/O standard should support the requested On Chip Termination value.           ; Critical ; 0 such failures found.                                                   ; I/O                 ;                   ;
; Inapplicable ; IO_000020 ; I/O Properties Checks for One I/O ; The I/O standard should support the requested PCI Clamp Diode.                     ; Critical ; No Clamping Diode assignments found.                                     ; I/O                 ;                   ;
; Inapplicable ; IO_000021 ; I/O Properties Checks for One I/O ; The I/O standard should support the requested Weak Pull Up value.                  ; Critical ; No Weak Pull-Up Resistor assignments found.                              ; I/O                 ;                   ;
; Inapplicable ; IO_000022 ; I/O Properties Checks for One I/O ; The I/O standard should support the requested Bus Hold value.                      ; Critical ; No Enable Bus-Hold Circuitry assignments found.                          ; I/O                 ;                   ;
; Inapplicable ; IO_000023 ; I/O Properties Checks for One I/O ; The I/O standard should support the Open Drain value.                              ; Critical ; No open drain assignments found.                                         ; I/O                 ;                   ;
; Pass         ; IO_000024 ; I/O Properties Checks for One I/O ; The I/O direction should support the On Chip Termination value.                    ; Critical ; 0 such failures found.                                                   ; I/O                 ;                   ;
; Inapplicable ; IO_000026 ; I/O Properties Checks for One I/O ; On Chip Termination and Current Strength should not be used at the same time.      ; Critical ; No Current Strength assignments found.                                   ; I/O                 ;                   ;
; Inapplicable ; IO_000027 ; I/O Properties Checks for One I/O ; Weak Pull Up and Bus Hold should not be used at the same time.                     ; Critical ; No Enable Bus-Hold Circuitry or Weak Pull-Up Resistor assignments found. ; I/O                 ;                   ;
; Inapplicable ; IO_000045 ; I/O Properties Checks for One I/O ; The I/O standard should support the requested Slew Rate value.                     ; Critical ; No Slew Rate assignments found.                                          ; I/O                 ;                   ;
; Inapplicable ; IO_000046 ; I/O Properties Checks for One I/O ; The location should support the requested Slew Rate value.                         ; Critical ; No Slew Rate assignments found.                                          ; I/O                 ;                   ;
; Inapplicable ; IO_000047 ; I/O Properties Checks for One I/O ; On Chip Termination and Slew Rate should not be used at the same time.             ; Critical ; No Slew Rate assignments found.                                          ; I/O                 ;                   ;
; Inapplicable ; IO_000034 ; SI Related Distance Checks        ; Single-ended outputs should be 0 LAB row(s) away from a differential I/O.          ; High     ; No Differential I/O Standard assignments found.                          ; I/O                 ;                   ;
; ----         ; ----      ; Disclaimer                        ; OCT rules are checked but not reported.                                            ; None     ; ----                                                                     ; On Chip Termination ;                   ;
+--------------+-----------+-----------------------------------+------------------------------------------------------------------------------------+----------+--------------------------------------------------------------------------+---------------------+-------------------+


+--------------------------------------------------------------------------------------------------------------------------------------------------------------------------------------------------------------------------------------------------------------------------------------------------------------------------------------------------------------------------------------------------------------------------------------+
; I/O Rules Matrix                                                                                                                                                                                                                                                                                                                                                                                                                     ;
+--------------------+-----------+--------------+-----------+--------------+--------------+-----------+-----------+--------------+-----------+-----------+--------------+--------------+--------------+--------------+--------------+--------------+--------------+--------------+--------------+--------------+--------------+--------------+--------------+--------------+--------------+--------------+--------------+--------------+
; Pin/Rules          ; IO_000001 ; IO_000002    ; IO_000003 ; IO_000004    ; IO_000005    ; IO_000006 ; IO_000007 ; IO_000008    ; IO_000009 ; IO_000010 ; IO_000011    ; IO_000012    ; IO_000013    ; IO_000014    ; IO_000015    ; IO_000018    ; IO_000019    ; IO_000020    ; IO_000021    ; IO_000022    ; IO_000023    ; IO_000024    ; IO_000026    ; IO_000027    ; IO_000045    ; IO_000046    ; IO_000047    ; IO_000034    ;
+--------------------+-----------+--------------+-----------+--------------+--------------+-----------+-----------+--------------+-----------+-----------+--------------+--------------+--------------+--------------+--------------+--------------+--------------+--------------+--------------+--------------+--------------+--------------+--------------+--------------+--------------+--------------+--------------+--------------+
; Total Pass         ; 34        ; 0            ; 34        ; 0            ; 0            ; 34        ; 34        ; 0            ; 34        ; 34        ; 0            ; 29           ; 0            ; 0            ; 0            ; 0            ; 29           ; 0            ; 0            ; 0            ; 0            ; 29           ; 0            ; 0            ; 0            ; 0            ; 0            ; 0            ;
; Total Unchecked    ; 0         ; 0            ; 0         ; 0            ; 0            ; 0         ; 0         ; 0            ; 0         ; 0         ; 0            ; 0            ; 0            ; 0            ; 0            ; 0            ; 0            ; 0            ; 0            ; 0            ; 0            ; 0            ; 0            ; 0            ; 0            ; 0            ; 0            ; 0            ;
; Total Inapplicable ; 0         ; 34           ; 0         ; 34           ; 34           ; 0         ; 0         ; 34           ; 0         ; 0         ; 34           ; 5            ; 34           ; 34           ; 34           ; 34           ; 5            ; 34           ; 34           ; 34           ; 34           ; 5            ; 34           ; 34           ; 34           ; 34           ; 34           ; 34           ;
; Total Fail         ; 0         ; 0            ; 0         ; 0            ; 0            ; 0         ; 0         ; 0            ; 0         ; 0         ; 0            ; 0            ; 0            ; 0            ; 0            ; 0            ; 0            ; 0            ; 0            ; 0            ; 0            ; 0            ; 0            ; 0            ; 0            ; 0            ; 0            ; 0            ;
; KEY[2]             ; Pass      ; Inapplicable ; Pass      ; Inapplicable ; Inapplicable ; Pass      ; Pass      ; Inapplicable ; Pass      ; Pass      ; Inapplicable ; Inapplicable ; Inapplicable ; Inapplicable ; Inapplicable ; Inapplicable ; Inapplicable ; Inapplicable ; Inapplicable ; Inapplicable ; Inapplicable ; Inapplicable ; Inapplicable ; Inapplicable ; Inapplicable ; Inapplicable ; Inapplicable ; Inapplicable ;
; KEY[3]             ; Pass      ; Inapplicable ; Pass      ; Inapplicable ; Inapplicable ; Pass      ; Pass      ; Inapplicable ; Pass      ; Pass      ; Inapplicable ; Inapplicable ; Inapplicable ; Inapplicable ; Inapplicable ; Inapplicable ; Inapplicable ; Inapplicable ; Inapplicable ; Inapplicable ; Inapplicable ; Inapplicable ; Inapplicable ; Inapplicable ; Inapplicable ; Inapplicable ; Inapplicable ; Inapplicable ;
; VGA_CLK            ; Pass      ; Inapplicable ; Pass      ; Inapplicable ; Inapplicable ; Pass      ; Pass      ; Inapplicable ; Pass      ; Pass      ; Inapplicable ; Pass         ; Inapplicable ; Inapplicable ; Inapplicable ; Inapplicable ; Pass         ; Inapplicable ; Inapplicable ; Inapplicable ; Inapplicable ; Pass         ; Inapplicable ; Inapplicable ; Inapplicable ; Inapplicable ; Inapplicable ; Inapplicable ;
; VGA_HS             ; Pass      ; Inapplicable ; Pass      ; Inapplicable ; Inapplicable ; Pass      ; Pass      ; Inapplicable ; Pass      ; Pass      ; Inapplicable ; Pass         ; Inapplicable ; Inapplicable ; Inapplicable ; Inapplicable ; Pass         ; Inapplicable ; Inapplicable ; Inapplicable ; Inapplicable ; Pass         ; Inapplicable ; Inapplicable ; Inapplicable ; Inapplicable ; Inapplicable ; Inapplicable ;
; VGA_VS             ; Pass      ; Inapplicable ; Pass      ; Inapplicable ; Inapplicable ; Pass      ; Pass      ; Inapplicable ; Pass      ; Pass      ; Inapplicable ; Pass         ; Inapplicable ; Inapplicable ; Inapplicable ; Inapplicable ; Pass         ; Inapplicable ; Inapplicable ; Inapplicable ; Inapplicable ; Pass         ; Inapplicable ; Inapplicable ; Inapplicable ; Inapplicable ; Inapplicable ; Inapplicable ;
; VGA_BLANK_N        ; Pass      ; Inapplicable ; Pass      ; Inapplicable ; Inapplicable ; Pass      ; Pass      ; Inapplicable ; Pass      ; Pass      ; Inapplicable ; Pass         ; Inapplicable ; Inapplicable ; Inapplicable ; Inapplicable ; Pass         ; Inapplicable ; Inapplicable ; Inapplicable ; Inapplicable ; Pass         ; Inapplicable ; Inapplicable ; Inapplicable ; Inapplicable ; Inapplicable ; Inapplicable ;
; VGA_SYNC_N         ; Pass      ; Inapplicable ; Pass      ; Inapplicable ; Inapplicable ; Pass      ; Pass      ; Inapplicable ; Pass      ; Pass      ; Inapplicable ; Pass         ; Inapplicable ; Inapplicable ; Inapplicable ; Inapplicable ; Pass         ; Inapplicable ; Inapplicable ; Inapplicable ; Inapplicable ; Pass         ; Inapplicable ; Inapplicable ; Inapplicable ; Inapplicable ; Inapplicable ; Inapplicable ;
; VGA_R[0]           ; Pass      ; Inapplicable ; Pass      ; Inapplicable ; Inapplicable ; Pass      ; Pass      ; Inapplicable ; Pass      ; Pass      ; Inapplicable ; Pass         ; Inapplicable ; Inapplicable ; Inapplicable ; Inapplicable ; Pass         ; Inapplicable ; Inapplicable ; Inapplicable ; Inapplicable ; Pass         ; Inapplicable ; Inapplicable ; Inapplicable ; Inapplicable ; Inapplicable ; Inapplicable ;
; VGA_R[1]           ; Pass      ; Inapplicable ; Pass      ; Inapplicable ; Inapplicable ; Pass      ; Pass      ; Inapplicable ; Pass      ; Pass      ; Inapplicable ; Pass         ; Inapplicable ; Inapplicable ; Inapplicable ; Inapplicable ; Pass         ; Inapplicable ; Inapplicable ; Inapplicable ; Inapplicable ; Pass         ; Inapplicable ; Inapplicable ; Inapplicable ; Inapplicable ; Inapplicable ; Inapplicable ;
; VGA_R[2]           ; Pass      ; Inapplicable ; Pass      ; Inapplicable ; Inapplicable ; Pass      ; Pass      ; Inapplicable ; Pass      ; Pass      ; Inapplicable ; Pass         ; Inapplicable ; Inapplicable ; Inapplicable ; Inapplicable ; Pass         ; Inapplicable ; Inapplicable ; Inapplicable ; Inapplicable ; Pass         ; Inapplicable ; Inapplicable ; Inapplicable ; Inapplicable ; Inapplicable ; Inapplicable ;
; VGA_R[3]           ; Pass      ; Inapplicable ; Pass      ; Inapplicable ; Inapplicable ; Pass      ; Pass      ; Inapplicable ; Pass      ; Pass      ; Inapplicable ; Pass         ; Inapplicable ; Inapplicable ; Inapplicable ; Inapplicable ; Pass         ; Inapplicable ; Inapplicable ; Inapplicable ; Inapplicable ; Pass         ; Inapplicable ; Inapplicable ; Inapplicable ; Inapplicable ; Inapplicable ; Inapplicable ;
; VGA_R[4]           ; Pass      ; Inapplicable ; Pass      ; Inapplicable ; Inapplicable ; Pass      ; Pass      ; Inapplicable ; Pass      ; Pass      ; Inapplicable ; Pass         ; Inapplicable ; Inapplicable ; Inapplicable ; Inapplicable ; Pass         ; Inapplicable ; Inapplicable ; Inapplicable ; Inapplicable ; Pass         ; Inapplicable ; Inapplicable ; Inapplicable ; Inapplicable ; Inapplicable ; Inapplicable ;
; VGA_R[5]           ; Pass      ; Inapplicable ; Pass      ; Inapplicable ; Inapplicable ; Pass      ; Pass      ; Inapplicable ; Pass      ; Pass      ; Inapplicable ; Pass         ; Inapplicable ; Inapplicable ; Inapplicable ; Inapplicable ; Pass         ; Inapplicable ; Inapplicable ; Inapplicable ; Inapplicable ; Pass         ; Inapplicable ; Inapplicable ; Inapplicable ; Inapplicable ; Inapplicable ; Inapplicable ;
; VGA_R[6]           ; Pass      ; Inapplicable ; Pass      ; Inapplicable ; Inapplicable ; Pass      ; Pass      ; Inapplicable ; Pass      ; Pass      ; Inapplicable ; Pass         ; Inapplicable ; Inapplicable ; Inapplicable ; Inapplicable ; Pass         ; Inapplicable ; Inapplicable ; Inapplicable ; Inapplicable ; Pass         ; Inapplicable ; Inapplicable ; Inapplicable ; Inapplicable ; Inapplicable ; Inapplicable ;
; VGA_R[7]           ; Pass      ; Inapplicable ; Pass      ; Inapplicable ; Inapplicable ; Pass      ; Pass      ; Inapplicable ; Pass      ; Pass      ; Inapplicable ; Pass         ; Inapplicable ; Inapplicable ; Inapplicable ; Inapplicable ; Pass         ; Inapplicable ; Inapplicable ; Inapplicable ; Inapplicable ; Pass         ; Inapplicable ; Inapplicable ; Inapplicable ; Inapplicable ; Inapplicable ; Inapplicable ;
; VGA_G[0]           ; Pass      ; Inapplicable ; Pass      ; Inapplicable ; Inapplicable ; Pass      ; Pass      ; Inapplicable ; Pass      ; Pass      ; Inapplicable ; Pass         ; Inapplicable ; Inapplicable ; Inapplicable ; Inapplicable ; Pass         ; Inapplicable ; Inapplicable ; Inapplicable ; Inapplicable ; Pass         ; Inapplicable ; Inapplicable ; Inapplicable ; Inapplicable ; Inapplicable ; Inapplicable ;
; VGA_G[1]           ; Pass      ; Inapplicable ; Pass      ; Inapplicable ; Inapplicable ; Pass      ; Pass      ; Inapplicable ; Pass      ; Pass      ; Inapplicable ; Pass         ; Inapplicable ; Inapplicable ; Inapplicable ; Inapplicable ; Pass         ; Inapplicable ; Inapplicable ; Inapplicable ; Inapplicable ; Pass         ; Inapplicable ; Inapplicable ; Inapplicable ; Inapplicable ; Inapplicable ; Inapplicable ;
; VGA_G[2]           ; Pass      ; Inapplicable ; Pass      ; Inapplicable ; Inapplicable ; Pass      ; Pass      ; Inapplicable ; Pass      ; Pass      ; Inapplicable ; Pass         ; Inapplicable ; Inapplicable ; Inapplicable ; Inapplicable ; Pass         ; Inapplicable ; Inapplicable ; Inapplicable ; Inapplicable ; Pass         ; Inapplicable ; Inapplicable ; Inapplicable ; Inapplicable ; Inapplicable ; Inapplicable ;
; VGA_G[3]           ; Pass      ; Inapplicable ; Pass      ; Inapplicable ; Inapplicable ; Pass      ; Pass      ; Inapplicable ; Pass      ; Pass      ; Inapplicable ; Pass         ; Inapplicable ; Inapplicable ; Inapplicable ; Inapplicable ; Pass         ; Inapplicable ; Inapplicable ; Inapplicable ; Inapplicable ; Pass         ; Inapplicable ; Inapplicable ; Inapplicable ; Inapplicable ; Inapplicable ; Inapplicable ;
; VGA_G[4]           ; Pass      ; Inapplicable ; Pass      ; Inapplicable ; Inapplicable ; Pass      ; Pass      ; Inapplicable ; Pass      ; Pass      ; Inapplicable ; Pass         ; Inapplicable ; Inapplicable ; Inapplicable ; Inapplicable ; Pass         ; Inapplicable ; Inapplicable ; Inapplicable ; Inapplicable ; Pass         ; Inapplicable ; Inapplicable ; Inapplicable ; Inapplicable ; Inapplicable ; Inapplicable ;
; VGA_G[5]           ; Pass      ; Inapplicable ; Pass      ; Inapplicable ; Inapplicable ; Pass      ; Pass      ; Inapplicable ; Pass      ; Pass      ; Inapplicable ; Pass         ; Inapplicable ; Inapplicable ; Inapplicable ; Inapplicable ; Pass         ; Inapplicable ; Inapplicable ; Inapplicable ; Inapplicable ; Pass         ; Inapplicable ; Inapplicable ; Inapplicable ; Inapplicable ; Inapplicable ; Inapplicable ;
; VGA_G[6]           ; Pass      ; Inapplicable ; Pass      ; Inapplicable ; Inapplicable ; Pass      ; Pass      ; Inapplicable ; Pass      ; Pass      ; Inapplicable ; Pass         ; Inapplicable ; Inapplicable ; Inapplicable ; Inapplicable ; Pass         ; Inapplicable ; Inapplicable ; Inapplicable ; Inapplicable ; Pass         ; Inapplicable ; Inapplicable ; Inapplicable ; Inapplicable ; Inapplicable ; Inapplicable ;
; VGA_G[7]           ; Pass      ; Inapplicable ; Pass      ; Inapplicable ; Inapplicable ; Pass      ; Pass      ; Inapplicable ; Pass      ; Pass      ; Inapplicable ; Pass         ; Inapplicable ; Inapplicable ; Inapplicable ; Inapplicable ; Pass         ; Inapplicable ; Inapplicable ; Inapplicable ; Inapplicable ; Pass         ; Inapplicable ; Inapplicable ; Inapplicable ; Inapplicable ; Inapplicable ; Inapplicable ;
; VGA_B[0]           ; Pass      ; Inapplicable ; Pass      ; Inapplicable ; Inapplicable ; Pass      ; Pass      ; Inapplicable ; Pass      ; Pass      ; Inapplicable ; Pass         ; Inapplicable ; Inapplicable ; Inapplicable ; Inapplicable ; Pass         ; Inapplicable ; Inapplicable ; Inapplicable ; Inapplicable ; Pass         ; Inapplicable ; Inapplicable ; Inapplicable ; Inapplicable ; Inapplicable ; Inapplicable ;
; VGA_B[1]           ; Pass      ; Inapplicable ; Pass      ; Inapplicable ; Inapplicable ; Pass      ; Pass      ; Inapplicable ; Pass      ; Pass      ; Inapplicable ; Pass         ; Inapplicable ; Inapplicable ; Inapplicable ; Inapplicable ; Pass         ; Inapplicable ; Inapplicable ; Inapplicable ; Inapplicable ; Pass         ; Inapplicable ; Inapplicable ; Inapplicable ; Inapplicable ; Inapplicable ; Inapplicable ;
; VGA_B[2]           ; Pass      ; Inapplicable ; Pass      ; Inapplicable ; Inapplicable ; Pass      ; Pass      ; Inapplicable ; Pass      ; Pass      ; Inapplicable ; Pass         ; Inapplicable ; Inapplicable ; Inapplicable ; Inapplicable ; Pass         ; Inapplicable ; Inapplicable ; Inapplicable ; Inapplicable ; Pass         ; Inapplicable ; Inapplicable ; Inapplicable ; Inapplicable ; Inapplicable ; Inapplicable ;
; VGA_B[3]           ; Pass      ; Inapplicable ; Pass      ; Inapplicable ; Inapplicable ; Pass      ; Pass      ; Inapplicable ; Pass      ; Pass      ; Inapplicable ; Pass         ; Inapplicable ; Inapplicable ; Inapplicable ; Inapplicable ; Pass         ; Inapplicable ; Inapplicable ; Inapplicable ; Inapplicable ; Pass         ; Inapplicable ; Inapplicable ; Inapplicable ; Inapplicable ; Inapplicable ; Inapplicable ;
; VGA_B[4]           ; Pass      ; Inapplicable ; Pass      ; Inapplicable ; Inapplicable ; Pass      ; Pass      ; Inapplicable ; Pass      ; Pass      ; Inapplicable ; Pass         ; Inapplicable ; Inapplicable ; Inapplicable ; Inapplicable ; Pass         ; Inapplicable ; Inapplicable ; Inapplicable ; Inapplicable ; Pass         ; Inapplicable ; Inapplicable ; Inapplicable ; Inapplicable ; Inapplicable ; Inapplicable ;
; VGA_B[5]           ; Pass      ; Inapplicable ; Pass      ; Inapplicable ; Inapplicable ; Pass      ; Pass      ; Inapplicable ; Pass      ; Pass      ; Inapplicable ; Pass         ; Inapplicable ; Inapplicable ; Inapplicable ; Inapplicable ; Pass         ; Inapplicable ; Inapplicable ; Inapplicable ; Inapplicable ; Pass         ; Inapplicable ; Inapplicable ; Inapplicable ; Inapplicable ; Inapplicable ; Inapplicable ;
; VGA_B[6]           ; Pass      ; Inapplicable ; Pass      ; Inapplicable ; Inapplicable ; Pass      ; Pass      ; Inapplicable ; Pass      ; Pass      ; Inapplicable ; Pass         ; Inapplicable ; Inapplicable ; Inapplicable ; Inapplicable ; Pass         ; Inapplicable ; Inapplicable ; Inapplicable ; Inapplicable ; Pass         ; Inapplicable ; Inapplicable ; Inapplicable ; Inapplicable ; Inapplicable ; Inapplicable ;
; VGA_B[7]           ; Pass      ; Inapplicable ; Pass      ; Inapplicable ; Inapplicable ; Pass      ; Pass      ; Inapplicable ; Pass      ; Pass      ; Inapplicable ; Pass         ; Inapplicable ; Inapplicable ; Inapplicable ; Inapplicable ; Pass         ; Inapplicable ; Inapplicable ; Inapplicable ; Inapplicable ; Pass         ; Inapplicable ; Inapplicable ; Inapplicable ; Inapplicable ; Inapplicable ; Inapplicable ;
; KEY[0]             ; Pass      ; Inapplicable ; Pass      ; Inapplicable ; Inapplicable ; Pass      ; Pass      ; Inapplicable ; Pass      ; Pass      ; Inapplicable ; Inapplicable ; Inapplicable ; Inapplicable ; Inapplicable ; Inapplicable ; Inapplicable ; Inapplicable ; Inapplicable ; Inapplicable ; Inapplicable ; Inapplicable ; Inapplicable ; Inapplicable ; Inapplicable ; Inapplicable ; Inapplicable ; Inapplicable ;
; CLOCK_50           ; Pass      ; Inapplicable ; Pass      ; Inapplicable ; Inapplicable ; Pass      ; Pass      ; Inapplicable ; Pass      ; Pass      ; Inapplicable ; Inapplicable ; Inapplicable ; Inapplicable ; Inapplicable ; Inapplicable ; Inapplicable ; Inapplicable ; Inapplicable ; Inapplicable ; Inapplicable ; Inapplicable ; Inapplicable ; Inapplicable ; Inapplicable ; Inapplicable ; Inapplicable ; Inapplicable ;
; KEY[1]             ; Pass      ; Inapplicable ; Pass      ; Inapplicable ; Inapplicable ; Pass      ; Pass      ; Inapplicable ; Pass      ; Pass      ; Inapplicable ; Inapplicable ; Inapplicable ; Inapplicable ; Inapplicable ; Inapplicable ; Inapplicable ; Inapplicable ; Inapplicable ; Inapplicable ; Inapplicable ; Inapplicable ; Inapplicable ; Inapplicable ; Inapplicable ; Inapplicable ; Inapplicable ; Inapplicable ;
+--------------------+-----------+--------------+-----------+--------------+--------------+-----------+-----------+--------------+-----------+-----------+--------------+--------------+--------------+--------------+--------------+--------------+--------------+--------------+--------------+--------------+--------------+--------------+--------------+--------------+--------------+--------------+--------------+--------------+


+------------------------------------------------------------------------------------------------+
; Fitter Device Options                                                                          ;
+------------------------------------------------------------------+-----------------------------+
; Option                                                           ; Setting                     ;
+------------------------------------------------------------------+-----------------------------+
; Enable user-supplied start-up clock (CLKUSR)                     ; Off                         ;
; Enable device-wide reset (DEV_CLRn)                              ; Off                         ;
; Enable device-wide output enable (DEV_OE)                        ; Off                         ;
; Enable INIT_DONE output                                          ; Off                         ;
; Configuration scheme                                             ; Passive Serial              ;
; Enable Error Detection CRC_ERROR pin                             ; Off                         ;
; Enable CvP_CONFDONE pin                                          ; Off                         ;
; Enable open drain on CRC_ERROR pin                               ; On                          ;
; Enable open drain on CvP_CONFDONE pin                            ; On                          ;
; Enable open drain on INIT_DONE pin                               ; On                          ;
; Enable open drain on Partial Reconfiguration pins                ; Off                         ;
; Enable open drain on nCEO pin                                    ; On                          ;
; Enable Partial Reconfiguration pins                              ; Off                         ;
; Enable input tri-state on active configuration pins in user mode ; Off                         ;
; Enable internal scrubbing                                        ; Off                         ;
; Active Serial clock source                                       ; 100 MHz Internal Oscillator ;
; Device initialization clock source                               ; Internal Oscillator         ;
; Configuration via Protocol                                       ; Off                         ;
; Configuration Voltage Level                                      ; Auto                        ;
; Force Configuration Voltage Level                                ; Off                         ;
; Enable nCEO output                                               ; Off                         ;
; Data[15..8]                                                      ; Unreserved                  ;
; Data[7..5]                                                       ; Unreserved                  ;
; Base pin-out file on sameframe device                            ; Off                         ;
+------------------------------------------------------------------+-----------------------------+


+------------------------------------+
; Operating Settings and Conditions  ;
+---------------------------+--------+
; Setting                   ; Value  ;
+---------------------------+--------+
; Nominal Core Voltage      ; 1.10 V ;
; Low Junction Temperature  ; 0 °C   ;
; High Junction Temperature ; 85 °C  ;
+---------------------------+--------+


+------------------------------------------------------------+
; Estimated Delay Added for Hold Timing Summary              ;
+-----------------+----------------------+-------------------+
; Source Clock(s) ; Destination Clock(s) ; Delay Added in ns ;
+-----------------+----------------------+-------------------+
; pixel_clock     ; pixel_clock          ; 73.1              ;
; CLOCK_50,I/O    ; CLOCK_50             ; 2.7               ;
; CLOCK_50        ; CLOCK_50             ; 2.7               ;
; pixel_clock,I/O ; pixel_clock          ; 1.7               ;
+-----------------+----------------------+-------------------+
Note: For more information on problematic transfers, consider running the Fitter again with the Optimize hold timing option (Settings Menu) turned off.
This will disable optimization of problematic paths and expose them for further analysis using the Timing Analyzer.


+--------------------------------------------------------------------------------------------------------------------+
; Estimated Delay Added for Hold Timing Details                                                                      ;
+------------------------------+-----------------------------------------------------------------+-------------------+
; Source Register              ; Destination Register                                            ; Delay Added in ns ;
+------------------------------+-----------------------------------------------------------------+-------------------+
; pixel_clock                  ; pixel_clock                                                     ; 5.378             ;
; KEY[0]                       ; pixel_clock                                                     ; 2.689             ;
; state.STATE_WAIT_PRESS       ; patch_mode                                                      ; 0.845             ;
; patch_y[2]                   ; patch_y[1]                                                      ; 0.809             ;
; patch_y[0]                   ; patch_y[1]                                                      ; 0.790             ;
; state.STATE_WAIT_RELEASE     ; state.STATE_WAIT_PRESS                                          ; 0.775             ;
; patch_y[1]                   ; patch_y[2]                                                      ; 0.772             ;
; patch_x[0]                   ; background_engine:background|tilemap_memory:tilemap|memory~6488 ; 0.633             ;
; patch_x[1]                   ; background_engine:background|tilemap_memory:tilemap|memory~6488 ; 0.596             ;
; patch_x[2]                   ; background_engine:background|tilemap_memory:tilemap|memory~5144 ; 0.547             ;
; release_counter[17]          ; state.STATE_WAIT_PRESS                                          ; 0.543             ;
; release_counter[2]           ; state.STATE_WAIT_PRESS                                          ; 0.538             ;
; release_counter[3]           ; state.STATE_WAIT_PRESS                                          ; 0.536             ;
; release_counter[10]          ; state.STATE_WAIT_PRESS                                          ; 0.516             ;
; patch_mode                   ; background_engine:background|tilemap_memory:tilemap|memory~2730 ; 0.503             ;
; release_counter[7]           ; release_counter[16]                                             ; 0.500             ;
; release_counter[15]          ; release_counter[16]                                             ; 0.487             ;
; release_counter[1]           ; release_counter[16]                                             ; 0.486             ;
; release_counter[9]           ; release_counter[16]                                             ; 0.485             ;
; release_counter[8]           ; state.STATE_WAIT_PRESS                                          ; 0.482             ;
; release_counter[12]          ; release_counter[16]                                             ; 0.481             ;
; release_counter[5]           ; release_counter[16]                                             ; 0.480             ;
; release_counter[13]          ; release_counter[16]                                             ; 0.478             ;
; release_counter[6]           ; release_counter[16]                                             ; 0.473             ;
; release_counter[16]          ; release_counter[16]                                             ; 0.472             ;
; release_counter[0]           ; release_counter[16]                                             ; 0.459             ;
; state.STATE_WRITE            ; background_engine:background|tilemap_memory:tilemap|memory~5930 ; 0.457             ;
; release_counter[11]          ; state.STATE_WAIT_PRESS                                          ; 0.404             ;
; vga_timing:timing|h_count[8] ; vga_timing:timing|v_count[4]                                    ; 0.346             ;
; vga_timing:timing|h_count[6] ; vga_timing:timing|v_count[4]                                    ; 0.346             ;
; vga_timing:timing|h_count[5] ; vga_timing:timing|v_count[4]                                    ; 0.346             ;
; vga_timing:timing|h_count[4] ; vga_timing:timing|v_count[4]                                    ; 0.346             ;
; vga_timing:timing|h_count[3] ; vga_timing:timing|v_count[4]                                    ; 0.346             ;
; vga_timing:timing|h_count[2] ; vga_timing:timing|v_count[4]                                    ; 0.346             ;
; vga_timing:timing|h_count[1] ; vga_timing:timing|v_count[4]                                    ; 0.346             ;
; vga_timing:timing|h_count[7] ; vga_timing:timing|v_count[4]                                    ; 0.346             ;
; vga_timing:timing|h_count[0] ; vga_timing:timing|v_count[4]                                    ; 0.346             ;
; vga_timing:timing|h_count[9] ; vga_timing:timing|v_count[4]                                    ; 0.346             ;
; vga_timing:timing|v_count[8] ; vga_timing:timing|v_count[4]                                    ; 0.344             ;
; vga_timing:timing|v_count[7] ; vga_timing:timing|v_count[4]                                    ; 0.344             ;
; vga_timing:timing|v_count[6] ; vga_timing:timing|v_count[4]                                    ; 0.344             ;
; vga_timing:timing|v_count[5] ; vga_timing:timing|v_count[4]                                    ; 0.344             ;
; vga_timing:timing|v_count[9] ; vga_timing:timing|v_count[4]                                    ; 0.344             ;
; vga_timing:timing|v_count[3] ; vga_timing:timing|v_count[4]                                    ; 0.344             ;
; vga_timing:timing|v_count[1] ; vga_timing:timing|v_count[4]                                    ; 0.344             ;
; vga_timing:timing|v_count[0] ; vga_timing:timing|v_count[4]                                    ; 0.344             ;
; vga_timing:timing|v_count[2] ; vga_timing:timing|v_count[4]                                    ; 0.344             ;
; vga_timing:timing|v_count[4] ; vga_timing:timing|v_count[4]                                    ; 0.344             ;
; release_counter[14]          ; state.STATE_WAIT_PRESS                                          ; 0.315             ;
; release_counter[4]           ; state.STATE_WAIT_PRESS                                          ; 0.310             ;
+------------------------------+-----------------------------------------------------------------+-------------------+
Note: This table only shows the top 50 path(s) that have the largest delay added for hold.


+-----------------+
; Fitter Messages ;
+-----------------+
Warning (18236): Number of processors has not been specified which may cause overloading on shared machines.  Set the global assignment NUM_PARALLEL_PROCESSORS in your QSF to an appropriate value for best performance.
Info (20030): Parallel compilation is enabled and will use 8 of the 8 processors detected
Info (119006): Selected device 5CSEMA5F31C6 for design "top_de1_soc"
Info (21077): Low junction temperature is 0 degrees C
Info (21077): High junction temperature is 85 degrees C
Info (171003): Fitter is performing an Auto Fit compilation, which may decrease Fitter effort to reduce compilation time
Warning (292013): Feature LogicLock is only available with a valid subscription license. You can purchase a software subscription to gain full access to this feature.
Warning (15714): Some pins have incomplete I/O assignments. Refer to the I/O Assignment Warnings report for details
Info (184020): Starting Fitter periphery placement operations
Info (11191): Automatically promoted 1 clock (1 global)
    Info (11162): pixel_clock~CLKENA0 with 3959 fanout uses global clock CLKCTRL_G3
        Info (12525): This signal is driven by core routing -- it may be moved during placement to reduce routing delays
Info (184021): Fitter periphery placement operations ending: elapsed time is 00:00:00
Info (176233): Starting register packing
Info (176235): Finished register packing
    Extra Info (176219): No registers were packed into other blocks
Info (11798): Fitter preparation operations ending: elapsed time is 00:00:06
Critical Warning (332012): Synopsys Design Constraints File file not found: 'top_de1_soc.sdc'. A Synopsys Design Constraints File is required by the Timing Analyzer to get proper timing constraints. Without it, the Compiler will not properly optimize the design.
Info (332144): No user constrained base clocks found in the design
Info (332143): No user constrained clock uncertainty found in the design. Calling "derive_clock_uncertainty"
Info (332123): Deriving Clock Uncertainty. Please refer to report_sdc in the Timing Analyzer to see clock uncertainties.
Info (332130): Timing requirements not specified -- quality metrics such as performance may be sacrificed to reduce compilation time.
Info (170189): Fitter placement preparation operations beginning
Info (14951): The Fitter is using Advanced Physical Optimization.
Info (170190): Fitter placement preparation operations ending: elapsed time is 00:02:00
Info (170191): Fitter placement operations beginning
Info (170137): Fitter placement was successful
Info (170192): Fitter placement operations ending: elapsed time is 00:00:05
Info (170193): Fitter routing operations beginning
Info (170195): Router estimated average interconnect usage is 2% of the available device resources
    Info (170196): Router estimated peak interconnect usage is 27% of the available device resources in the region that extends from location X22_Y58 to location X32_Y69
Info (170199): The Fitter performed an Auto Fit compilation.  Optimizations were skipped to reduce compilation time.
    Info (170201): Optimizations that may affect the design's routability were skipped
Info (170194): Fitter routing operations ending: elapsed time is 00:00:22
Info (11888): Total time spent on timing analysis during the Fitter is 3.81 seconds.
Info (334003): Started post-fitting delay annotation
Info (334004): Delay annotation completed successfully
Info (334003): Started post-fitting delay annotation
Info (334004): Delay annotation completed successfully
Info (11801): Fitter post-fit operations ending: elapsed time is 00:00:08
Info (144001): Generated suppressed messages file C:/Users/User/Desktop/Programas/PBL SD 26.2/PBL-SD-26.2/pbl_gpuv2_restored/output_files/top_de1_soc.fit.smsg
Info: Quartus Prime Fitter was successful. 0 errors, 4 warnings
    Info: Peak virtual memory: 6944 megabytes
    Info: Processing ended: Tue Sep  1 01:08:09 2026
    Info: Elapsed time: 00:04:34
    Info: Total CPU time (on all processors): 00:18:11


+----------------------------+
; Fitter Suppressed Messages ;
+----------------------------+
The suppressed messages can be found in C:/Users/User/Desktop/Programas/PBL SD 26.2/PBL-SD-26.2/pbl_gpuv2_restored/output_files/top_de1_soc.fit.smsg.


